2026-10-05 00:29:46,878	INFO worker.py:1836 -- Connecting to existing Ray cluster at address: 192.168.64.2:41223...
2026-10-05 00:29:47,044	INFO worker.py:2024 -- Connected to Ray cluster. View the dashboard at [1m[32mhttp://192.168.64.2:8265 [39m[22m
2026-10-05 00:29:48,800	INFO streaming_executor.py:214 -- Starting execution of Dataset dataset_034aE98Wc35TWkQa5fTzbi_0. Full logs are in /home/sidhartha/raytmp/session/session_2026-10-05_00-15-22_988159_56253/logs/ray-data
2026-10-05 00:29:48,801	INFO streaming_executor.py:215 -- Execution plan of Dataset dataset_034aE98Wc35TWkQa5fTzbi_0: InputDataBuffer[Input] -> TaskPoolMapOperator[ListFiles] -> TaskPoolMapOperator[ReadFilesParquetV2->MapBatches(remove_required_nulls)->MapBatches(remove_duplicates)->MapBatches(filter_invalid_trips)->MapBatches(add_timestamp_features)->MapBatches(join_location_lookup)->MapBatches(add_average_speed)->Project] -> TaskPoolMapOperator[Write]
2026-10-05 00:29:48,806	INFO __init__.py:56 -- Progress will be logged because stdout is a non-interactive terminal.
2026-10-05 00:29:48,807	WARNING utils.py:33 -- Truncating long operator name to 100 characters. To disable this behavior, set `ray.data.DataContext.get_current().DEFAULT_ENABLE_PROGRESS_BAR_NAME_TRUNCATION = False`.
2026-10-05 00:29:48,924	INFO logging_progress.py:174 -- ======= Running Dataset: dataset_034aE98Wc35TWkQa5fTzbi_0 =======
2026-10-05 00:29:48,924	INFO logging_progress.py:225 -- Total Progress: 0/?
2026-10-05 00:29:48,926	INFO logging_progress.py:227 -- Active & requested resources: 0/0 CPU, 0.0B/0.0B object store
2026-10-05 00:29:48,926	INFO logging_progress.py:181 -- 
2026-10-05 00:29:48,926	INFO logging_progress.py:231 -- ListFiles: 0/1
2026-10-05 00:29:48,926	INFO logging_progress.py:233 --   Tasks: 1; Actors: 0; Queued blocks: 0 (0.0B); Resources: 1.0 CPU, 0.0B object store
2026-10-05 00:29:48,927	INFO logging_progress.py:231 -- ReadFilesParquetV2->MapBatches(remove_required_nulls)->MapBatches(remove_duplicates)->...->Project: 0/1
2026-10-05 00:29:48,927	INFO logging_progress.py:233 --   Tasks: 0 [backpressured:tasks(ResourceBudget)]; Actors: 0; Queued blocks: 0 (0.0B); Resources: 0.0 CPU, 0.0B object store
2026-10-05 00:29:48,927	INFO logging_progress.py:231 -- Write: 0/1
2026-10-05 00:29:48,927	INFO logging_progress.py:233 --   Tasks: 0 [backpressured:tasks(ResourceBudget)]; Actors: 0; Queued blocks: 0 (0.0B); Resources: 0.0 CPU, 0.0B object store
2026-10-05 00:29:48,927	INFO logging_progress.py:192 -- =================================================================
2026-10-05 00:29:58,957	INFO logging_progress.py:174 -- ======= Running Dataset: dataset_034aE98Wc35TWkQa5fTzbi_0 =======
2026-10-05 00:29:58,974	INFO logging_progress.py:225 -- Total Progress: 0/?
2026-10-05 00:29:58,980	INFO logging_progress.py:227 -- Active & requested resources: 1/2 CPU, 59.0B/120.0MiB object store
2026-10-05 00:29:58,980	INFO logging_progress.py:181 -- 
2026-10-05 00:29:58,980	INFO logging_progress.py:231 -- ListFiles: 1/1
2026-10-05 00:29:58,980	INFO logging_progress.py:233 --   Tasks: 0; Actors: 0; Queued blocks: 0 (0.0B); Resources: 0.0 CPU, 59.0B object store
2026-10-05 00:29:58,980	INFO logging_progress.py:231 -- ReadFilesParquetV2->MapBatches(remove_required_nulls)->MapBatches(remove_duplicates)->...->Project: 0/1
2026-10-05 00:29:58,980	INFO logging_progress.py:233 --   Tasks: 1 [backpressured:tasks(ResourceBudget)]; Actors: 0; Queued blocks: 0 (0.0B); Resources: 1.0 CPU, 0.0B object store
2026-10-05 00:29:58,980	INFO logging_progress.py:231 -- Write: 0/1
2026-10-05 00:29:58,980	INFO logging_progress.py:233 --   Tasks: 0; Actors: 0; Queued blocks: 0 (0.0B); Resources: 0.0 CPU, 0.0B object store
2026-10-05 00:29:58,980	INFO logging_progress.py:192 -- =================================================================
2026-10-05 00:30:08,996	INFO logging_progress.py:174 -- ======= Running Dataset: dataset_034aE98Wc35TWkQa5fTzbi_0 =======
2026-10-05 00:30:08,997	INFO logging_progress.py:225 -- Total Progress: 0/?
2026-10-05 00:30:08,998	INFO logging_progress.py:227 -- Active & requested resources: 1/2 CPU, 59.0B/120.0MiB object store
2026-10-05 00:30:08,998	INFO logging_progress.py:181 -- 
2026-10-05 00:30:08,998	INFO logging_progress.py:231 -- ListFiles: 1/1
2026-10-05 00:30:08,998	INFO logging_progress.py:233 --   Tasks: 0; Actors: 0; Queued blocks: 0 (0.0B); Resources: 0.0 CPU, 59.0B object store
2026-10-05 00:30:08,998	INFO logging_progress.py:231 -- ReadFilesParquetV2->MapBatches(remove_required_nulls)->MapBatches(remove_duplicates)->...->Project: 0/1
2026-10-05 00:30:08,998	INFO logging_progress.py:233 --   Tasks: 1 [backpressured:tasks(ResourceBudget)]; Actors: 0; Queued blocks: 0 (0.0B); Resources: 1.0 CPU, 0.0B object store
2026-10-05 00:30:08,998	INFO logging_progress.py:231 -- Write: 0/1
2026-10-05 00:30:08,998	INFO logging_progress.py:233 --   Tasks: 0; Actors: 0; Queued blocks: 0 (0.0B); Resources: 0.0 CPU, 0.0B object store
2026-10-05 00:30:08,998	INFO logging_progress.py:192 -- =================================================================
2026-10-05 00:30:19,078	INFO logging_progress.py:174 -- ======= Running Dataset: dataset_034aE98Wc35TWkQa5fTzbi_0 =======
2026-10-05 00:30:19,078	INFO logging_progress.py:225 -- Total Progress: 0/?
2026-10-05 00:30:19,079	INFO logging_progress.py:227 -- Active & requested resources: 1/2 CPU, 59.0B/120.0MiB object store
2026-10-05 00:30:19,079	INFO logging_progress.py:181 -- 
2026-10-05 00:30:19,079	INFO logging_progress.py:231 -- ListFiles: 1/1
2026-10-05 00:30:19,079	INFO logging_progress.py:233 --   Tasks: 0; Actors: 0; Queued blocks: 0 (0.0B); Resources: 0.0 CPU, 59.0B object store
2026-10-05 00:30:19,079	INFO logging_progress.py:231 -- ReadFilesParquetV2->MapBatches(remove_required_nulls)->MapBatches(remove_duplicates)->...->Project: 0/1
2026-10-05 00:30:19,079	INFO logging_progress.py:233 --   Tasks: 1 [backpressured:tasks(ResourceBudget)]; Actors: 0; Queued blocks: 0 (0.0B); Resources: 1.0 CPU, 0.0B object store
2026-10-05 00:30:19,079	INFO logging_progress.py:231 -- Write: 0/1
2026-10-05 00:30:19,080	INFO logging_progress.py:233 --   Tasks: 0; Actors: 0; Queued blocks: 0 (0.0B); Resources: 0.0 CPU, 0.0B object store
2026-10-05 00:30:19,080	INFO logging_progress.py:192 -- =================================================================
2026-10-05 00:30:32,631	INFO logging_progress.py:174 -- ======= Running Dataset: dataset_034aE98Wc35TWkQa5fTzbi_0 =======
2026-10-05 00:30:32,632	INFO logging_progress.py:225 -- Total Progress: 0/?
2026-10-05 00:30:32,632	INFO logging_progress.py:227 -- Active & requested resources: 1/2 CPU, 59.0B/120.0MiB object store
2026-10-05 00:30:32,632	INFO logging_progress.py:181 -- 
2026-10-05 00:30:32,632	INFO logging_progress.py:231 -- ListFiles: 1/1
2026-10-05 00:30:32,632	INFO logging_progress.py:233 --   Tasks: 0; Actors: 0; Queued blocks: 0 (0.0B); Resources: 0.0 CPU, 59.0B object store
2026-10-05 00:30:32,632	INFO logging_progress.py:231 -- ReadFilesParquetV2->MapBatches(remove_required_nulls)->MapBatches(remove_duplicates)->...->Project: 0/1
2026-10-05 00:30:32,633	INFO logging_progress.py:233 --   Tasks: 1 [backpressured:tasks(ResourceBudget)]; Actors: 0; Queued blocks: 0 (0.0B); Resources: 1.0 CPU, 0.0B object store
2026-10-05 00:30:32,633	INFO logging_progress.py:231 -- Write: 0/1
2026-10-05 00:30:32,633	INFO logging_progress.py:233 --   Tasks: 0; Actors: 0; Queued blocks: 0 (0.0B); Resources: 0.0 CPU, 0.0B object store
2026-10-05 00:30:32,633	INFO logging_progress.py:192 -- =================================================================
2026-10-05 00:30:42,731	INFO logging_progress.py:174 -- ======= Running Dataset: dataset_034aE98Wc35TWkQa5fTzbi_0 =======
2026-10-05 00:30:42,733	INFO logging_progress.py:225 -- Total Progress: 0/?
2026-10-05 00:30:42,733	INFO logging_progress.py:227 -- Active & requested resources: 1/2 CPU, 59.0B/120.0MiB object store
2026-10-05 00:30:42,733	INFO logging_progress.py:181 -- 
2026-10-05 00:30:42,733	INFO logging_progress.py:231 -- ListFiles: 1/1
2026-10-05 00:30:42,733	INFO logging_progress.py:233 --   Tasks: 0; Actors: 0; Queued blocks: 0 (0.0B); Resources: 0.0 CPU, 59.0B object store
2026-10-05 00:30:42,733	INFO logging_progress.py:231 -- ReadFilesParquetV2->MapBatches(remove_required_nulls)->MapBatches(remove_duplicates)->...->Project: 0/1
2026-10-05 00:30:42,734	INFO logging_progress.py:233 --   Tasks: 1 [backpressured:tasks(ResourceBudget)]; Actors: 0; Queued blocks: 0 (0.0B); Resources: 1.0 CPU, 0.0B object store
2026-10-05 00:30:42,735	INFO logging_progress.py:231 -- Write: 0/1
2026-10-05 00:30:42,735	INFO logging_progress.py:233 --   Tasks: 0; Actors: 0; Queued blocks: 0 (0.0B); Resources: 0.0 CPU, 0.0B object store
2026-10-05 00:30:42,735	INFO logging_progress.py:192 -- =================================================================
2026-10-05 00:30:53,229	INFO logging_progress.py:174 -- ======= Running Dataset: dataset_034aE98Wc35TWkQa5fTzbi_0 =======
2026-10-05 00:30:53,265	INFO logging_progress.py:225 -- Total Progress: 0/?
2026-10-05 00:30:53,265	INFO logging_progress.py:227 -- Active & requested resources: 2/2 CPU, 1.9GiB/120.0MiB object store
2026-10-05 00:30:53,265	INFO logging_progress.py:181 -- 
2026-10-05 00:30:53,266	INFO logging_progress.py:231 -- ListFiles: 1/1
2026-10-05 00:30:53,266	INFO logging_progress.py:233 --   Tasks: 0; Actors: 0; Queued blocks: 0 (0.0B); Resources: 0.0 CPU, 59.0B object store
2026-10-05 00:30:53,270	INFO logging_progress.py:231 -- ReadFilesParquetV2->MapBatches(remove_required_nulls)->MapBatches(remove_duplicates)->...->Project: 2872501/1
2026-10-05 00:30:53,273	INFO logging_progress.py:233 --   Tasks: 1 [backpressured:tasks(ResourceBudget),outputs(ResourceBudget)]; Actors: 0; Queued blocks: 0 (0.0B); Resources: 1.0 CPU, 1.9GiB object store
2026-10-05 00:30:53,273	INFO logging_progress.py:231 -- Write: 0/1
2026-10-05 00:30:53,274	INFO logging_progress.py:233 --   Tasks: 1 [backpressured:tasks(ResourceBudget)]; Actors: 0; Queued blocks: 0 (0.0B); Resources: 1.0 CPU, 0.0B object store
2026-10-05 00:30:53,274	INFO logging_progress.py:192 -- =================================================================
/home/sidhartha/miniconda/envs/spark-ray-a3/lib/python3.11/site-packages/ray/data/_internal/execution/operators/task_pool_map_operator.py:273: UserWarning: The maximum number of concurrent tasks for 'Write' is set to 2, but the operator only received 1 input(s). This means that the operator can launch at most 1 task(s), which is less than the concurrency limit. You might be able to increase the number of concurrent tasks by configuring `override_num_blocks` earlier in the pipeline.
  warnings.warn(
2026-10-05 00:31:02,244	INFO streaming_executor.py:365 -- ✔️  Dataset dataset_034aE98Wc35TWkQa5fTzbi_0 execution finished in 73.44 seconds
2026-10-05 00:31:02,919	INFO dataset.py:6680 -- Data sink Parquet finished. 2872501 rows and 639.3MiB data written.
2026-10-05 00:31:03,059	INFO streaming_executor.py:214 -- Starting execution of Dataset dataset_034aEB1ibWNJdvlXN5ddPf_0. Full logs are in /home/sidhartha/raytmp/session/session_2026-10-05_00-15-22_988159_56253/logs/ray-data
2026-10-05 00:31:03,059	INFO streaming_executor.py:215 -- Execution plan of Dataset dataset_034aEB1ibWNJdvlXN5ddPf_0: InputDataBuffer[Input] -> TaskPoolMapOperator[ListFiles] -> TaskPoolMapOperator[ReadFilesParquetV2->MapBatches(remove_required_nulls)->MapBatches(remove_duplicates)->MapBatches(filter_invalid_trips)->MapBatches(add_timestamp_features)->MapBatches(join_location_lookup)->MapBatches(add_average_speed)->Project] -> TaskPoolMapOperator[Write]
2026-10-05 00:31:03,119	INFO logging_progress.py:174 -- ======= Running Dataset: dataset_034aEB1ibWNJdvlXN5ddPf_0 =======
2026-10-05 00:31:03,119	INFO logging_progress.py:225 -- Total Progress: 0/?
2026-10-05 00:31:03,119	INFO logging_progress.py:227 -- Active & requested resources: 0/0 CPU, 0.0B/0.0B object store
2026-10-05 00:31:03,119	INFO logging_progress.py:181 -- 
2026-10-05 00:31:03,119	INFO logging_progress.py:231 -- ListFiles: 0/1
2026-10-05 00:31:03,119	INFO logging_progress.py:233 --   Tasks: 1; Actors: 0; Queued blocks: 0 (0.0B); Resources: 1.0 CPU, 0.0B object store
2026-10-05 00:31:03,120	INFO logging_progress.py:231 -- ReadFilesParquetV2->MapBatches(remove_required_nulls)->MapBatches(remove_duplicates)->...->Project: 0/1
2026-10-05 00:31:03,120	INFO logging_progress.py:233 --   Tasks: 0 [backpressured:tasks(ResourceBudget)]; Actors: 0; Queued blocks: 0 (0.0B); Resources: 0.0 CPU, 0.0B object store
2026-10-05 00:31:03,120	INFO logging_progress.py:231 -- Write: 0/1
2026-10-05 00:31:03,120	INFO logging_progress.py:233 --   Tasks: 0 [backpressured:tasks(ResourceBudget)]; Actors: 0; Queued blocks: 0 (0.0B); Resources: 0.0 CPU, 0.0B object store
2026-10-05 00:31:03,120	INFO logging_progress.py:192 -- =================================================================
2026-10-05 00:31:13,127	INFO logging_progress.py:174 -- ======= Running Dataset: dataset_034aEB1ibWNJdvlXN5ddPf_0 =======
2026-10-05 00:31:13,127	INFO logging_progress.py:225 -- Total Progress: 0/?
2026-10-05 00:31:13,127	INFO logging_progress.py:227 -- Active & requested resources: 1/2 CPU, 59.0B/120.0MiB object store
2026-10-05 00:31:13,127	INFO logging_progress.py:181 -- 
2026-10-05 00:31:13,127	INFO logging_progress.py:231 -- ListFiles: 1/1
2026-10-05 00:31:13,127	INFO logging_progress.py:233 --   Tasks: 0; Actors: 0; Queued blocks: 0 (0.0B); Resources: 0.0 CPU, 59.0B object store
2026-10-05 00:31:13,127	INFO logging_progress.py:231 -- ReadFilesParquetV2->MapBatches(remove_required_nulls)->MapBatches(remove_duplicates)->...->Project: 0/1
2026-10-05 00:31:13,128	INFO logging_progress.py:233 --   Tasks: 1 [backpressured:tasks(ResourceBudget)]; Actors: 0; Queued blocks: 0 (0.0B); Resources: 1.0 CPU, 0.0B object store
2026-10-05 00:31:13,128	INFO logging_progress.py:231 -- Write: 0/1
2026-10-05 00:31:13,128	INFO logging_progress.py:233 --   Tasks: 0; Actors: 0; Queued blocks: 0 (0.0B); Resources: 0.0 CPU, 0.0B object store
2026-10-05 00:31:13,128	INFO logging_progress.py:192 -- =================================================================
2026-10-05 00:31:23,245	INFO logging_progress.py:174 -- ======= Running Dataset: dataset_034aEB1ibWNJdvlXN5ddPf_0 =======
2026-10-05 00:31:23,248	INFO logging_progress.py:225 -- Total Progress: 0/?
2026-10-05 00:31:23,261	INFO logging_progress.py:227 -- Active & requested resources: 1/2 CPU, 59.0B/120.0MiB object store
2026-10-05 00:31:23,262	INFO logging_progress.py:181 -- 
2026-10-05 00:31:23,262	INFO logging_progress.py:231 -- ListFiles: 1/1
2026-10-05 00:31:23,279	INFO logging_progress.py:233 --   Tasks: 0; Actors: 0; Queued blocks: 0 (0.0B); Resources: 0.0 CPU, 59.0B object store
2026-10-05 00:31:23,331	INFO logging_progress.py:231 -- ReadFilesParquetV2->MapBatches(remove_required_nulls)->MapBatches(remove_duplicates)->...->Project: 0/1
2026-10-05 00:31:23,469	INFO logging_progress.py:233 --   Tasks: 1 [backpressured:tasks(ResourceBudget)]; Actors: 0; Queued blocks: 0 (0.0B); Resources: 1.0 CPU, 0.0B object store
2026-10-05 00:31:23,475	INFO logging_progress.py:231 -- Write: 0/1
2026-10-05 00:31:23,475	INFO logging_progress.py:233 --   Tasks: 0; Actors: 0; Queued blocks: 0 (0.0B); Resources: 0.0 CPU, 0.0B object store
2026-10-05 00:31:23,475	INFO logging_progress.py:192 -- =================================================================
2026-10-05 00:31:33,264	INFO logging_progress.py:174 -- ======= Running Dataset: dataset_034aEB1ibWNJdvlXN5ddPf_0 =======
2026-10-05 00:31:33,268	INFO logging_progress.py:225 -- Total Progress: 0/?
2026-10-05 00:31:33,268	INFO logging_progress.py:227 -- Active & requested resources: 1/2 CPU, 59.0B/120.0MiB object store
2026-10-05 00:31:33,268	INFO logging_progress.py:181 -- 
2026-10-05 00:31:33,268	INFO logging_progress.py:231 -- ListFiles: 1/1
2026-10-05 00:31:33,268	INFO logging_progress.py:233 --   Tasks: 0; Actors: 0; Queued blocks: 0 (0.0B); Resources: 0.0 CPU, 59.0B object store
2026-10-05 00:31:33,268	INFO logging_progress.py:231 -- ReadFilesParquetV2->MapBatches(remove_required_nulls)->MapBatches(remove_duplicates)->...->Project: 0/1
2026-10-05 00:31:33,268	INFO logging_progress.py:233 --   Tasks: 1 [backpressured:tasks(ResourceBudget)]; Actors: 0; Queued blocks: 0 (0.0B); Resources: 1.0 CPU, 0.0B object store
2026-10-05 00:31:33,268	INFO logging_progress.py:231 -- Write: 0/1
2026-10-05 00:31:33,269	INFO logging_progress.py:233 --   Tasks: 0; Actors: 0; Queued blocks: 0 (0.0B); Resources: 0.0 CPU, 0.0B object store
2026-10-05 00:31:33,269	INFO logging_progress.py:192 -- =================================================================
2026-10-05 00:31:54,165	INFO logging_progress.py:174 -- ======= Running Dataset: dataset_034aEB1ibWNJdvlXN5ddPf_0 =======
2026-10-05 00:31:54,166	INFO logging_progress.py:225 -- Total Progress: 0/?
2026-10-05 00:31:54,175	INFO logging_progress.py:227 -- Active & requested resources: 1/2 CPU, 59.0B/120.0MiB object store
2026-10-05 00:31:54,175	INFO logging_progress.py:181 -- 
2026-10-05 00:31:54,175	INFO logging_progress.py:231 -- ListFiles: 1/1
2026-10-05 00:31:54,175	INFO logging_progress.py:233 --   Tasks: 0; Actors: 0; Queued blocks: 0 (0.0B); Resources: 0.0 CPU, 59.0B object store
2026-10-05 00:31:54,175	INFO logging_progress.py:231 -- ReadFilesParquetV2->MapBatches(remove_required_nulls)->MapBatches(remove_duplicates)->...->Project: 0/1
2026-10-05 00:31:54,175	INFO logging_progress.py:233 --   Tasks: 1 [backpressured:tasks(ResourceBudget)]; Actors: 0; Queued blocks: 0 (0.0B); Resources: 1.0 CPU, 0.0B object store
2026-10-05 00:31:54,175	INFO logging_progress.py:231 -- Write: 0/1
2026-10-05 00:31:54,175	INFO logging_progress.py:233 --   Tasks: 0; Actors: 0; Queued blocks: 0 (0.0B); Resources: 0.0 CPU, 0.0B object store
2026-10-05 00:31:54,175	INFO logging_progress.py:192 -- =================================================================
2026-10-05 00:32:04,213	INFO logging_progress.py:174 -- ======= Running Dataset: dataset_034aEB1ibWNJdvlXN5ddPf_0 =======
2026-10-05 00:32:04,214	INFO logging_progress.py:225 -- Total Progress: 0/?
2026-10-05 00:32:04,255	INFO logging_progress.py:227 -- Active & requested resources: 1/2 CPU, 59.0B/120.0MiB object store
2026-10-05 00:32:04,255	INFO logging_progress.py:181 -- 
2026-10-05 00:32:04,256	INFO logging_progress.py:231 -- ListFiles: 1/1
2026-10-05 00:32:04,256	INFO logging_progress.py:233 --   Tasks: 0; Actors: 0; Queued blocks: 0 (0.0B); Resources: 0.0 CPU, 59.0B object store
2026-10-05 00:32:04,257	INFO logging_progress.py:231 -- ReadFilesParquetV2->MapBatches(remove_required_nulls)->MapBatches(remove_duplicates)->...->Project: 0/1
2026-10-05 00:32:04,257	INFO logging_progress.py:233 --   Tasks: 1 [backpressured:tasks(ResourceBudget)]; Actors: 0; Queued blocks: 0 (0.0B); Resources: 1.0 CPU, 0.0B object store
2026-10-05 00:32:04,263	INFO logging_progress.py:231 -- Write: 0/1
2026-10-05 00:32:04,270	INFO logging_progress.py:233 --   Tasks: 0; Actors: 0; Queued blocks: 0 (0.0B); Resources: 0.0 CPU, 0.0B object store
2026-10-05 00:32:04,270	INFO logging_progress.py:192 -- =================================================================
[36m(raylet)[0m Spilled 2522 MiB, 11 objects, write throughput 88 MiB/s. Set RAY_verbose_spill_logs=0 to disable this message.
2026-10-05 00:32:16,907	INFO logging_progress.py:174 -- ======= Running Dataset: dataset_034aEB1ibWNJdvlXN5ddPf_0 =======
2026-10-05 00:32:16,907	INFO logging_progress.py:225 -- Total Progress: 0/?
2026-10-05 00:32:16,907	INFO logging_progress.py:227 -- Active & requested resources: 1/2 CPU, 59.0B/120.0MiB object store
2026-10-05 00:32:16,907	INFO logging_progress.py:181 -- 
2026-10-05 00:32:16,907	INFO logging_progress.py:231 -- ListFiles: 1/1
2026-10-05 00:32:16,908	INFO logging_progress.py:233 --   Tasks: 0; Actors: 0; Queued blocks: 0 (0.0B); Resources: 0.0 CPU, 59.0B object store
2026-10-05 00:32:16,908	INFO logging_progress.py:231 -- ReadFilesParquetV2->MapBatches(remove_required_nulls)->MapBatches(remove_duplicates)->...->Project: 0/1
2026-10-05 00:32:16,908	INFO logging_progress.py:233 --   Tasks: 1 [backpressured:tasks(ResourceBudget)]; Actors: 0; Queued blocks: 0 (0.0B); Resources: 1.0 CPU, 0.0B object store
2026-10-05 00:32:16,908	INFO logging_progress.py:231 -- Write: 0/1
2026-10-05 00:32:16,908	INFO logging_progress.py:233 --   Tasks: 0; Actors: 0; Queued blocks: 0 (0.0B); Resources: 0.0 CPU, 0.0B object store
2026-10-05 00:32:16,908	INFO logging_progress.py:192 -- =================================================================
/home/sidhartha/miniconda/envs/spark-ray-a3/lib/python3.11/site-packages/ray/data/_internal/execution/operators/task_pool_map_operator.py:273: UserWarning: The maximum number of concurrent tasks for 'Write' is set to 2, but the operator only received 1 input(s). This means that the operator can launch at most 1 task(s), which is less than the concurrency limit. You might be able to increase the number of concurrent tasks by configuring `override_num_blocks` earlier in the pipeline.
  warnings.warn(
2026-10-05 00:32:22,716	INFO streaming_executor.py:365 -- ✔️  Dataset dataset_034aEB1ibWNJdvlXN5ddPf_0 execution finished in 79.66 seconds
2026-10-05 00:32:22,926	INFO dataset.py:6680 -- Data sink Parquet finished. 3354789 rows and 746.2MiB data written.
2026-10-05 00:32:23,019	INFO streaming_executor.py:214 -- Starting execution of Dataset dataset_034aED3TNF8Vl7Vm02IDOJ_0. Full logs are in /home/sidhartha/raytmp/session/session_2026-10-05_00-15-22_988159_56253/logs/ray-data
2026-10-05 00:32:23,019	INFO streaming_executor.py:215 -- Execution plan of Dataset dataset_034aED3TNF8Vl7Vm02IDOJ_0: InputDataBuffer[Input] -> TaskPoolMapOperator[ListFiles] -> TaskPoolMapOperator[ReadFilesParquetV2->MapBatches(remove_required_nulls)->MapBatches(remove_duplicates)->MapBatches(filter_invalid_trips)->MapBatches(add_timestamp_features)->MapBatches(join_location_lookup)->MapBatches(add_average_speed)->Project] -> TaskPoolMapOperator[Write]
2026-10-05 00:32:23,060	INFO logging_progress.py:174 -- ======= Running Dataset: dataset_034aED3TNF8Vl7Vm02IDOJ_0 =======
2026-10-05 00:32:23,060	INFO logging_progress.py:225 -- Total Progress: 0/?
2026-10-05 00:32:23,061	INFO logging_progress.py:227 -- Active & requested resources: 0/0 CPU, 0.0B/0.0B object store
2026-10-05 00:32:23,061	INFO logging_progress.py:181 -- 
2026-10-05 00:32:23,061	INFO logging_progress.py:231 -- ListFiles: 0/1
2026-10-05 00:32:23,061	INFO logging_progress.py:233 --   Tasks: 1; Actors: 0; Queued blocks: 0 (0.0B); Resources: 1.0 CPU, 0.0B object store
2026-10-05 00:32:23,061	INFO logging_progress.py:231 -- ReadFilesParquetV2->MapBatches(remove_required_nulls)->MapBatches(remove_duplicates)->...->Project: 0/1
2026-10-05 00:32:23,061	INFO logging_progress.py:233 --   Tasks: 0 [backpressured:tasks(ResourceBudget)]; Actors: 0; Queued blocks: 0 (0.0B); Resources: 0.0 CPU, 0.0B object store
2026-10-05 00:32:23,061	INFO logging_progress.py:231 -- Write: 0/1
2026-10-05 00:32:23,061	INFO logging_progress.py:233 --   Tasks: 0 [backpressured:tasks(ResourceBudget)]; Actors: 0; Queued blocks: 0 (0.0B); Resources: 0.0 CPU, 0.0B object store
2026-10-05 00:32:23,061	INFO logging_progress.py:192 -- =================================================================
2026-10-05 00:32:33,074	INFO logging_progress.py:174 -- ======= Running Dataset: dataset_034aED3TNF8Vl7Vm02IDOJ_0 =======
2026-10-05 00:32:33,075	INFO logging_progress.py:225 -- Total Progress: 0/?
2026-10-05 00:32:33,075	INFO logging_progress.py:227 -- Active & requested resources: 1/2 CPU, 59.0B/120.0MiB object store
2026-10-05 00:32:33,075	INFO logging_progress.py:181 -- 
2026-10-05 00:32:33,075	INFO logging_progress.py:231 -- ListFiles: 1/1
2026-10-05 00:32:33,075	INFO logging_progress.py:233 --   Tasks: 0; Actors: 0; Queued blocks: 0 (0.0B); Resources: 0.0 CPU, 59.0B object store
2026-10-05 00:32:33,075	INFO logging_progress.py:231 -- ReadFilesParquetV2->MapBatches(remove_required_nulls)->MapBatches(remove_duplicates)->...->Project: 0/1
2026-10-05 00:32:33,075	INFO logging_progress.py:233 --   Tasks: 1 [backpressured:tasks(ResourceBudget)]; Actors: 0; Queued blocks: 0 (0.0B); Resources: 1.0 CPU, 0.0B object store
2026-10-05 00:32:33,075	INFO logging_progress.py:231 -- Write: 0/1
2026-10-05 00:32:33,075	INFO logging_progress.py:233 --   Tasks: 0; Actors: 0; Queued blocks: 0 (0.0B); Resources: 0.0 CPU, 0.0B object store
2026-10-05 00:32:33,075	INFO logging_progress.py:192 -- =================================================================
2026-10-05 00:32:43,161	INFO logging_progress.py:174 -- ======= Running Dataset: dataset_034aED3TNF8Vl7Vm02IDOJ_0 =======
2026-10-05 00:32:43,163	INFO logging_progress.py:225 -- Total Progress: 0/?
2026-10-05 00:32:43,164	INFO logging_progress.py:227 -- Active & requested resources: 1/2 CPU, 59.0B/120.0MiB object store
2026-10-05 00:32:43,164	INFO logging_progress.py:181 -- 
2026-10-05 00:32:43,164	INFO logging_progress.py:231 -- ListFiles: 1/1
2026-10-05 00:32:43,164	INFO logging_progress.py:233 --   Tasks: 0; Actors: 0; Queued blocks: 0 (0.0B); Resources: 0.0 CPU, 59.0B object store
2026-10-05 00:32:43,164	INFO logging_progress.py:231 -- ReadFilesParquetV2->MapBatches(remove_required_nulls)->MapBatches(remove_duplicates)->...->Project: 0/1
2026-10-05 00:32:43,164	INFO logging_progress.py:233 --   Tasks: 1 [backpressured:tasks(ResourceBudget)]; Actors: 0; Queued blocks: 0 (0.0B); Resources: 1.0 CPU, 0.0B object store
2026-10-05 00:32:43,164	INFO logging_progress.py:231 -- Write: 0/1
2026-10-05 00:32:43,164	INFO logging_progress.py:233 --   Tasks: 0; Actors: 0; Queued blocks: 0 (0.0B); Resources: 0.0 CPU, 0.0B object store
2026-10-05 00:32:43,164	INFO logging_progress.py:192 -- =================================================================
2026-10-05 00:33:00,046	INFO logging_progress.py:174 -- ======= Running Dataset: dataset_034aED3TNF8Vl7Vm02IDOJ_0 =======
2026-10-05 00:33:00,051	INFO logging_progress.py:225 -- Total Progress: 0/?
2026-10-05 00:33:00,051	INFO logging_progress.py:227 -- Active & requested resources: 1/2 CPU, 59.0B/120.0MiB object store
2026-10-05 00:33:00,051	INFO logging_progress.py:181 -- 
2026-10-05 00:33:00,051	INFO logging_progress.py:231 -- ListFiles: 1/1
2026-10-05 00:33:00,051	INFO logging_progress.py:233 --   Tasks: 0; Actors: 0; Queued blocks: 0 (0.0B); Resources: 0.0 CPU, 59.0B object store
2026-10-05 00:33:00,051	INFO logging_progress.py:231 -- ReadFilesParquetV2->MapBatches(remove_required_nulls)->MapBatches(remove_duplicates)->...->Project: 0/1
2026-10-05 00:33:00,051	INFO logging_progress.py:233 --   Tasks: 1 [backpressured:tasks(ResourceBudget)]; Actors: 0; Queued blocks: 0 (0.0B); Resources: 1.0 CPU, 0.0B object store
2026-10-05 00:33:00,051	INFO logging_progress.py:231 -- Write: 0/1
2026-10-05 00:33:00,051	INFO logging_progress.py:233 --   Tasks: 0; Actors: 0; Queued blocks: 0 (0.0B); Resources: 0.0 CPU, 0.0B object store
2026-10-05 00:33:00,051	INFO logging_progress.py:192 -- =================================================================
2026-10-05 00:33:10,143	INFO logging_progress.py:174 -- ======= Running Dataset: dataset_034aED3TNF8Vl7Vm02IDOJ_0 =======
2026-10-05 00:33:10,147	INFO logging_progress.py:225 -- Total Progress: 0/?
2026-10-05 00:33:10,148	INFO logging_progress.py:227 -- Active & requested resources: 1/2 CPU, 59.0B/120.0MiB object store
2026-10-05 00:33:10,148	INFO logging_progress.py:181 -- 
2026-10-05 00:33:10,148	INFO logging_progress.py:231 -- ListFiles: 1/1
2026-10-05 00:33:10,148	INFO logging_progress.py:233 --   Tasks: 0; Actors: 0; Queued blocks: 0 (0.0B); Resources: 0.0 CPU, 59.0B object store
2026-10-05 00:33:10,148	INFO logging_progress.py:231 -- ReadFilesParquetV2->MapBatches(remove_required_nulls)->MapBatches(remove_duplicates)->...->Project: 0/1
2026-10-05 00:33:10,148	INFO logging_progress.py:233 --   Tasks: 1 [backpressured:tasks(ResourceBudget)]; Actors: 0; Queued blocks: 0 (0.0B); Resources: 1.0 CPU, 0.0B object store
2026-10-05 00:33:10,155	INFO logging_progress.py:231 -- Write: 0/1
2026-10-05 00:33:10,155	INFO logging_progress.py:233 --   Tasks: 0; Actors: 0; Queued blocks: 0 (0.0B); Resources: 0.0 CPU, 0.0B object store
2026-10-05 00:33:10,164	INFO logging_progress.py:192 -- =================================================================
2026-10-05 00:33:20,164	INFO logging_progress.py:174 -- ======= Running Dataset: dataset_034aED3TNF8Vl7Vm02IDOJ_0 =======
2026-10-05 00:33:20,168	INFO logging_progress.py:225 -- Total Progress: 0/?
2026-10-05 00:33:20,168	INFO logging_progress.py:227 -- Active & requested resources: 1/2 CPU, 59.0B/120.0MiB object store
2026-10-05 00:33:20,168	INFO logging_progress.py:181 -- 
2026-10-05 00:33:20,169	INFO logging_progress.py:231 -- ListFiles: 1/1
2026-10-05 00:33:20,169	INFO logging_progress.py:233 --   Tasks: 0; Actors: 0; Queued blocks: 0 (0.0B); Resources: 0.0 CPU, 59.0B object store
2026-10-05 00:33:20,169	INFO logging_progress.py:231 -- ReadFilesParquetV2->MapBatches(remove_required_nulls)->MapBatches(remove_duplicates)->...->Project: 0/1
2026-10-05 00:33:20,169	INFO logging_progress.py:233 --   Tasks: 1 [backpressured:tasks(ResourceBudget)]; Actors: 0; Queued blocks: 0 (0.0B); Resources: 1.0 CPU, 0.0B object store
2026-10-05 00:33:20,170	INFO logging_progress.py:231 -- Write: 0/1
2026-10-05 00:33:20,177	INFO logging_progress.py:233 --   Tasks: 0; Actors: 0; Queued blocks: 0 (0.0B); Resources: 0.0 CPU, 0.0B object store
2026-10-05 00:33:20,184	INFO logging_progress.py:192 -- =================================================================
2026-10-05 00:33:33,813	INFO logging_progress.py:174 -- ======= Running Dataset: dataset_034aED3TNF8Vl7Vm02IDOJ_0 =======
2026-10-05 00:33:33,814	INFO logging_progress.py:225 -- Total Progress: 0/?
2026-10-05 00:33:33,814	INFO logging_progress.py:227 -- Active & requested resources: 1/2 CPU, 59.0B/120.0MiB object store
2026-10-05 00:33:33,814	INFO logging_progress.py:181 -- 
2026-10-05 00:33:33,814	INFO logging_progress.py:231 -- ListFiles: 1/1
2026-10-05 00:33:33,814	INFO logging_progress.py:233 --   Tasks: 0; Actors: 0; Queued blocks: 0 (0.0B); Resources: 0.0 CPU, 59.0B object store
2026-10-05 00:33:33,814	INFO logging_progress.py:231 -- ReadFilesParquetV2->MapBatches(remove_required_nulls)->MapBatches(remove_duplicates)->...->Project: 0/1
2026-10-05 00:33:33,814	INFO logging_progress.py:233 --   Tasks: 1 [backpressured:tasks(ResourceBudget)]; Actors: 0; Queued blocks: 0 (0.0B); Resources: 1.0 CPU, 0.0B object store
2026-10-05 00:33:33,815	INFO logging_progress.py:231 -- Write: 0/1
2026-10-05 00:33:33,815	INFO logging_progress.py:233 --   Tasks: 0; Actors: 0; Queued blocks: 0 (0.0B); Resources: 0.0 CPU, 0.0B object store
2026-10-05 00:33:33,815	INFO logging_progress.py:192 -- =================================================================
/home/sidhartha/miniconda/envs/spark-ray-a3/lib/python3.11/site-packages/ray/data/_internal/execution/operators/task_pool_map_operator.py:273: UserWarning: The maximum number of concurrent tasks for 'Write' is set to 2, but the operator only received 1 input(s). This means that the operator can launch at most 1 task(s), which is less than the concurrency limit. You might be able to increase the number of concurrent tasks by configuring `override_num_blocks` earlier in the pipeline.
  warnings.warn(
2026-10-05 00:33:41,052	INFO streaming_executor.py:365 -- ✔️  Dataset dataset_034aED3TNF8Vl7Vm02IDOJ_0 execution finished in 78.03 seconds
2026-10-05 00:33:41,473	INFO dataset.py:6680 -- Data sink Parquet finished. 3247840 rows and 722.2MiB data written.
2026-10-05 00:33:41,628	INFO streaming_executor.py:214 -- Starting execution of Dataset dataset_034aEF331X6aajk4V2JpR2_0. Full logs are in /home/sidhartha/raytmp/session/session_2026-10-05_00-15-22_988159_56253/logs/ray-data
2026-10-05 00:33:41,628	INFO streaming_executor.py:215 -- Execution plan of Dataset dataset_034aEF331X6aajk4V2JpR2_0: InputDataBuffer[Input] -> TaskPoolMapOperator[ListFiles] -> TaskPoolMapOperator[ReadFilesParquetV2->MapBatches(remove_required_nulls)->MapBatches(remove_duplicates)->MapBatches(filter_invalid_trips)->MapBatches(add_timestamp_features)->MapBatches(join_location_lookup)->MapBatches(add_average_speed)->Project] -> TaskPoolMapOperator[Write]
2026-10-05 00:33:41,692	INFO logging_progress.py:174 -- ======= Running Dataset: dataset_034aEF331X6aajk4V2JpR2_0 =======
2026-10-05 00:33:41,692	INFO logging_progress.py:225 -- Total Progress: 0/?
2026-10-05 00:33:41,692	INFO logging_progress.py:227 -- Active & requested resources: 0/0 CPU, 0.0B/0.0B object store
2026-10-05 00:33:41,692	INFO logging_progress.py:181 -- 
2026-10-05 00:33:41,693	INFO logging_progress.py:231 -- ListFiles: 0/1
2026-10-05 00:33:41,693	INFO logging_progress.py:233 --   Tasks: 1; Actors: 0; Queued blocks: 0 (0.0B); Resources: 1.0 CPU, 0.0B object store
2026-10-05 00:33:41,693	INFO logging_progress.py:231 -- ReadFilesParquetV2->MapBatches(remove_required_nulls)->MapBatches(remove_duplicates)->...->Project: 0/1
2026-10-05 00:33:41,693	INFO logging_progress.py:233 --   Tasks: 0 [backpressured:tasks(ResourceBudget)]; Actors: 0; Queued blocks: 0 (0.0B); Resources: 0.0 CPU, 0.0B object store
2026-10-05 00:33:41,693	INFO logging_progress.py:231 -- Write: 0/1
2026-10-05 00:33:41,693	INFO logging_progress.py:233 --   Tasks: 0 [backpressured:tasks(ResourceBudget)]; Actors: 0; Queued blocks: 0 (0.0B); Resources: 0.0 CPU, 0.0B object store
2026-10-05 00:33:41,693	INFO logging_progress.py:192 -- =================================================================
2026-10-05 00:33:51,726	INFO logging_progress.py:174 -- ======= Running Dataset: dataset_034aEF331X6aajk4V2JpR2_0 =======
2026-10-05 00:33:51,726	INFO logging_progress.py:225 -- Total Progress: 0/?
2026-10-05 00:33:51,726	INFO logging_progress.py:227 -- Active & requested resources: 1/2 CPU, 59.0B/120.0MiB object store
2026-10-05 00:33:51,726	INFO logging_progress.py:181 -- 
2026-10-05 00:33:51,726	INFO logging_progress.py:231 -- ListFiles: 1/1
2026-10-05 00:33:51,726	INFO logging_progress.py:233 --   Tasks: 0; Actors: 0; Queued blocks: 0 (0.0B); Resources: 0.0 CPU, 59.0B object store
2026-10-05 00:33:51,727	INFO logging_progress.py:231 -- ReadFilesParquetV2->MapBatches(remove_required_nulls)->MapBatches(remove_duplicates)->...->Project: 0/1
2026-10-05 00:33:51,727	INFO logging_progress.py:233 --   Tasks: 1 [backpressured:tasks(ResourceBudget)]; Actors: 0; Queued blocks: 0 (0.0B); Resources: 1.0 CPU, 0.0B object store
2026-10-05 00:33:51,727	INFO logging_progress.py:231 -- Write: 0/1
2026-10-05 00:33:51,727	INFO logging_progress.py:233 --   Tasks: 0; Actors: 0; Queued blocks: 0 (0.0B); Resources: 0.0 CPU, 0.0B object store
2026-10-05 00:33:51,727	INFO logging_progress.py:192 -- =================================================================
2026-10-05 00:34:01,730	INFO logging_progress.py:174 -- ======= Running Dataset: dataset_034aEF331X6aajk4V2JpR2_0 =======
2026-10-05 00:34:01,731	INFO logging_progress.py:225 -- Total Progress: 0/?
2026-10-05 00:34:01,731	INFO logging_progress.py:227 -- Active & requested resources: 1/2 CPU, 59.0B/120.0MiB object store
2026-10-05 00:34:01,731	INFO logging_progress.py:181 -- 
2026-10-05 00:34:01,731	INFO logging_progress.py:231 -- ListFiles: 1/1
2026-10-05 00:34:01,731	INFO logging_progress.py:233 --   Tasks: 0; Actors: 0; Queued blocks: 0 (0.0B); Resources: 0.0 CPU, 59.0B object store
2026-10-05 00:34:01,731	INFO logging_progress.py:231 -- ReadFilesParquetV2->MapBatches(remove_required_nulls)->MapBatches(remove_duplicates)->...->Project: 0/1
2026-10-05 00:34:01,731	INFO logging_progress.py:233 --   Tasks: 1 [backpressured:tasks(ResourceBudget)]; Actors: 0; Queued blocks: 0 (0.0B); Resources: 1.0 CPU, 0.0B object store
2026-10-05 00:34:01,731	INFO logging_progress.py:231 -- Write: 0/1
2026-10-05 00:34:01,731	INFO logging_progress.py:233 --   Tasks: 0; Actors: 0; Queued blocks: 0 (0.0B); Resources: 0.0 CPU, 0.0B object store
2026-10-05 00:34:01,732	INFO logging_progress.py:192 -- =================================================================
2026-10-05 00:34:11,781	INFO logging_progress.py:174 -- ======= Running Dataset: dataset_034aEF331X6aajk4V2JpR2_0 =======
2026-10-05 00:34:11,783	INFO logging_progress.py:225 -- Total Progress: 0/?
2026-10-05 00:34:11,783	INFO logging_progress.py:227 -- Active & requested resources: 1/2 CPU, 59.0B/120.0MiB object store
2026-10-05 00:34:11,783	INFO logging_progress.py:181 -- 
2026-10-05 00:34:11,783	INFO logging_progress.py:231 -- ListFiles: 1/1
2026-10-05 00:34:11,815	INFO logging_progress.py:233 --   Tasks: 0; Actors: 0; Queued blocks: 0 (0.0B); Resources: 0.0 CPU, 59.0B object store
2026-10-05 00:34:11,816	INFO logging_progress.py:231 -- ReadFilesParquetV2->MapBatches(remove_required_nulls)->MapBatches(remove_duplicates)->...->Project: 0/1
2026-10-05 00:34:11,816	INFO logging_progress.py:233 --   Tasks: 1 [backpressured:tasks(ResourceBudget)]; Actors: 0; Queued blocks: 0 (0.0B); Resources: 1.0 CPU, 0.0B object store
2026-10-05 00:34:11,817	INFO logging_progress.py:231 -- Write: 0/1
2026-10-05 00:34:11,817	INFO logging_progress.py:233 --   Tasks: 0; Actors: 0; Queued blocks: 0 (0.0B); Resources: 0.0 CPU, 0.0B object store
2026-10-05 00:34:11,817	INFO logging_progress.py:192 -- =================================================================
2026-10-05 00:34:25,695	INFO logging_progress.py:174 -- ======= Running Dataset: dataset_034aEF331X6aajk4V2JpR2_0 =======
2026-10-05 00:34:25,704	INFO logging_progress.py:225 -- Total Progress: 0/?
2026-10-05 00:34:25,704	INFO logging_progress.py:227 -- Active & requested resources: 1/2 CPU, 59.0B/120.0MiB object store
2026-10-05 00:34:25,704	INFO logging_progress.py:181 -- 
2026-10-05 00:34:25,704	INFO logging_progress.py:231 -- ListFiles: 1/1
2026-10-05 00:34:25,704	INFO logging_progress.py:233 --   Tasks: 0; Actors: 0; Queued blocks: 0 (0.0B); Resources: 0.0 CPU, 59.0B object store
2026-10-05 00:34:25,704	INFO logging_progress.py:231 -- ReadFilesParquetV2->MapBatches(remove_required_nulls)->MapBatches(remove_duplicates)->...->Project: 0/1
2026-10-05 00:34:25,704	INFO logging_progress.py:233 --   Tasks: 1 [backpressured:tasks(ResourceBudget)]; Actors: 0; Queued blocks: 0 (0.0B); Resources: 1.0 CPU, 0.0B object store
2026-10-05 00:34:25,705	INFO logging_progress.py:231 -- Write: 0/1
2026-10-05 00:34:25,705	INFO logging_progress.py:233 --   Tasks: 0; Actors: 0; Queued blocks: 0 (0.0B); Resources: 0.0 CPU, 0.0B object store
2026-10-05 00:34:25,705	INFO logging_progress.py:192 -- =================================================================
2026-10-05 00:34:35,957	INFO logging_progress.py:174 -- ======= Running Dataset: dataset_034aEF331X6aajk4V2JpR2_0 =======
2026-10-05 00:34:35,990	INFO logging_progress.py:225 -- Total Progress: 0/?
2026-10-05 00:34:35,990	INFO logging_progress.py:227 -- Active & requested resources: 1/2 CPU, 59.0B/120.0MiB object store
2026-10-05 00:34:35,990	INFO logging_progress.py:181 -- 
2026-10-05 00:34:35,990	INFO logging_progress.py:231 -- ListFiles: 1/1
2026-10-05 00:34:35,990	INFO logging_progress.py:233 --   Tasks: 0; Actors: 0; Queued blocks: 0 (0.0B); Resources: 0.0 CPU, 59.0B object store
2026-10-05 00:34:35,990	INFO logging_progress.py:231 -- ReadFilesParquetV2->MapBatches(remove_required_nulls)->MapBatches(remove_duplicates)->...->Project: 0/1
2026-10-05 00:34:35,990	INFO logging_progress.py:233 --   Tasks: 1 [backpressured:tasks(ResourceBudget)]; Actors: 0; Queued blocks: 0 (0.0B); Resources: 1.0 CPU, 0.0B object store
2026-10-05 00:34:35,990	INFO logging_progress.py:231 -- Write: 0/1
2026-10-05 00:34:35,991	INFO logging_progress.py:233 --   Tasks: 0; Actors: 0; Queued blocks: 0 (0.0B); Resources: 0.0 CPU, 0.0B object store
2026-10-05 00:34:35,991	INFO logging_progress.py:192 -- =================================================================
2026-10-05 00:34:53,092	INFO logging_progress.py:174 -- ======= Running Dataset: dataset_034aEF331X6aajk4V2JpR2_0 =======
2026-10-05 00:34:53,097	INFO logging_progress.py:225 -- Total Progress: 0/?
2026-10-05 00:34:53,098	INFO logging_progress.py:227 -- Active & requested resources: 1/2 CPU, 59.0B/120.0MiB object store
2026-10-05 00:34:53,098	INFO logging_progress.py:181 -- 
2026-10-05 00:34:53,098	INFO logging_progress.py:231 -- ListFiles: 1/1
2026-10-05 00:34:53,099	INFO logging_progress.py:233 --   Tasks: 0; Actors: 0; Queued blocks: 0 (0.0B); Resources: 0.0 CPU, 59.0B object store
2026-10-05 00:34:53,099	INFO logging_progress.py:231 -- ReadFilesParquetV2->MapBatches(remove_required_nulls)->MapBatches(remove_duplicates)->...->Project: 0/1
2026-10-05 00:34:53,099	INFO logging_progress.py:233 --   Tasks: 1 [backpressured:tasks(ResourceBudget)]; Actors: 0; Queued blocks: 0 (0.0B); Resources: 1.0 CPU, 0.0B object store
2026-10-05 00:34:53,099	INFO logging_progress.py:231 -- Write: 0/1
2026-10-05 00:34:53,099	INFO logging_progress.py:233 --   Tasks: 0; Actors: 0; Queued blocks: 0 (0.0B); Resources: 0.0 CPU, 0.0B object store
2026-10-05 00:34:53,099	INFO logging_progress.py:192 -- =================================================================
2026-10-05 00:35:03,205	INFO logging_progress.py:174 -- ======= Running Dataset: dataset_034aEF331X6aajk4V2JpR2_0 =======
2026-10-05 00:35:03,206	INFO logging_progress.py:225 -- Total Progress: 0/?
2026-10-05 00:35:03,206	INFO logging_progress.py:227 -- Active & requested resources: 2/2 CPU, 2.3GiB/120.0MiB object store
2026-10-05 00:35:03,206	INFO logging_progress.py:181 -- 
2026-10-05 00:35:03,206	INFO logging_progress.py:231 -- ListFiles: 1/1
2026-10-05 00:35:03,206	INFO logging_progress.py:233 --   Tasks: 0; Actors: 0; Queued blocks: 0 (0.0B); Resources: 0.0 CPU, 59.0B object store
2026-10-05 00:35:03,206	INFO logging_progress.py:231 -- ReadFilesParquetV2->MapBatches(remove_required_nulls)->MapBatches(remove_duplicates)->...->Project: 3466623/1
2026-10-05 00:35:03,206	INFO logging_progress.py:233 --   Tasks: 1 [backpressured:tasks(ResourceBudget),outputs(ResourceBudget)]; Actors: 0; Queued blocks: 0 (0.0B); Resources: 1.0 CPU, 2.3GiB object store
2026-10-05 00:35:03,206	INFO logging_progress.py:231 -- Write: 0/1
2026-10-05 00:35:03,206	INFO logging_progress.py:233 --   Tasks: 1 [backpressured:tasks(ResourceBudget)]; Actors: 0; Queued blocks: 0 (0.0B); Resources: 1.0 CPU, 0.0B object store
2026-10-05 00:35:03,207	INFO logging_progress.py:192 -- =================================================================
2026-10-05 00:35:13,298	INFO logging_progress.py:174 -- ======= Running Dataset: dataset_034aEF331X6aajk4V2JpR2_0 =======
2026-10-05 00:35:13,298	INFO logging_progress.py:225 -- Total Progress: 0/?
2026-10-05 00:35:13,299	INFO logging_progress.py:227 -- Active & requested resources: 2/2 CPU, 2.3GiB/120.0MiB object store
2026-10-05 00:35:13,299	INFO logging_progress.py:181 -- 
2026-10-05 00:35:13,299	INFO logging_progress.py:231 -- ListFiles: 1/1
2026-10-05 00:35:13,299	INFO logging_progress.py:233 --   Tasks: 0; Actors: 0; Queued blocks: 0 (0.0B); Resources: 0.0 CPU, 59.0B object store
2026-10-05 00:35:13,300	INFO logging_progress.py:231 -- ReadFilesParquetV2->MapBatches(remove_required_nulls)->MapBatches(remove_duplicates)->...->Project: 3466623/1
2026-10-05 00:35:13,300	INFO logging_progress.py:233 --   Tasks: 1 [backpressured:tasks(ResourceBudget),outputs(ResourceBudget)]; Actors: 0; Queued blocks: 0 (0.0B); Resources: 1.0 CPU, 2.3GiB object store
2026-10-05 00:35:13,300	INFO logging_progress.py:231 -- Write: 0/1
2026-10-05 00:35:13,300	INFO logging_progress.py:233 --   Tasks: 1 [backpressured:tasks(ResourceBudget)]; Actors: 0; Queued blocks: 0 (0.0B); Resources: 1.0 CPU, 0.0B object store
2026-10-05 00:35:13,300	INFO logging_progress.py:192 -- =================================================================
/home/sidhartha/miniconda/envs/spark-ray-a3/lib/python3.11/site-packages/ray/data/_internal/execution/operators/task_pool_map_operator.py:273: UserWarning: The maximum number of concurrent tasks for 'Write' is set to 2, but the operator only received 1 input(s). This means that the operator can launch at most 1 task(s), which is less than the concurrency limit. You might be able to increase the number of concurrent tasks by configuring `override_num_blocks` earlier in the pipeline.
  warnings.warn(
2026-10-05 00:35:14,101	INFO streaming_executor.py:365 -- ✔️  Dataset dataset_034aEF331X6aajk4V2JpR2_0 execution finished in 92.47 seconds
2026-10-05 00:35:14,344	INFO dataset.py:6680 -- Data sink Parquet finished. 3466623 rows and 771.1MiB data written.
2026-10-05 00:35:14,505	INFO streaming_executor.py:214 -- Starting execution of Dataset dataset_034aEHP4Kim89fXuzSlzMO_0. Full logs are in /home/sidhartha/raytmp/session/session_2026-10-05_00-15-22_988159_56253/logs/ray-data
2026-10-05 00:35:14,505	INFO streaming_executor.py:215 -- Execution plan of Dataset dataset_034aEHP4Kim89fXuzSlzMO_0: InputDataBuffer[Input] -> TaskPoolMapOperator[ListFiles] -> TaskPoolMapOperator[ReadFilesParquetV2->MapBatches(remove_required_nulls)->MapBatches(remove_duplicates)->MapBatches(filter_invalid_trips)->MapBatches(add_timestamp_features)->MapBatches(join_location_lookup)->MapBatches(add_average_speed)->Project] -> TaskPoolMapOperator[Write]
2026-10-05 00:35:14,556	INFO logging_progress.py:174 -- ======= Running Dataset: dataset_034aEHP4Kim89fXuzSlzMO_0 =======
2026-10-05 00:35:14,557	INFO logging_progress.py:225 -- Total Progress: 0/?
2026-10-05 00:35:14,557	INFO logging_progress.py:227 -- Active & requested resources: 0/0 CPU, 0.0B/0.0B object store
2026-10-05 00:35:14,557	INFO logging_progress.py:181 -- 
2026-10-05 00:35:14,557	INFO logging_progress.py:231 -- ListFiles: 0/1
2026-10-05 00:35:14,557	INFO logging_progress.py:233 --   Tasks: 1; Actors: 0; Queued blocks: 0 (0.0B); Resources: 1.0 CPU, 0.0B object store
2026-10-05 00:35:14,557	INFO logging_progress.py:231 -- ReadFilesParquetV2->MapBatches(remove_required_nulls)->MapBatches(remove_duplicates)->...->Project: 0/1
2026-10-05 00:35:14,557	INFO logging_progress.py:233 --   Tasks: 0 [backpressured:tasks(ResourceBudget)]; Actors: 0; Queued blocks: 0 (0.0B); Resources: 0.0 CPU, 0.0B object store
2026-10-05 00:35:14,557	INFO logging_progress.py:231 -- Write: 0/1
2026-10-05 00:35:14,557	INFO logging_progress.py:233 --   Tasks: 0 [backpressured:tasks(ResourceBudget)]; Actors: 0; Queued blocks: 0 (0.0B); Resources: 0.0 CPU, 0.0B object store
2026-10-05 00:35:14,557	INFO logging_progress.py:192 -- =================================================================
2026-10-05 00:35:24,613	INFO logging_progress.py:174 -- ======= Running Dataset: dataset_034aEHP4Kim89fXuzSlzMO_0 =======
2026-10-05 00:35:24,613	INFO logging_progress.py:225 -- Total Progress: 0/?
2026-10-05 00:35:24,614	INFO logging_progress.py:227 -- Active & requested resources: 1/2 CPU, 59.0B/120.0MiB object store
2026-10-05 00:35:24,614	INFO logging_progress.py:181 -- 
2026-10-05 00:35:24,614	INFO logging_progress.py:231 -- ListFiles: 1/1
2026-10-05 00:35:24,614	INFO logging_progress.py:233 --   Tasks: 0; Actors: 0; Queued blocks: 0 (0.0B); Resources: 0.0 CPU, 59.0B object store
2026-10-05 00:35:24,614	INFO logging_progress.py:231 -- ReadFilesParquetV2->MapBatches(remove_required_nulls)->MapBatches(remove_duplicates)->...->Project: 0/1
2026-10-05 00:35:24,614	INFO logging_progress.py:233 --   Tasks: 1 [backpressured:tasks(ResourceBudget)]; Actors: 0; Queued blocks: 0 (0.0B); Resources: 1.0 CPU, 0.0B object store
2026-10-05 00:35:24,614	INFO logging_progress.py:231 -- Write: 0/1
2026-10-05 00:35:24,614	INFO logging_progress.py:233 --   Tasks: 0; Actors: 0; Queued blocks: 0 (0.0B); Resources: 0.0 CPU, 0.0B object store
2026-10-05 00:35:24,614	INFO logging_progress.py:192 -- =================================================================
2026-10-05 00:35:34,673	INFO logging_progress.py:174 -- ======= Running Dataset: dataset_034aEHP4Kim89fXuzSlzMO_0 =======
2026-10-05 00:35:34,673	INFO logging_progress.py:225 -- Total Progress: 0/?
2026-10-05 00:35:34,673	INFO logging_progress.py:227 -- Active & requested resources: 1/2 CPU, 59.0B/120.0MiB object store
2026-10-05 00:35:34,674	INFO logging_progress.py:181 -- 
2026-10-05 00:35:34,674	INFO logging_progress.py:231 -- ListFiles: 1/1
2026-10-05 00:35:34,674	INFO logging_progress.py:233 --   Tasks: 0; Actors: 0; Queued blocks: 0 (0.0B); Resources: 0.0 CPU, 59.0B object store
2026-10-05 00:35:34,674	INFO logging_progress.py:231 -- ReadFilesParquetV2->MapBatches(remove_required_nulls)->MapBatches(remove_duplicates)->...->Project: 0/1
2026-10-05 00:35:34,674	INFO logging_progress.py:233 --   Tasks: 1 [backpressured:tasks(ResourceBudget)]; Actors: 0; Queued blocks: 0 (0.0B); Resources: 1.0 CPU, 0.0B object store
2026-10-05 00:35:34,674	INFO logging_progress.py:231 -- Write: 0/1
2026-10-05 00:35:34,674	INFO logging_progress.py:233 --   Tasks: 0; Actors: 0; Queued blocks: 0 (0.0B); Resources: 0.0 CPU, 0.0B object store
2026-10-05 00:35:34,675	INFO logging_progress.py:192 -- =================================================================
2026-10-05 00:35:53,612	INFO logging_progress.py:174 -- ======= Running Dataset: dataset_034aEHP4Kim89fXuzSlzMO_0 =======
2026-10-05 00:35:53,623	INFO logging_progress.py:225 -- Total Progress: 0/?
2026-10-05 00:35:53,624	INFO logging_progress.py:227 -- Active & requested resources: 1/2 CPU, 59.0B/120.0MiB object store
2026-10-05 00:35:53,624	INFO logging_progress.py:181 -- 
2026-10-05 00:35:53,624	INFO logging_progress.py:231 -- ListFiles: 1/1
2026-10-05 00:35:53,625	INFO logging_progress.py:233 --   Tasks: 0; Actors: 0; Queued blocks: 0 (0.0B); Resources: 0.0 CPU, 59.0B object store
2026-10-05 00:35:53,625	INFO logging_progress.py:231 -- ReadFilesParquetV2->MapBatches(remove_required_nulls)->MapBatches(remove_duplicates)->...->Project: 0/1
2026-10-05 00:35:53,625	INFO logging_progress.py:233 --   Tasks: 1 [backpressured:tasks(ResourceBudget)]; Actors: 0; Queued blocks: 0 (0.0B); Resources: 1.0 CPU, 0.0B object store
2026-10-05 00:35:53,625	INFO logging_progress.py:231 -- Write: 0/1
2026-10-05 00:35:53,625	INFO logging_progress.py:233 --   Tasks: 0; Actors: 0; Queued blocks: 0 (0.0B); Resources: 0.0 CPU, 0.0B object store
2026-10-05 00:35:53,625	INFO logging_progress.py:192 -- =================================================================
2026-10-05 00:36:03,671	INFO logging_progress.py:174 -- ======= Running Dataset: dataset_034aEHP4Kim89fXuzSlzMO_0 =======
2026-10-05 00:36:03,677	INFO logging_progress.py:225 -- Total Progress: 0/?
2026-10-05 00:36:03,679	INFO logging_progress.py:227 -- Active & requested resources: 1/2 CPU, 59.0B/120.0MiB object store
2026-10-05 00:36:03,680	INFO logging_progress.py:181 -- 
2026-10-05 00:36:03,685	INFO logging_progress.py:231 -- ListFiles: 1/1
2026-10-05 00:36:03,686	INFO logging_progress.py:233 --   Tasks: 0; Actors: 0; Queued blocks: 0 (0.0B); Resources: 0.0 CPU, 59.0B object store
2026-10-05 00:36:03,686	INFO logging_progress.py:231 -- ReadFilesParquetV2->MapBatches(remove_required_nulls)->MapBatches(remove_duplicates)->...->Project: 0/1
2026-10-05 00:36:03,690	INFO logging_progress.py:233 --   Tasks: 1 [backpressured:tasks(ResourceBudget)]; Actors: 0; Queued blocks: 0 (0.0B); Resources: 1.0 CPU, 0.0B object store
2026-10-05 00:36:03,690	INFO logging_progress.py:231 -- Write: 0/1
2026-10-05 00:36:03,691	INFO logging_progress.py:233 --   Tasks: 0; Actors: 0; Queued blocks: 0 (0.0B); Resources: 0.0 CPU, 0.0B object store
2026-10-05 00:36:03,691	INFO logging_progress.py:192 -- =================================================================
2026-10-05 00:36:13,859	INFO logging_progress.py:174 -- ======= Running Dataset: dataset_034aEHP4Kim89fXuzSlzMO_0 =======
2026-10-05 00:36:13,867	INFO logging_progress.py:225 -- Total Progress: 0/?
2026-10-05 00:36:13,869	INFO logging_progress.py:227 -- Active & requested resources: 1/2 CPU, 59.0B/120.0MiB object store
2026-10-05 00:36:13,912	INFO logging_progress.py:181 -- 
2026-10-05 00:36:13,912	INFO logging_progress.py:231 -- ListFiles: 1/1
2026-10-05 00:36:13,913	INFO logging_progress.py:233 --   Tasks: 0; Actors: 0; Queued blocks: 0 (0.0B); Resources: 0.0 CPU, 59.0B object store
2026-10-05 00:36:13,931	INFO logging_progress.py:231 -- ReadFilesParquetV2->MapBatches(remove_required_nulls)->MapBatches(remove_duplicates)->...->Project: 0/1
2026-10-05 00:36:13,931	INFO logging_progress.py:233 --   Tasks: 1 [backpressured:tasks(ResourceBudget)]; Actors: 0; Queued blocks: 0 (0.0B); Resources: 1.0 CPU, 0.0B object store
2026-10-05 00:36:13,931	INFO logging_progress.py:231 -- Write: 0/1
2026-10-05 00:36:13,932	INFO logging_progress.py:233 --   Tasks: 0; Actors: 0; Queued blocks: 0 (0.0B); Resources: 0.0 CPU, 0.0B object store
2026-10-05 00:36:13,932	INFO logging_progress.py:192 -- =================================================================
2026-10-05 00:36:24,765	INFO logging_progress.py:174 -- ======= Running Dataset: dataset_034aEHP4Kim89fXuzSlzMO_0 =======
2026-10-05 00:36:24,803	INFO logging_progress.py:225 -- Total Progress: 0/?
2026-10-05 00:36:24,803	INFO logging_progress.py:227 -- Active & requested resources: 2/2 CPU, 2.1GiB/120.0MiB object store
2026-10-05 00:36:24,803	INFO logging_progress.py:181 -- 
2026-10-05 00:36:24,804	INFO logging_progress.py:231 -- ListFiles: 1/1
2026-10-05 00:36:24,804	INFO logging_progress.py:233 --   Tasks: 0; Actors: 0; Queued blocks: 0 (0.0B); Resources: 0.0 CPU, 59.0B object store
2026-10-05 00:36:24,804	INFO logging_progress.py:231 -- ReadFilesParquetV2->MapBatches(remove_required_nulls)->MapBatches(remove_duplicates)->...->Project: 3259503/1
2026-10-05 00:36:24,804	INFO logging_progress.py:233 --   Tasks: 1 [backpressured:tasks(ResourceBudget),outputs(ResourceBudget)]; Actors: 0; Queued blocks: 0 (0.0B); Resources: 1.0 CPU, 2.1GiB object store
2026-10-05 00:36:24,805	INFO logging_progress.py:231 -- Write: 0/1
2026-10-05 00:36:24,805	INFO logging_progress.py:233 --   Tasks: 1 [backpressured:tasks(ResourceBudget)]; Actors: 0; Queued blocks: 0 (0.0B); Resources: 1.0 CPU, 0.0B object store
2026-10-05 00:36:24,805	INFO logging_progress.py:192 -- =================================================================
[36m(raylet)[0m Spilled 4740 MiB, 14 objects, write throughput 63 MiB/s.
2026-10-05 00:36:34,979	INFO logging_progress.py:174 -- ======= Running Dataset: dataset_034aEHP4Kim89fXuzSlzMO_0 =======
2026-10-05 00:36:34,983	INFO logging_progress.py:225 -- Total Progress: 0/?
2026-10-05 00:36:34,983	INFO logging_progress.py:227 -- Active & requested resources: 2/2 CPU, 2.1GiB/120.0MiB object store
2026-10-05 00:36:34,983	INFO logging_progress.py:181 -- 
2026-10-05 00:36:34,983	INFO logging_progress.py:231 -- ListFiles: 1/1
2026-10-05 00:36:34,983	INFO logging_progress.py:233 --   Tasks: 0; Actors: 0; Queued blocks: 0 (0.0B); Resources: 0.0 CPU, 59.0B object store
2026-10-05 00:36:34,983	INFO logging_progress.py:231 -- ReadFilesParquetV2->MapBatches(remove_required_nulls)->MapBatches(remove_duplicates)->...->Project: 3259503/1
2026-10-05 00:36:34,983	INFO logging_progress.py:233 --   Tasks: 1 [backpressured:tasks(ResourceBudget),outputs(ResourceBudget)]; Actors: 0; Queued blocks: 0 (0.0B); Resources: 1.0 CPU, 2.1GiB object store
2026-10-05 00:36:34,983	INFO logging_progress.py:231 -- Write: 0/1
2026-10-05 00:36:34,983	INFO logging_progress.py:233 --   Tasks: 1 [backpressured:tasks(ResourceBudget)]; Actors: 0; Queued blocks: 0 (0.0B); Resources: 1.0 CPU, 0.0B object store
2026-10-05 00:36:34,984	INFO logging_progress.py:192 -- =================================================================
/home/sidhartha/miniconda/envs/spark-ray-a3/lib/python3.11/site-packages/ray/data/_internal/execution/operators/task_pool_map_operator.py:273: UserWarning: The maximum number of concurrent tasks for 'Write' is set to 2, but the operator only received 1 input(s). This means that the operator can launch at most 1 task(s), which is less than the concurrency limit. You might be able to increase the number of concurrent tasks by configuring `override_num_blocks` earlier in the pipeline.
  warnings.warn(
[2026-10-05 00:37:40,778 E 61659 61694] task_manager.cc:1545: Failed to push error to driver for task e62c84957bdaa12da530f872c575a387a6113f6201000000
[2026-10-05 00:37:40,793 E 61659 61694] task_manager.cc:1545: Failed to push error to driver for task 722dc2e53e933eada530f872c575a387a6113f6201000000
[2026-10-05 00:37:40,796 E 61659 61694] task_manager.cc:1545: Failed to push error to driver for task 084f14ed262e7ee4a530f872c575a387a6113f6201000000
[2026-10-05 00:37:40,799 E 61659 61694] task_manager.cc:1545: Failed to push error to driver for task 456106338bf199daa530f872c575a387a6113f6201000000
[2026-10-05 00:37:40,799 E 61659 61694] task_manager.cc:1545: Failed to push error to driver for task 2275a2506b54f734a530f872c575a387a6113f6201000000
[2026-10-05 00:37:40,874 E 61659 61694] task_manager.cc:1545: Failed to push error to driver for task e14fb93d9bd82dc9a530f872c575a387a6113f6201000000
[2026-10-05 00:37:40,959 E 61659 61694] task_manager.cc:1545: Failed to push error to driver for task 722dc2e53e933eada530f872c575a387a6113f6201000000
[2026-10-05 00:37:40,960 E 61659 61694] task_manager.cc:1545: Failed to push error to driver for task 084f14ed262e7ee4a530f872c575a387a6113f6201000000
[2026-10-05 00:37:40,960 E 61659 61694] task_manager.cc:1545: Failed to push error to driver for task 456106338bf199daa530f872c575a387a6113f6201000000
[2026-10-05 00:37:40,961 E 61659 61694] task_manager.cc:1545: Failed to push error to driver for task 2275a2506b54f734a530f872c575a387a6113f6201000000
[2026-10-05 00:37:40,962 E 61659 61694] task_manager.cc:1545: Failed to push error to driver for task e62c84957bdaa12da530f872c575a387a6113f6201000000
[2026-10-05 00:37:41,921 E 61659 61694] task_manager.cc:1545: Failed to push error to driver for task e14fb93d9bd82dc9a530f872c575a387a6113f6201000000
[2026-10-05 00:37:41,922 E 61659 61694] task_manager.cc:1545: Failed to push error to driver for task 722dc2e53e933eada530f872c575a387a6113f6201000000
[2026-10-05 00:37:41,923 E 61659 61694] task_manager.cc:1545: Failed to push error to driver for task 084f14ed262e7ee4a530f872c575a387a6113f6201000000
[2026-10-05 00:37:41,923 E 61659 61694] task_manager.cc:1545: Failed to push error to driver for task 456106338bf199daa530f872c575a387a6113f6201000000
[2026-10-05 00:37:41,923 E 61659 61694] task_manager.cc:1545: Failed to push error to driver for task 2275a2506b54f734a530f872c575a387a6113f6201000000
[2026-10-05 00:37:41,925 E 61659 61694] task_manager.cc:1545: Failed to push error to driver for task e62c84957bdaa12da530f872c575a387a6113f6201000000
[2026-10-05 00:37:42,919 E 61659 61694] task_manager.cc:1545: Failed to push error to driver for task e14fb93d9bd82dc9a530f872c575a387a6113f6201000000
[2026-10-05 00:37:42,919 E 61659 61694] task_manager.cc:1545: Failed to push error to driver for task 084f14ed262e7ee4a530f872c575a387a6113f6201000000
[2026-10-05 00:37:42,919 E 61659 61694] task_manager.cc:1545: Failed to push error to driver for task 722dc2e53e933eada530f872c575a387a6113f6201000000
[2026-10-05 00:37:42,919 E 61659 61694] task_manager.cc:1545: Failed to push error to driver for task 456106338bf199daa530f872c575a387a6113f6201000000
[2026-10-05 00:37:42,919 E 61659 61694] task_manager.cc:1545: Failed to push error to driver for task 2275a2506b54f734a530f872c575a387a6113f6201000000
[2026-10-05 00:37:42,919 E 61659 61694] task_manager.cc:1545: Failed to push error to driver for task e62c84957bdaa12da530f872c575a387a6113f6201000000
[2026-10-05 00:37:43,919 E 61659 61694] task_manager.cc:1545: Failed to push error to driver for task e14fb93d9bd82dc9a530f872c575a387a6113f6201000000
[2026-10-05 00:37:43,920 E 61659 61694] task_manager.cc:1545: Failed to push error to driver for task 722dc2e53e933eada530f872c575a387a6113f6201000000
[2026-10-05 00:37:43,920 E 61659 61694] task_manager.cc:1545: Failed to push error to driver for task e62c84957bdaa12da530f872c575a387a6113f6201000000
[2026-10-05 00:37:43,920 E 61659 61694] task_manager.cc:1545: Failed to push error to driver for task 2275a2506b54f734a530f872c575a387a6113f6201000000
[2026-10-05 00:37:43,920 E 61659 61694] task_manager.cc:1545: Failed to push error to driver for task 084f14ed262e7ee4a530f872c575a387a6113f6201000000
[2026-10-05 00:37:43,920 E 61659 61694] task_manager.cc:1545: Failed to push error to driver for task 456106338bf199daa530f872c575a387a6113f6201000000
[2026-10-05 00:37:44,919 E 61659 61694] task_manager.cc:1545: Failed to push error to driver for task e14fb93d9bd82dc9a530f872c575a387a6113f6201000000
[2026-10-05 00:37:44,926 E 61659 61694] task_manager.cc:1545: Failed to push error to driver for task a68a62a72b89d875a530f872c575a387a6113f6201000000
2026-10-05 00:37:44,927	INFO logging_progress.py:174 -- ======= Running Dataset: dataset_034aEHP4Kim89fXuzSlzMO_0 =======
2026-10-05 00:37:44,942	INFO logging_progress.py:225 -- Total Progress: 0/?
2026-10-05 00:37:44,943	INFO logging_progress.py:227 -- Active & requested resources: 1/2 CPU, 727.0MiB/120.0MiB object store
2026-10-05 00:37:44,943	INFO logging_progress.py:181 -- 
2026-10-05 00:37:44,943	INFO logging_progress.py:231 -- ListFiles: 1/1
2026-10-05 00:37:44,943	INFO logging_progress.py:233 --   Tasks: 0; Actors: 0; Queued blocks: 0 (0.0B); Resources: 0.0 CPU, 0.0B object store
2026-10-05 00:37:44,943	INFO logging_progress.py:231 -- ReadFilesParquetV2->MapBatches(remove_required_nulls)->MapBatches(remove_duplicates)->...->Project: 3259503/3259503
2026-10-05 00:37:44,943	INFO logging_progress.py:233 --   Tasks: 0; Actors: 0; Queued blocks: 0 (0.0B); Resources: 0.0 CPU, 727.0MiB object store
2026-10-05 00:37:44,943	INFO logging_progress.py:231 -- Write: 0/1
2026-10-05 00:37:44,943	INFO logging_progress.py:233 --   Tasks: 1; Actors: 0; Queued blocks: 0 (0.0B); Resources: 1.0 CPU, 0.0B object store
2026-10-05 00:37:44,944	INFO logging_progress.py:192 -- =================================================================
[2026-10-05 00:37:45,921 E 61659 61694] task_manager.cc:1545: Failed to push error to driver for task a68a62a72b89d875a530f872c575a387a6113f6201000000
[2026-10-05 00:37:45,921 E 61659 61694] task_manager.cc:1545: Failed to push error to driver for task e62c84957bdaa12da530f872c575a387a6113f6201000000
[2026-10-05 00:37:45,921 E 61659 61694] task_manager.cc:1545: Failed to push error to driver for task 456106338bf199daa530f872c575a387a6113f6201000000
[2026-10-05 00:37:45,921 E 61659 61694] task_manager.cc:1545: Failed to push error to driver for task 722dc2e53e933eada530f872c575a387a6113f6201000000
[2026-10-05 00:37:45,923 E 61659 61694] task_manager.cc:1545: Failed to push error to driver for task 2275a2506b54f734a530f872c575a387a6113f6201000000
[2026-10-05 00:37:45,923 E 61659 61694] task_manager.cc:1545: Failed to push error to driver for task 084f14ed262e7ee4a530f872c575a387a6113f6201000000
[2026-10-05 00:37:46,919 E 61659 61694] task_manager.cc:1545: Failed to push error to driver for task a68a62a72b89d875a530f872c575a387a6113f6201000000
[2026-10-05 00:37:46,919 E 61659 61694] task_manager.cc:1545: Failed to push error to driver for task e14fb93d9bd82dc9a530f872c575a387a6113f6201000000
[2026-10-05 00:37:47,922 E 61659 61694] task_manager.cc:1545: Failed to push error to driver for task a68a62a72b89d875a530f872c575a387a6113f6201000000
[2026-10-05 00:37:48,923 E 61659 61694] task_manager.cc:1545: Failed to push error to driver for task a68a62a72b89d875a530f872c575a387a6113f6201000000
[2026-10-05 00:37:49,924 E 61659 61694] task_manager.cc:1545: Failed to push error to driver for task e62c84957bdaa12da530f872c575a387a6113f6201000000
[2026-10-05 00:37:49,924 E 61659 61694] task_manager.cc:1545: Failed to push error to driver for task 722dc2e53e933eada530f872c575a387a6113f6201000000
[2026-10-05 00:37:49,924 E 61659 61694] task_manager.cc:1545: Failed to push error to driver for task 456106338bf199daa530f872c575a387a6113f6201000000
[2026-10-05 00:37:49,924 E 61659 61694] task_manager.cc:1545: Failed to push error to driver for task 2275a2506b54f734a530f872c575a387a6113f6201000000
[2026-10-05 00:37:49,924 E 61659 61694] task_manager.cc:1545: Failed to push error to driver for task 084f14ed262e7ee4a530f872c575a387a6113f6201000000
[2026-10-05 00:37:50,923 E 61659 61694] task_manager.cc:1545: Failed to push error to driver for task e14fb93d9bd82dc9a530f872c575a387a6113f6201000000
[2026-10-05 00:37:50,924 E 61659 61694] task_manager.cc:1545: Failed to push error to driver for task a68a62a72b89d875a530f872c575a387a6113f6201000000
[2026-10-05 00:37:54,924 E 61659 61694] task_manager.cc:1545: Failed to push error to driver for task a68a62a72b89d875a530f872c575a387a6113f6201000000
[2026-10-05 00:37:55,925 E 61659 61694] task_manager.cc:1545: Failed to push error to driver for task e62c84957bdaa12da530f872c575a387a6113f6201000000
[2026-10-05 00:37:55,925 E 61659 61694] task_manager.cc:1545: Failed to push error to driver for task 2275a2506b54f734a530f872c575a387a6113f6201000000
[2026-10-05 00:37:55,925 E 61659 61694] task_manager.cc:1545: Failed to push error to driver for task 456106338bf199daa530f872c575a387a6113f6201000000
[2026-10-05 00:37:55,925 E 61659 61694] task_manager.cc:1545: Failed to push error to driver for task 084f14ed262e7ee4a530f872c575a387a6113f6201000000
[2026-10-05 00:37:55,925 E 61659 61694] task_manager.cc:1545: Failed to push error to driver for task 722dc2e53e933eada530f872c575a387a6113f6201000000
[2026-10-05 00:37:56,925 E 61659 61694] task_manager.cc:1545: Failed to push error to driver for task e14fb93d9bd82dc9a530f872c575a387a6113f6201000000
[2026-10-05 00:37:59,925 E 61659 61694] task_manager.cc:1545: Failed to push error to driver for task a68a62a72b89d875a530f872c575a387a6113f6201000000
[2026-10-05 00:38:01,926 E 61659 61694] task_manager.cc:1545: Failed to push error to driver for task e62c84957bdaa12da530f872c575a387a6113f6201000000
[2026-10-05 00:38:01,926 E 61659 61694] task_manager.cc:1545: Failed to push error to driver for task 084f14ed262e7ee4a530f872c575a387a6113f6201000000
[2026-10-05 00:38:01,926 E 61659 61694] task_manager.cc:1545: Failed to push error to driver for task 456106338bf199daa530f872c575a387a6113f6201000000
[2026-10-05 00:38:01,926 E 61659 61694] task_manager.cc:1545: Failed to push error to driver for task 2275a2506b54f734a530f872c575a387a6113f6201000000
[2026-10-05 00:38:01,926 E 61659 61694] task_manager.cc:1545: Failed to push error to driver for task 722dc2e53e933eada530f872c575a387a6113f6201000000
[2026-10-05 00:38:02,926 E 61659 61694] task_manager.cc:1545: Failed to push error to driver for task e14fb93d9bd82dc9a530f872c575a387a6113f6201000000
[2026-10-05 00:38:04,926 E 61659 61694] task_manager.cc:1545: Failed to push error to driver for task a68a62a72b89d875a530f872c575a387a6113f6201000000
[2026-10-05 00:38:06,927 E 61659 61694] task_manager.cc:1545: Failed to push error to driver for task e62c84957bdaa12da530f872c575a387a6113f6201000000
[2026-10-05 00:38:06,927 E 61659 61694] task_manager.cc:1545: Failed to push error to driver for task 2275a2506b54f734a530f872c575a387a6113f6201000000
[2026-10-05 00:38:06,927 E 61659 61694] task_manager.cc:1545: Failed to push error to driver for task 456106338bf199daa530f872c575a387a6113f6201000000
[2026-10-05 00:38:06,927 E 61659 61694] task_manager.cc:1545: Failed to push error to driver for task 722dc2e53e933eada530f872c575a387a6113f6201000000
[2026-10-05 00:38:06,927 E 61659 61694] task_manager.cc:1545: Failed to push error to driver for task 084f14ed262e7ee4a530f872c575a387a6113f6201000000
[2026-10-05 00:38:07,927 E 61659 61694] task_manager.cc:1545: Failed to push error to driver for task e14fb93d9bd82dc9a530f872c575a387a6113f6201000000
[2026-10-05 00:38:09,928 E 61659 61694] task_manager.cc:1545: Failed to push error to driver for task a68a62a72b89d875a530f872c575a387a6113f6201000000
[2026-10-05 00:38:11,932 E 61659 61694] task_manager.cc:1545: Failed to push error to driver for task e62c84957bdaa12da530f872c575a387a6113f6201000000
[2026-10-05 00:38:11,932 E 61659 61694] task_manager.cc:1545: Failed to push error to driver for task 722dc2e53e933eada530f872c575a387a6113f6201000000
[2026-10-05 00:38:11,932 E 61659 61694] task_manager.cc:1545: Failed to push error to driver for task 456106338bf199daa530f872c575a387a6113f6201000000
[2026-10-05 00:38:11,933 E 61659 61694] task_manager.cc:1545: Failed to push error to driver for task 084f14ed262e7ee4a530f872c575a387a6113f6201000000
[2026-10-05 00:38:11,933 E 61659 61694] task_manager.cc:1545: Failed to push error to driver for task 2275a2506b54f734a530f872c575a387a6113f6201000000
[2026-10-05 00:38:12,930 E 61659 61694] task_manager.cc:1545: Failed to push error to driver for task e14fb93d9bd82dc9a530f872c575a387a6113f6201000000
[2026-10-05 00:38:14,931 E 61659 61694] task_manager.cc:1545: Failed to push error to driver for task a68a62a72b89d875a530f872c575a387a6113f6201000000
[2026-10-05 00:38:17,932 E 61659 61694] task_manager.cc:1545: Failed to push error to driver for task e62c84957bdaa12da530f872c575a387a6113f6201000000
[2026-10-05 00:38:17,936 E 61659 61694] task_manager.cc:1545: Failed to push error to driver for task 084f14ed262e7ee4a530f872c575a387a6113f6201000000
[2026-10-05 00:38:17,936 E 61659 61694] task_manager.cc:1545: Failed to push error to driver for task 456106338bf199daa530f872c575a387a6113f6201000000
[2026-10-05 00:38:17,936 E 61659 61694] task_manager.cc:1545: Failed to push error to driver for task 2275a2506b54f734a530f872c575a387a6113f6201000000
[2026-10-05 00:38:17,936 E 61659 61694] task_manager.cc:1545: Failed to push error to driver for task 722dc2e53e933eada530f872c575a387a6113f6201000000
[2026-10-05 00:38:18,934 E 61659 61694] task_manager.cc:1545: Failed to push error to driver for task e14fb93d9bd82dc9a530f872c575a387a6113f6201000000
[2026-10-05 00:38:20,931 E 61659 61694] task_manager.cc:1545: Failed to push error to driver for task a68a62a72b89d875a530f872c575a387a6113f6201000000
[2026-10-05 00:38:23,934 E 61659 61694] task_manager.cc:1545: Failed to push error to driver for task e62c84957bdaa12da530f872c575a387a6113f6201000000
[2026-10-05 00:38:23,934 E 61659 61694] task_manager.cc:1545: Failed to push error to driver for task 2275a2506b54f734a530f872c575a387a6113f6201000000
[2026-10-05 00:38:23,934 E 61659 61694] task_manager.cc:1545: Failed to push error to driver for task 456106338bf199daa530f872c575a387a6113f6201000000
[2026-10-05 00:38:23,934 E 61659 61694] task_manager.cc:1545: Failed to push error to driver for task 722dc2e53e933eada530f872c575a387a6113f6201000000
[2026-10-05 00:38:23,934 E 61659 61694] task_manager.cc:1545: Failed to push error to driver for task 084f14ed262e7ee4a530f872c575a387a6113f6201000000
[2026-10-05 00:38:24,933 E 61659 61694] task_manager.cc:1545: Failed to push error to driver for task e14fb93d9bd82dc9a530f872c575a387a6113f6201000000
[2026-10-05 00:38:26,933 E 61659 61694] task_manager.cc:1545: Failed to push error to driver for task a68a62a72b89d875a530f872c575a387a6113f6201000000
[2026-10-05 00:38:29,937 E 61659 61694] task_manager.cc:1545: Failed to push error to driver for task e62c84957bdaa12da530f872c575a387a6113f6201000000
[2026-10-05 00:38:29,937 E 61659 61694] task_manager.cc:1545: Failed to push error to driver for task 722dc2e53e933eada530f872c575a387a6113f6201000000
[2026-10-05 00:38:29,937 E 61659 61694] task_manager.cc:1545: Failed to push error to driver for task 456106338bf199daa530f872c575a387a6113f6201000000
[2026-10-05 00:38:29,937 E 61659 61694] task_manager.cc:1545: Failed to push error to driver for task 084f14ed262e7ee4a530f872c575a387a6113f6201000000
[2026-10-05 00:38:29,937 E 61659 61694] task_manager.cc:1545: Failed to push error to driver for task 2275a2506b54f734a530f872c575a387a6113f6201000000
[2026-10-05 00:38:29,938 E 61659 61694] task_manager.cc:1545: Failed to push error to driver for task e14fb93d9bd82dc9a530f872c575a387a6113f6201000000
[2026-10-05 00:38:31,936 E 61659 61694] task_manager.cc:1545: Failed to push error to driver for task a68a62a72b89d875a530f872c575a387a6113f6201000000
[2026-10-05 00:38:34,941 E 61659 61694] task_manager.cc:1545: Failed to push error to driver for task 722dc2e53e933eada530f872c575a387a6113f6201000000
[2026-10-05 00:38:34,941 E 61659 61694] task_manager.cc:1545: Failed to push error to driver for task e62c84957bdaa12da530f872c575a387a6113f6201000000
[2026-10-05 00:38:34,942 E 61659 61694] task_manager.cc:1545: Failed to push error to driver for task 2275a2506b54f734a530f872c575a387a6113f6201000000
[2026-10-05 00:38:34,942 E 61659 61694] task_manager.cc:1545: Failed to push error to driver for task e14fb93d9bd82dc9a530f872c575a387a6113f6201000000
[2026-10-05 00:38:34,942 E 61659 61694] task_manager.cc:1545: Failed to push error to driver for task 084f14ed262e7ee4a530f872c575a387a6113f6201000000
[2026-10-05 00:38:34,942 E 61659 61694] task_manager.cc:1545: Failed to push error to driver for task 456106338bf199daa530f872c575a387a6113f6201000000
[2026-10-05 00:38:36,958 E 61659 61694] task_manager.cc:1545: Failed to push error to driver for task a68a62a72b89d875a530f872c575a387a6113f6201000000
[2026-10-05 00:38:40,287 E 61659 61694] task_manager.cc:1545: Failed to push error to driver for task 722dc2e53e933eada530f872c575a387a6113f6201000000
[2026-10-05 00:38:40,327 E 61659 61694] task_manager.cc:1545: Failed to push error to driver for task e62c84957bdaa12da530f872c575a387a6113f6201000000
[2026-10-05 00:38:40,327 E 61659 61694] task_manager.cc:1545: Failed to push error to driver for task 084f14ed262e7ee4a530f872c575a387a6113f6201000000
[2026-10-05 00:38:40,329 E 61659 61694] task_manager.cc:1545: Failed to push error to driver for task e14fb93d9bd82dc9a530f872c575a387a6113f6201000000
[2026-10-05 00:38:40,329 E 61659 61694] task_manager.cc:1545: Failed to push error to driver for task 2275a2506b54f734a530f872c575a387a6113f6201000000
[2026-10-05 00:38:40,332 E 61659 61694] task_manager.cc:1545: Failed to push error to driver for task 456106338bf199daa530f872c575a387a6113f6201000000
[2026-10-05 00:38:41,138 E 61659 61701] rpc_client.h:204: Failed to connect to GCS within 60 seconds. GCS may have been killed. It's either GCS is terminated by `ray stop` or is killed unexpectedly. If it is killed unexpectedly, see the log file gcs_server.out. https://docs.ray.io/en/master/ray-observability/user-guides/configure-logging.html#logging-directory-structure. The program will terminate.
2026-10-05 00:46:58,052	INFO worker.py:1836 -- Connecting to existing Ray cluster at address: 192.168.64.2:38197...
2026-10-05 00:46:58,183	INFO worker.py:2024 -- Connected to Ray cluster. View the dashboard at [1m[32mhttp://192.168.64.2:8265 [39m[22m
2026-10-05 00:46:58,981	INFO streaming_executor.py:214 -- Starting execution of Dataset dataset_034aEZGBd8VOvRQgBXcdmR_0. Full logs are in /home/sidhartha/raytmp/session/session_2026-10-05_00-46-38_902074_67722/logs/ray-data
2026-10-05 00:46:58,981	INFO streaming_executor.py:215 -- Execution plan of Dataset dataset_034aEZGBd8VOvRQgBXcdmR_0: InputDataBuffer[Input] -> TaskPoolMapOperator[ListFiles] -> TaskPoolMapOperator[ReadFilesParquetV2->MapBatches(remove_required_nulls)->MapBatches(remove_duplicates)->MapBatches(filter_invalid_trips)->MapBatches(add_timestamp_features)->MapBatches(join_location_lookup)->MapBatches(add_average_speed)->Project] -> TaskPoolMapOperator[Write]
2026-10-05 00:46:59,012	INFO __init__.py:56 -- Progress will be logged because stdout is a non-interactive terminal.
2026-10-05 00:46:59,013	WARNING utils.py:33 -- Truncating long operator name to 100 characters. To disable this behavior, set `ray.data.DataContext.get_current().DEFAULT_ENABLE_PROGRESS_BAR_NAME_TRUNCATION = False`.
2026-10-05 00:46:59,272	INFO logging_progress.py:174 -- ======= Running Dataset: dataset_034aEZGBd8VOvRQgBXcdmR_0 =======
2026-10-05 00:46:59,272	INFO logging_progress.py:225 -- Total Progress: 0/?
2026-10-05 00:46:59,272	INFO logging_progress.py:227 -- Active & requested resources: 0/0 CPU, 0.0B/0.0B object store
2026-10-05 00:46:59,272	INFO logging_progress.py:181 -- 
2026-10-05 00:46:59,274	INFO logging_progress.py:231 -- ListFiles: 0/1
2026-10-05 00:46:59,274	INFO logging_progress.py:233 --   Tasks: 1; Actors: 0; Queued blocks: 0 (0.0B); Resources: 1.0 CPU, 0.0B object store
2026-10-05 00:46:59,274	INFO logging_progress.py:231 -- ReadFilesParquetV2->MapBatches(remove_required_nulls)->MapBatches(remove_duplicates)->...->Project: 0/1
2026-10-05 00:46:59,275	INFO logging_progress.py:233 --   Tasks: 0 [backpressured:tasks(ResourceBudget)]; Actors: 0; Queued blocks: 0 (0.0B); Resources: 0.0 CPU, 0.0B object store
2026-10-05 00:46:59,275	INFO logging_progress.py:231 -- Write: 0/1
2026-10-05 00:46:59,275	INFO logging_progress.py:233 --   Tasks: 0 [backpressured:tasks(ResourceBudget)]; Actors: 0; Queued blocks: 0 (0.0B); Resources: 0.0 CPU, 0.0B object store
2026-10-05 00:46:59,275	INFO logging_progress.py:192 -- =================================================================
2026-10-05 00:47:09,278	INFO logging_progress.py:174 -- ======= Running Dataset: dataset_034aEZGBd8VOvRQgBXcdmR_0 =======
2026-10-05 00:47:09,291	INFO logging_progress.py:225 -- Total Progress: 0/?
2026-10-05 00:47:09,297	INFO logging_progress.py:227 -- Active & requested resources: 1/2 CPU, 59.0B/120.0MiB object store
2026-10-05 00:47:09,297	INFO logging_progress.py:181 -- 
2026-10-05 00:47:09,297	INFO logging_progress.py:231 -- ListFiles: 1/1
2026-10-05 00:47:09,297	INFO logging_progress.py:233 --   Tasks: 0; Actors: 0; Queued blocks: 0 (0.0B); Resources: 0.0 CPU, 59.0B object store
2026-10-05 00:47:09,297	INFO logging_progress.py:231 -- ReadFilesParquetV2->MapBatches(remove_required_nulls)->MapBatches(remove_duplicates)->...->Project: 0/1
2026-10-05 00:47:09,309	INFO logging_progress.py:233 --   Tasks: 1 [backpressured:tasks(ResourceBudget)]; Actors: 0; Queued blocks: 0 (0.0B); Resources: 1.0 CPU, 0.0B object store
2026-10-05 00:47:09,310	INFO logging_progress.py:231 -- Write: 0/1
2026-10-05 00:47:09,310	INFO logging_progress.py:233 --   Tasks: 0; Actors: 0; Queued blocks: 0 (0.0B); Resources: 0.0 CPU, 0.0B object store
2026-10-05 00:47:09,315	INFO logging_progress.py:192 -- =================================================================
2026-10-05 00:47:19,355	INFO logging_progress.py:174 -- ======= Running Dataset: dataset_034aEZGBd8VOvRQgBXcdmR_0 =======
2026-10-05 00:47:19,355	INFO logging_progress.py:225 -- Total Progress: 0/?
2026-10-05 00:47:19,355	INFO logging_progress.py:227 -- Active & requested resources: 1/2 CPU, 59.0B/120.0MiB object store
2026-10-05 00:47:19,356	INFO logging_progress.py:181 -- 
2026-10-05 00:47:19,356	INFO logging_progress.py:231 -- ListFiles: 1/1
2026-10-05 00:47:19,356	INFO logging_progress.py:233 --   Tasks: 0; Actors: 0; Queued blocks: 0 (0.0B); Resources: 0.0 CPU, 59.0B object store
2026-10-05 00:47:19,356	INFO logging_progress.py:231 -- ReadFilesParquetV2->MapBatches(remove_required_nulls)->MapBatches(remove_duplicates)->...->Project: 0/1
2026-10-05 00:47:19,356	INFO logging_progress.py:233 --   Tasks: 1 [backpressured:tasks(ResourceBudget)]; Actors: 0; Queued blocks: 0 (0.0B); Resources: 1.0 CPU, 0.0B object store
2026-10-05 00:47:19,356	INFO logging_progress.py:231 -- Write: 0/1
2026-10-05 00:47:19,356	INFO logging_progress.py:233 --   Tasks: 0; Actors: 0; Queued blocks: 0 (0.0B); Resources: 0.0 CPU, 0.0B object store
2026-10-05 00:47:19,356	INFO logging_progress.py:192 -- =================================================================
2026-10-05 00:47:39,717	INFO logging_progress.py:174 -- ======= Running Dataset: dataset_034aEZGBd8VOvRQgBXcdmR_0 =======
2026-10-05 00:47:39,731	INFO logging_progress.py:225 -- Total Progress: 0/?
2026-10-05 00:47:39,732	INFO logging_progress.py:227 -- Active & requested resources: 1/2 CPU, 59.0B/120.0MiB object store
2026-10-05 00:47:39,732	INFO logging_progress.py:181 -- 
2026-10-05 00:47:39,732	INFO logging_progress.py:231 -- ListFiles: 1/1
2026-10-05 00:47:39,732	INFO logging_progress.py:233 --   Tasks: 0; Actors: 0; Queued blocks: 0 (0.0B); Resources: 0.0 CPU, 59.0B object store
2026-10-05 00:47:39,732	INFO logging_progress.py:231 -- ReadFilesParquetV2->MapBatches(remove_required_nulls)->MapBatches(remove_duplicates)->...->Project: 0/1
2026-10-05 00:47:39,732	INFO logging_progress.py:233 --   Tasks: 1 [backpressured:tasks(ResourceBudget)]; Actors: 0; Queued blocks: 0 (0.0B); Resources: 1.0 CPU, 0.0B object store
2026-10-05 00:47:39,732	INFO logging_progress.py:231 -- Write: 0/1
2026-10-05 00:47:39,732	INFO logging_progress.py:233 --   Tasks: 0; Actors: 0; Queued blocks: 0 (0.0B); Resources: 0.0 CPU, 0.0B object store
2026-10-05 00:47:39,732	INFO logging_progress.py:192 -- =================================================================
2026-10-05 00:48:15,151	INFO logging_progress.py:174 -- ======= Running Dataset: dataset_034aEZGBd8VOvRQgBXcdmR_0 =======
2026-10-05 00:48:15,151	INFO logging_progress.py:225 -- Total Progress: 0/?
2026-10-05 00:48:15,153	INFO logging_progress.py:227 -- Active & requested resources: 2/2 CPU, 2.1GiB/120.0MiB object store
2026-10-05 00:48:15,153	INFO logging_progress.py:181 -- 
2026-10-05 00:48:15,153	INFO logging_progress.py:231 -- ListFiles: 1/1
2026-10-05 00:48:15,153	INFO logging_progress.py:233 --   Tasks: 0; Actors: 0; Queued blocks: 0 (0.0B); Resources: 0.0 CPU, 59.0B object store
2026-10-05 00:48:15,153	INFO logging_progress.py:231 -- ReadFilesParquetV2->MapBatches(remove_required_nulls)->MapBatches(remove_duplicates)->...->Project: 3259503/1
2026-10-05 00:48:15,153	INFO logging_progress.py:233 --   Tasks: 1 [backpressured:tasks(ResourceBudget),outputs(ResourceBudget)]; Actors: 0; Queued blocks: 0 (0.0B); Resources: 1.0 CPU, 2.1GiB object store
2026-10-05 00:48:15,153	INFO logging_progress.py:231 -- Write: 0/1
2026-10-05 00:48:15,153	INFO logging_progress.py:233 --   Tasks: 1 [backpressured:tasks(ResourceBudget)]; Actors: 0; Queued blocks: 0 (0.0B); Resources: 1.0 CPU, 0.0B object store
2026-10-05 00:48:15,153	INFO logging_progress.py:192 -- =================================================================
2026-10-05 00:48:25,604	INFO logging_progress.py:174 -- ======= Running Dataset: dataset_034aEZGBd8VOvRQgBXcdmR_0 =======
2026-10-05 00:48:25,718	INFO logging_progress.py:225 -- Total Progress: 0/?
2026-10-05 00:48:25,718	INFO logging_progress.py:227 -- Active & requested resources: 2/2 CPU, 2.1GiB/120.0MiB object store
2026-10-05 00:48:25,718	INFO logging_progress.py:181 -- 
2026-10-05 00:48:25,718	INFO logging_progress.py:231 -- ListFiles: 1/1
2026-10-05 00:48:25,718	INFO logging_progress.py:233 --   Tasks: 0; Actors: 0; Queued blocks: 0 (0.0B); Resources: 0.0 CPU, 59.0B object store
2026-10-05 00:48:25,718	INFO logging_progress.py:231 -- ReadFilesParquetV2->MapBatches(remove_required_nulls)->MapBatches(remove_duplicates)->...->Project: 3259503/1
2026-10-05 00:48:25,718	INFO logging_progress.py:233 --   Tasks: 1 [backpressured:tasks(ResourceBudget),outputs(ResourceBudget)]; Actors: 0; Queued blocks: 0 (0.0B); Resources: 1.0 CPU, 2.1GiB object store
2026-10-05 00:48:25,718	INFO logging_progress.py:231 -- Write: 0/1
2026-10-05 00:48:25,718	INFO logging_progress.py:233 --   Tasks: 1 [backpressured:tasks(ResourceBudget)]; Actors: 0; Queued blocks: 0 (0.0B); Resources: 1.0 CPU, 0.0B object store
2026-10-05 00:48:25,722	INFO logging_progress.py:192 -- =================================================================
2026-10-05 00:48:35,708	INFO logging_progress.py:174 -- ======= Running Dataset: dataset_034aEZGBd8VOvRQgBXcdmR_0 =======
2026-10-05 00:48:35,714	INFO logging_progress.py:225 -- Total Progress: 0/?
2026-10-05 00:48:35,714	INFO logging_progress.py:227 -- Active & requested resources: 2/2 CPU, 2.1GiB/120.0MiB object store
2026-10-05 00:48:35,714	INFO logging_progress.py:181 -- 
2026-10-05 00:48:35,715	INFO logging_progress.py:231 -- ListFiles: 1/1
2026-10-05 00:48:35,715	INFO logging_progress.py:233 --   Tasks: 0; Actors: 0; Queued blocks: 0 (0.0B); Resources: 0.0 CPU, 59.0B object store
2026-10-05 00:48:35,715	INFO logging_progress.py:231 -- ReadFilesParquetV2->MapBatches(remove_required_nulls)->MapBatches(remove_duplicates)->...->Project: 3259503/1
2026-10-05 00:48:35,715	INFO logging_progress.py:233 --   Tasks: 1 [backpressured:tasks(ResourceBudget)]; Actors: 0; Queued blocks: 0 (0.0B); Resources: 1.0 CPU, 2.1GiB object store
2026-10-05 00:48:35,715	INFO logging_progress.py:231 -- Write: 0/1
2026-10-05 00:48:35,715	INFO logging_progress.py:233 --   Tasks: 1 [backpressured:tasks(ResourceBudget)]; Actors: 0; Queued blocks: 0 (0.0B); Resources: 1.0 CPU, 0.0B object store
2026-10-05 00:48:35,715	INFO logging_progress.py:192 -- =================================================================
/home/sidhartha/miniconda/envs/spark-ray-a3/lib/python3.11/site-packages/ray/data/_internal/execution/operators/task_pool_map_operator.py:273: UserWarning: The maximum number of concurrent tasks for 'Write' is set to 2, but the operator only received 1 input(s). This means that the operator can launch at most 1 task(s), which is less than the concurrency limit. You might be able to increase the number of concurrent tasks by configuring `override_num_blocks` earlier in the pipeline.
  warnings.warn(
2026-10-05 00:48:47,920	INFO logging_progress.py:174 -- ======= Running Dataset: dataset_034aEZGBd8VOvRQgBXcdmR_0 =======
2026-10-05 00:48:47,920	INFO logging_progress.py:225 -- Total Progress: 0/?
2026-10-05 00:48:47,921	INFO logging_progress.py:227 -- Active & requested resources: 1/2 CPU, 727.0MiB/120.0MiB object store
2026-10-05 00:48:47,921	INFO logging_progress.py:181 -- 
2026-10-05 00:48:47,921	INFO logging_progress.py:231 -- ListFiles: 1/1
2026-10-05 00:48:47,921	INFO logging_progress.py:233 --   Tasks: 0; Actors: 0; Queued blocks: 0 (0.0B); Resources: 0.0 CPU, 0.0B object store
2026-10-05 00:48:47,922	INFO logging_progress.py:231 -- ReadFilesParquetV2->MapBatches(remove_required_nulls)->MapBatches(remove_duplicates)->...->Project: 3259503/3259503
2026-10-05 00:48:47,922	INFO logging_progress.py:233 --   Tasks: 0; Actors: 0; Queued blocks: 0 (0.0B); Resources: 0.0 CPU, 727.0MiB object store
2026-10-05 00:48:47,922	INFO logging_progress.py:231 -- Write: 0/1
2026-10-05 00:48:47,922	INFO logging_progress.py:233 --   Tasks: 1; Actors: 0; Queued blocks: 0 (0.0B); Resources: 1.0 CPU, 0.0B object store
2026-10-05 00:48:47,923	INFO logging_progress.py:192 -- =================================================================
2026-10-05 00:48:58,005	INFO logging_progress.py:174 -- ======= Running Dataset: dataset_034aEZGBd8VOvRQgBXcdmR_0 =======
2026-10-05 00:48:58,007	INFO logging_progress.py:225 -- Total Progress: 0/?
2026-10-05 00:48:58,008	INFO logging_progress.py:227 -- Active & requested resources: 1/2 CPU, 727.0MiB/120.0MiB object store
2026-10-05 00:48:58,008	INFO logging_progress.py:181 -- 
2026-10-05 00:48:58,008	INFO logging_progress.py:231 -- ListFiles: 1/1
2026-10-05 00:48:58,008	INFO logging_progress.py:233 --   Tasks: 0; Actors: 0; Queued blocks: 0 (0.0B); Resources: 0.0 CPU, 0.0B object store
2026-10-05 00:48:58,008	INFO logging_progress.py:231 -- ReadFilesParquetV2->MapBatches(remove_required_nulls)->MapBatches(remove_duplicates)->...->Project: 3259503/3259503
2026-10-05 00:48:58,008	INFO logging_progress.py:233 --   Tasks: 0; Actors: 0; Queued blocks: 0 (0.0B); Resources: 0.0 CPU, 727.0MiB object store
2026-10-05 00:48:58,008	INFO logging_progress.py:231 -- Write: 0/1
2026-10-05 00:48:58,008	INFO logging_progress.py:233 --   Tasks: 1; Actors: 0; Queued blocks: 0 (0.0B); Resources: 1.0 CPU, 0.0B object store
2026-10-05 00:48:58,009	INFO logging_progress.py:192 -- =================================================================
2026-10-05 00:49:01,746	INFO streaming_executor.py:365 -- ✔️  Dataset dataset_034aEZGBd8VOvRQgBXcdmR_0 execution finished in 122.75 seconds
2026-10-05 00:49:02,629	INFO dataset.py:6680 -- Data sink Parquet finished. 3259503 rows and 724.6MiB data written.
2026-10-05 00:49:02,806	INFO streaming_executor.py:214 -- Starting execution of Dataset dataset_034aEcPNOXAeD3o9RpVgV4_0. Full logs are in /home/sidhartha/raytmp/session/session_2026-10-05_00-46-38_902074_67722/logs/ray-data
2026-10-05 00:49:02,806	INFO streaming_executor.py:215 -- Execution plan of Dataset dataset_034aEcPNOXAeD3o9RpVgV4_0: InputDataBuffer[Input] -> TaskPoolMapOperator[ListFiles] -> TaskPoolMapOperator[ReadFilesParquetV2->MapBatches(remove_required_nulls)->MapBatches(remove_duplicates)->MapBatches(filter_invalid_trips)->MapBatches(add_timestamp_features)->MapBatches(join_location_lookup)->MapBatches(add_average_speed)->Project] -> TaskPoolMapOperator[Write]
2026-10-05 00:49:02,934	INFO logging_progress.py:174 -- ======= Running Dataset: dataset_034aEcPNOXAeD3o9RpVgV4_0 =======
2026-10-05 00:49:02,934	INFO logging_progress.py:225 -- Total Progress: 0/?
2026-10-05 00:49:02,934	INFO logging_progress.py:227 -- Active & requested resources: 0/0 CPU, 0.0B/0.0B object store
2026-10-05 00:49:02,934	INFO logging_progress.py:181 -- 
2026-10-05 00:49:02,934	INFO logging_progress.py:231 -- ListFiles: 0/1
2026-10-05 00:49:02,934	INFO logging_progress.py:233 --   Tasks: 1; Actors: 0; Queued blocks: 0 (0.0B); Resources: 1.0 CPU, 0.0B object store
2026-10-05 00:49:02,935	INFO logging_progress.py:231 -- ReadFilesParquetV2->MapBatches(remove_required_nulls)->MapBatches(remove_duplicates)->...->Project: 0/1
2026-10-05 00:49:02,935	INFO logging_progress.py:233 --   Tasks: 0 [backpressured:tasks(ResourceBudget)]; Actors: 0; Queued blocks: 0 (0.0B); Resources: 0.0 CPU, 0.0B object store
2026-10-05 00:49:02,935	INFO logging_progress.py:231 -- Write: 0/1
2026-10-05 00:49:02,935	INFO logging_progress.py:233 --   Tasks: 0 [backpressured:tasks(ResourceBudget)]; Actors: 0; Queued blocks: 0 (0.0B); Resources: 0.0 CPU, 0.0B object store
2026-10-05 00:49:02,935	INFO logging_progress.py:192 -- =================================================================
2026-10-05 00:49:12,945	INFO logging_progress.py:174 -- ======= Running Dataset: dataset_034aEcPNOXAeD3o9RpVgV4_0 =======
2026-10-05 00:49:12,946	INFO logging_progress.py:225 -- Total Progress: 0/?
2026-10-05 00:49:12,946	INFO logging_progress.py:227 -- Active & requested resources: 1/2 CPU, 59.0B/120.0MiB object store
2026-10-05 00:49:12,946	INFO logging_progress.py:181 -- 
2026-10-05 00:49:12,946	INFO logging_progress.py:231 -- ListFiles: 1/1
2026-10-05 00:49:12,946	INFO logging_progress.py:233 --   Tasks: 0; Actors: 0; Queued blocks: 0 (0.0B); Resources: 0.0 CPU, 59.0B object store
2026-10-05 00:49:12,946	INFO logging_progress.py:231 -- ReadFilesParquetV2->MapBatches(remove_required_nulls)->MapBatches(remove_duplicates)->...->Project: 0/1
2026-10-05 00:49:12,946	INFO logging_progress.py:233 --   Tasks: 1 [backpressured:tasks(ResourceBudget)]; Actors: 0; Queued blocks: 0 (0.0B); Resources: 1.0 CPU, 0.0B object store
2026-10-05 00:49:12,946	INFO logging_progress.py:231 -- Write: 0/1
2026-10-05 00:49:12,946	INFO logging_progress.py:233 --   Tasks: 0; Actors: 0; Queued blocks: 0 (0.0B); Resources: 0.0 CPU, 0.0B object store
2026-10-05 00:49:12,947	INFO logging_progress.py:192 -- =================================================================
2026-10-05 00:49:22,961	INFO logging_progress.py:174 -- ======= Running Dataset: dataset_034aEcPNOXAeD3o9RpVgV4_0 =======
2026-10-05 00:49:22,962	INFO logging_progress.py:225 -- Total Progress: 0/?
2026-10-05 00:49:22,962	INFO logging_progress.py:227 -- Active & requested resources: 1/2 CPU, 59.0B/120.0MiB object store
2026-10-05 00:49:22,962	INFO logging_progress.py:181 -- 
2026-10-05 00:49:22,962	INFO logging_progress.py:231 -- ListFiles: 1/1
2026-10-05 00:49:22,962	INFO logging_progress.py:233 --   Tasks: 0; Actors: 0; Queued blocks: 0 (0.0B); Resources: 0.0 CPU, 59.0B object store
2026-10-05 00:49:22,964	INFO logging_progress.py:231 -- ReadFilesParquetV2->MapBatches(remove_required_nulls)->MapBatches(remove_duplicates)->...->Project: 0/1
2026-10-05 00:49:22,965	INFO logging_progress.py:233 --   Tasks: 1 [backpressured:tasks(ResourceBudget)]; Actors: 0; Queued blocks: 0 (0.0B); Resources: 1.0 CPU, 0.0B object store
2026-10-05 00:49:22,965	INFO logging_progress.py:231 -- Write: 0/1
2026-10-05 00:49:22,965	INFO logging_progress.py:233 --   Tasks: 0; Actors: 0; Queued blocks: 0 (0.0B); Resources: 0.0 CPU, 0.0B object store
2026-10-05 00:49:22,965	INFO logging_progress.py:192 -- =================================================================
2026-10-05 00:49:32,971	INFO logging_progress.py:174 -- ======= Running Dataset: dataset_034aEcPNOXAeD3o9RpVgV4_0 =======
2026-10-05 00:49:32,971	INFO logging_progress.py:225 -- Total Progress: 0/?
2026-10-05 00:49:32,972	INFO logging_progress.py:227 -- Active & requested resources: 1/2 CPU, 59.0B/120.0MiB object store
2026-10-05 00:49:32,973	INFO logging_progress.py:181 -- 
2026-10-05 00:49:32,973	INFO logging_progress.py:231 -- ListFiles: 1/1
2026-10-05 00:49:32,973	INFO logging_progress.py:233 --   Tasks: 0; Actors: 0; Queued blocks: 0 (0.0B); Resources: 0.0 CPU, 59.0B object store
2026-10-05 00:49:32,973	INFO logging_progress.py:231 -- ReadFilesParquetV2->MapBatches(remove_required_nulls)->MapBatches(remove_duplicates)->...->Project: 0/1
2026-10-05 00:49:32,973	INFO logging_progress.py:233 --   Tasks: 1 [backpressured:tasks(ResourceBudget)]; Actors: 0; Queued blocks: 0 (0.0B); Resources: 1.0 CPU, 0.0B object store
2026-10-05 00:49:32,974	INFO logging_progress.py:231 -- Write: 0/1
2026-10-05 00:49:32,974	INFO logging_progress.py:233 --   Tasks: 0; Actors: 0; Queued blocks: 0 (0.0B); Resources: 0.0 CPU, 0.0B object store
2026-10-05 00:49:32,974	INFO logging_progress.py:192 -- =================================================================
2026-10-05 00:49:43,157	INFO logging_progress.py:174 -- ======= Running Dataset: dataset_034aEcPNOXAeD3o9RpVgV4_0 =======
2026-10-05 00:49:43,158	INFO logging_progress.py:225 -- Total Progress: 0/?
2026-10-05 00:49:43,158	INFO logging_progress.py:227 -- Active & requested resources: 1/2 CPU, 59.0B/120.0MiB object store
2026-10-05 00:49:43,158	INFO logging_progress.py:181 -- 
2026-10-05 00:49:43,158	INFO logging_progress.py:231 -- ListFiles: 1/1
2026-10-05 00:49:43,158	INFO logging_progress.py:233 --   Tasks: 0; Actors: 0; Queued blocks: 0 (0.0B); Resources: 0.0 CPU, 59.0B object store
2026-10-05 00:49:43,158	INFO logging_progress.py:231 -- ReadFilesParquetV2->MapBatches(remove_required_nulls)->MapBatches(remove_duplicates)->...->Project: 0/1
2026-10-05 00:49:43,159	INFO logging_progress.py:233 --   Tasks: 1 [backpressured:tasks(ResourceBudget)]; Actors: 0; Queued blocks: 0 (0.0B); Resources: 1.0 CPU, 0.0B object store
2026-10-05 00:49:43,159	INFO logging_progress.py:231 -- Write: 0/1
2026-10-05 00:49:43,159	INFO logging_progress.py:233 --   Tasks: 0; Actors: 0; Queued blocks: 0 (0.0B); Resources: 0.0 CPU, 0.0B object store
2026-10-05 00:49:43,159	INFO logging_progress.py:192 -- =================================================================
2026-10-05 00:50:04,338	INFO logging_progress.py:174 -- ======= Running Dataset: dataset_034aEcPNOXAeD3o9RpVgV4_0 =======
2026-10-05 00:50:04,339	INFO logging_progress.py:225 -- Total Progress: 0/?
2026-10-05 00:50:04,339	INFO logging_progress.py:227 -- Active & requested resources: 2/2 CPU, 1.9GiB/120.0MiB object store
2026-10-05 00:50:04,339	INFO logging_progress.py:181 -- 
2026-10-05 00:50:04,339	INFO logging_progress.py:231 -- ListFiles: 1/1
2026-10-05 00:50:04,339	INFO logging_progress.py:233 --   Tasks: 0; Actors: 0; Queued blocks: 0 (0.0B); Resources: 0.0 CPU, 59.0B object store
2026-10-05 00:50:04,339	INFO logging_progress.py:231 -- ReadFilesParquetV2->MapBatches(remove_required_nulls)->MapBatches(remove_duplicates)->...->Project: 2857079/1
2026-10-05 00:50:04,339	INFO logging_progress.py:233 --   Tasks: 1 [backpressured:tasks(ResourceBudget),outputs(ResourceBudget)]; Actors: 0; Queued blocks: 0 (0.0B); Resources: 1.0 CPU, 1.9GiB object store
2026-10-05 00:50:04,339	INFO logging_progress.py:231 -- Write: 0/1
2026-10-05 00:50:04,339	INFO logging_progress.py:233 --   Tasks: 1 [backpressured:tasks(ResourceBudget)]; Actors: 0; Queued blocks: 0 (0.0B); Resources: 1.0 CPU, 0.0B object store
2026-10-05 00:50:04,342	INFO logging_progress.py:192 -- =================================================================
2026-10-05 00:50:14,379	INFO logging_progress.py:174 -- ======= Running Dataset: dataset_034aEcPNOXAeD3o9RpVgV4_0 =======
2026-10-05 00:50:14,380	INFO logging_progress.py:225 -- Total Progress: 0/?
2026-10-05 00:50:14,380	INFO logging_progress.py:227 -- Active & requested resources: 2/2 CPU, 1.9GiB/120.0MiB object store
2026-10-05 00:50:14,380	INFO logging_progress.py:181 -- 
2026-10-05 00:50:14,380	INFO logging_progress.py:231 -- ListFiles: 1/1
2026-10-05 00:50:14,380	INFO logging_progress.py:233 --   Tasks: 0; Actors: 0; Queued blocks: 0 (0.0B); Resources: 0.0 CPU, 59.0B object store
2026-10-05 00:50:14,381	INFO logging_progress.py:231 -- ReadFilesParquetV2->MapBatches(remove_required_nulls)->MapBatches(remove_duplicates)->...->Project: 2857079/1
2026-10-05 00:50:14,381	INFO logging_progress.py:233 --   Tasks: 1 [backpressured:tasks(ResourceBudget),outputs(ResourceBudget)]; Actors: 0; Queued blocks: 0 (0.0B); Resources: 1.0 CPU, 1.9GiB object store
2026-10-05 00:50:14,381	INFO logging_progress.py:231 -- Write: 0/1
2026-10-05 00:50:14,381	INFO logging_progress.py:233 --   Tasks: 1 [backpressured:tasks(ResourceBudget)]; Actors: 0; Queued blocks: 0 (0.0B); Resources: 1.0 CPU, 0.0B object store
2026-10-05 00:50:14,381	INFO logging_progress.py:192 -- =================================================================
/home/sidhartha/miniconda/envs/spark-ray-a3/lib/python3.11/site-packages/ray/data/_internal/execution/operators/task_pool_map_operator.py:273: UserWarning: The maximum number of concurrent tasks for 'Write' is set to 2, but the operator only received 1 input(s). This means that the operator can launch at most 1 task(s), which is less than the concurrency limit. You might be able to increase the number of concurrent tasks by configuring `override_num_blocks` earlier in the pipeline.
  warnings.warn(
2026-10-05 00:50:21,786	INFO streaming_executor.py:365 -- ✔️  Dataset dataset_034aEcPNOXAeD3o9RpVgV4_0 execution finished in 78.98 seconds
2026-10-05 00:50:22,013	INFO dataset.py:6680 -- Data sink Parquet finished. 2857079 rows and 634.6MiB data written.
2026-10-05 00:50:22,109	INFO streaming_executor.py:214 -- Starting execution of Dataset dataset_034aEeQ6KYHPnVaTXEsyEp_0. Full logs are in /home/sidhartha/raytmp/session/session_2026-10-05_00-46-38_902074_67722/logs/ray-data
2026-10-05 00:50:22,109	INFO streaming_executor.py:215 -- Execution plan of Dataset dataset_034aEeQ6KYHPnVaTXEsyEp_0: InputDataBuffer[Input] -> TaskPoolMapOperator[ListFiles] -> TaskPoolMapOperator[ReadFilesParquetV2->MapBatches(remove_required_nulls)->MapBatches(remove_duplicates)->MapBatches(filter_invalid_trips)->MapBatches(add_timestamp_features)->MapBatches(join_location_lookup)->MapBatches(add_average_speed)->Project] -> TaskPoolMapOperator[Write]
2026-10-05 00:50:22,148	INFO logging_progress.py:174 -- ======= Running Dataset: dataset_034aEeQ6KYHPnVaTXEsyEp_0 =======
2026-10-05 00:50:22,149	INFO logging_progress.py:225 -- Total Progress: 0/?
2026-10-05 00:50:22,149	INFO logging_progress.py:227 -- Active & requested resources: 0/0 CPU, 0.0B/0.0B object store
2026-10-05 00:50:22,149	INFO logging_progress.py:181 -- 
2026-10-05 00:50:22,149	INFO logging_progress.py:231 -- ListFiles: 0/1
2026-10-05 00:50:22,149	INFO logging_progress.py:233 --   Tasks: 1; Actors: 0; Queued blocks: 0 (0.0B); Resources: 1.0 CPU, 0.0B object store
2026-10-05 00:50:22,149	INFO logging_progress.py:231 -- ReadFilesParquetV2->MapBatches(remove_required_nulls)->MapBatches(remove_duplicates)->...->Project: 0/1
2026-10-05 00:50:22,149	INFO logging_progress.py:233 --   Tasks: 0 [backpressured:tasks(ResourceBudget)]; Actors: 0; Queued blocks: 0 (0.0B); Resources: 0.0 CPU, 0.0B object store
2026-10-05 00:50:22,149	INFO logging_progress.py:231 -- Write: 0/1
2026-10-05 00:50:22,149	INFO logging_progress.py:233 --   Tasks: 0 [backpressured:tasks(ResourceBudget)]; Actors: 0; Queued blocks: 0 (0.0B); Resources: 0.0 CPU, 0.0B object store
2026-10-05 00:50:22,149	INFO logging_progress.py:192 -- =================================================================
2026-10-05 00:50:32,150	INFO logging_progress.py:174 -- ======= Running Dataset: dataset_034aEeQ6KYHPnVaTXEsyEp_0 =======
2026-10-05 00:50:32,150	INFO logging_progress.py:225 -- Total Progress: 0/?
2026-10-05 00:50:32,151	INFO logging_progress.py:227 -- Active & requested resources: 1/2 CPU, 59.0B/120.0MiB object store
2026-10-05 00:50:32,151	INFO logging_progress.py:181 -- 
2026-10-05 00:50:32,151	INFO logging_progress.py:231 -- ListFiles: 1/1
2026-10-05 00:50:32,151	INFO logging_progress.py:233 --   Tasks: 0; Actors: 0; Queued blocks: 0 (0.0B); Resources: 0.0 CPU, 59.0B object store
2026-10-05 00:50:32,151	INFO logging_progress.py:231 -- ReadFilesParquetV2->MapBatches(remove_required_nulls)->MapBatches(remove_duplicates)->...->Project: 0/1
2026-10-05 00:50:32,151	INFO logging_progress.py:233 --   Tasks: 1 [backpressured:tasks(ResourceBudget)]; Actors: 0; Queued blocks: 0 (0.0B); Resources: 1.0 CPU, 0.0B object store
2026-10-05 00:50:32,151	INFO logging_progress.py:231 -- Write: 0/1
2026-10-05 00:50:32,151	INFO logging_progress.py:233 --   Tasks: 0; Actors: 0; Queued blocks: 0 (0.0B); Resources: 0.0 CPU, 0.0B object store
2026-10-05 00:50:32,151	INFO logging_progress.py:192 -- =================================================================
2026-10-05 00:50:42,206	INFO logging_progress.py:174 -- ======= Running Dataset: dataset_034aEeQ6KYHPnVaTXEsyEp_0 =======
2026-10-05 00:50:42,207	INFO logging_progress.py:225 -- Total Progress: 0/?
2026-10-05 00:50:42,207	INFO logging_progress.py:227 -- Active & requested resources: 1/2 CPU, 59.0B/120.0MiB object store
2026-10-05 00:50:42,207	INFO logging_progress.py:181 -- 
2026-10-05 00:50:42,207	INFO logging_progress.py:231 -- ListFiles: 1/1
2026-10-05 00:50:42,207	INFO logging_progress.py:233 --   Tasks: 0; Actors: 0; Queued blocks: 0 (0.0B); Resources: 0.0 CPU, 59.0B object store
2026-10-05 00:50:42,208	INFO logging_progress.py:231 -- ReadFilesParquetV2->MapBatches(remove_required_nulls)->MapBatches(remove_duplicates)->...->Project: 0/1
2026-10-05 00:50:42,208	INFO logging_progress.py:233 --   Tasks: 1 [backpressured:tasks(ResourceBudget)]; Actors: 0; Queued blocks: 0 (0.0B); Resources: 1.0 CPU, 0.0B object store
2026-10-05 00:50:42,208	INFO logging_progress.py:231 -- Write: 0/1
2026-10-05 00:50:42,208	INFO logging_progress.py:233 --   Tasks: 0; Actors: 0; Queued blocks: 0 (0.0B); Resources: 0.0 CPU, 0.0B object store
2026-10-05 00:50:42,208	INFO logging_progress.py:192 -- =================================================================
2026-10-05 00:50:52,509	INFO logging_progress.py:174 -- ======= Running Dataset: dataset_034aEeQ6KYHPnVaTXEsyEp_0 =======
2026-10-05 00:50:52,512	INFO logging_progress.py:225 -- Total Progress: 0/?
2026-10-05 00:50:52,513	INFO logging_progress.py:227 -- Active & requested resources: 1/2 CPU, 59.0B/120.0MiB object store
2026-10-05 00:50:52,516	INFO logging_progress.py:181 -- 
2026-10-05 00:50:52,517	INFO logging_progress.py:231 -- ListFiles: 1/1
2026-10-05 00:50:52,518	INFO logging_progress.py:233 --   Tasks: 0; Actors: 0; Queued blocks: 0 (0.0B); Resources: 0.0 CPU, 59.0B object store
2026-10-05 00:50:52,518	INFO logging_progress.py:231 -- ReadFilesParquetV2->MapBatches(remove_required_nulls)->MapBatches(remove_duplicates)->...->Project: 0/1
2026-10-05 00:50:52,519	INFO logging_progress.py:233 --   Tasks: 1 [backpressured:tasks(ResourceBudget)]; Actors: 0; Queued blocks: 0 (0.0B); Resources: 1.0 CPU, 0.0B object store
2026-10-05 00:50:52,519	INFO logging_progress.py:231 -- Write: 0/1
2026-10-05 00:50:52,519	INFO logging_progress.py:233 --   Tasks: 0; Actors: 0; Queued blocks: 0 (0.0B); Resources: 0.0 CPU, 0.0B object store
2026-10-05 00:50:52,519	INFO logging_progress.py:192 -- =================================================================
2026-10-05 00:51:02,577	INFO logging_progress.py:174 -- ======= Running Dataset: dataset_034aEeQ6KYHPnVaTXEsyEp_0 =======
2026-10-05 00:51:02,577	INFO logging_progress.py:225 -- Total Progress: 0/?
2026-10-05 00:51:02,577	INFO logging_progress.py:227 -- Active & requested resources: 2/2 CPU, 1.8GiB/120.0MiB object store
2026-10-05 00:51:02,577	INFO logging_progress.py:181 -- 
2026-10-05 00:51:02,578	INFO logging_progress.py:231 -- ListFiles: 1/1
2026-10-05 00:51:02,578	INFO logging_progress.py:233 --   Tasks: 0; Actors: 0; Queued blocks: 0 (0.0B); Resources: 0.0 CPU, 59.0B object store
2026-10-05 00:51:02,580	INFO logging_progress.py:231 -- ReadFilesParquetV2->MapBatches(remove_required_nulls)->MapBatches(remove_duplicates)->...->Project: 2766567/1
2026-10-05 00:51:02,580	INFO logging_progress.py:233 --   Tasks: 1 [backpressured:tasks(ResourceBudget),outputs(ResourceBudget)]; Actors: 0; Queued blocks: 0 (0.0B); Resources: 1.0 CPU, 1.8GiB object store
2026-10-05 00:51:02,581	INFO logging_progress.py:231 -- Write: 0/1
2026-10-05 00:51:02,581	INFO logging_progress.py:233 --   Tasks: 1 [backpressured:tasks(ResourceBudget)]; Actors: 0; Queued blocks: 0 (0.0B); Resources: 1.0 CPU, 0.0B object store
2026-10-05 00:51:02,581	INFO logging_progress.py:192 -- =================================================================
/home/sidhartha/miniconda/envs/spark-ray-a3/lib/python3.11/site-packages/ray/data/_internal/execution/operators/task_pool_map_operator.py:273: UserWarning: The maximum number of concurrent tasks for 'Write' is set to 2, but the operator only received 1 input(s). This means that the operator can launch at most 1 task(s), which is less than the concurrency limit. You might be able to increase the number of concurrent tasks by configuring `override_num_blocks` earlier in the pipeline.
  warnings.warn(
2026-10-05 00:51:06,473	INFO streaming_executor.py:365 -- ✔️  Dataset dataset_034aEeQ6KYHPnVaTXEsyEp_0 execution finished in 44.35 seconds
2026-10-05 00:51:06,865	INFO dataset.py:6680 -- Data sink Parquet finished. 2766567 rows and 614.5MiB data written.
2026-10-05 00:51:06,989	INFO streaming_executor.py:214 -- Starting execution of Dataset dataset_034aEfYcKdAifuQhfMTgkb_0. Full logs are in /home/sidhartha/raytmp/session/session_2026-10-05_00-46-38_902074_67722/logs/ray-data
2026-10-05 00:51:06,989	INFO streaming_executor.py:215 -- Execution plan of Dataset dataset_034aEfYcKdAifuQhfMTgkb_0: InputDataBuffer[Input] -> TaskPoolMapOperator[ListFiles] -> TaskPoolMapOperator[ReadFilesParquetV2->MapBatches(remove_required_nulls)->MapBatches(remove_duplicates)->MapBatches(filter_invalid_trips)->MapBatches(add_timestamp_features)->MapBatches(join_location_lookup)->MapBatches(add_average_speed)->Project] -> TaskPoolMapOperator[Write]
2026-10-05 00:51:07,061	INFO logging_progress.py:174 -- ======= Running Dataset: dataset_034aEfYcKdAifuQhfMTgkb_0 =======
2026-10-05 00:51:07,061	INFO logging_progress.py:225 -- Total Progress: 0/?
2026-10-05 00:51:07,062	INFO logging_progress.py:227 -- Active & requested resources: 0/0 CPU, 0.0B/0.0B object store
2026-10-05 00:51:07,062	INFO logging_progress.py:181 -- 
2026-10-05 00:51:07,062	INFO logging_progress.py:231 -- ListFiles: 0/1
2026-10-05 00:51:07,062	INFO logging_progress.py:233 --   Tasks: 1; Actors: 0; Queued blocks: 0 (0.0B); Resources: 1.0 CPU, 0.0B object store
2026-10-05 00:51:07,062	INFO logging_progress.py:231 -- ReadFilesParquetV2->MapBatches(remove_required_nulls)->MapBatches(remove_duplicates)->...->Project: 0/1
2026-10-05 00:51:07,062	INFO logging_progress.py:233 --   Tasks: 0 [backpressured:tasks(ResourceBudget)]; Actors: 0; Queued blocks: 0 (0.0B); Resources: 0.0 CPU, 0.0B object store
2026-10-05 00:51:07,062	INFO logging_progress.py:231 -- Write: 0/1
2026-10-05 00:51:07,062	INFO logging_progress.py:233 --   Tasks: 0 [backpressured:tasks(ResourceBudget)]; Actors: 0; Queued blocks: 0 (0.0B); Resources: 0.0 CPU, 0.0B object store
2026-10-05 00:51:07,062	INFO logging_progress.py:192 -- =================================================================
2026-10-05 00:51:17,104	INFO logging_progress.py:174 -- ======= Running Dataset: dataset_034aEfYcKdAifuQhfMTgkb_0 =======
2026-10-05 00:51:17,104	INFO logging_progress.py:225 -- Total Progress: 0/?
2026-10-05 00:51:17,104	INFO logging_progress.py:227 -- Active & requested resources: 1/2 CPU, 59.0B/120.0MiB object store
2026-10-05 00:51:17,104	INFO logging_progress.py:181 -- 
2026-10-05 00:51:17,104	INFO logging_progress.py:231 -- ListFiles: 1/1
2026-10-05 00:51:17,104	INFO logging_progress.py:233 --   Tasks: 0; Actors: 0; Queued blocks: 0 (0.0B); Resources: 0.0 CPU, 59.0B object store
2026-10-05 00:51:17,105	INFO logging_progress.py:231 -- ReadFilesParquetV2->MapBatches(remove_required_nulls)->MapBatches(remove_duplicates)->...->Project: 0/1
2026-10-05 00:51:17,105	INFO logging_progress.py:233 --   Tasks: 1 [backpressured:tasks(ResourceBudget)]; Actors: 0; Queued blocks: 0 (0.0B); Resources: 1.0 CPU, 0.0B object store
2026-10-05 00:51:17,105	INFO logging_progress.py:231 -- Write: 0/1
2026-10-05 00:51:17,105	INFO logging_progress.py:233 --   Tasks: 0; Actors: 0; Queued blocks: 0 (0.0B); Resources: 0.0 CPU, 0.0B object store
2026-10-05 00:51:17,105	INFO logging_progress.py:192 -- =================================================================
2026-10-05 00:51:27,122	INFO logging_progress.py:174 -- ======= Running Dataset: dataset_034aEfYcKdAifuQhfMTgkb_0 =======
2026-10-05 00:51:27,122	INFO logging_progress.py:225 -- Total Progress: 0/?
2026-10-05 00:51:27,122	INFO logging_progress.py:227 -- Active & requested resources: 1/2 CPU, 59.0B/120.0MiB object store
2026-10-05 00:51:27,122	INFO logging_progress.py:181 -- 
2026-10-05 00:51:27,122	INFO logging_progress.py:231 -- ListFiles: 1/1
2026-10-05 00:51:27,122	INFO logging_progress.py:233 --   Tasks: 0; Actors: 0; Queued blocks: 0 (0.0B); Resources: 0.0 CPU, 59.0B object store
2026-10-05 00:51:27,122	INFO logging_progress.py:231 -- ReadFilesParquetV2->MapBatches(remove_required_nulls)->MapBatches(remove_duplicates)->...->Project: 0/1
2026-10-05 00:51:27,123	INFO logging_progress.py:233 --   Tasks: 1 [backpressured:tasks(ResourceBudget)]; Actors: 0; Queued blocks: 0 (0.0B); Resources: 1.0 CPU, 0.0B object store
2026-10-05 00:51:27,123	INFO logging_progress.py:231 -- Write: 0/1
2026-10-05 00:51:27,123	INFO logging_progress.py:233 --   Tasks: 0; Actors: 0; Queued blocks: 0 (0.0B); Resources: 0.0 CPU, 0.0B object store
2026-10-05 00:51:27,123	INFO logging_progress.py:192 -- =================================================================
2026-10-05 00:51:37,186	INFO logging_progress.py:174 -- ======= Running Dataset: dataset_034aEfYcKdAifuQhfMTgkb_0 =======
2026-10-05 00:51:37,186	INFO logging_progress.py:225 -- Total Progress: 0/?
2026-10-05 00:51:37,186	INFO logging_progress.py:227 -- Active & requested resources: 1/2 CPU, 59.0B/120.0MiB object store
2026-10-05 00:51:37,187	INFO logging_progress.py:181 -- 
2026-10-05 00:51:37,187	INFO logging_progress.py:231 -- ListFiles: 1/1
2026-10-05 00:51:37,187	INFO logging_progress.py:233 --   Tasks: 0; Actors: 0; Queued blocks: 0 (0.0B); Resources: 0.0 CPU, 59.0B object store
2026-10-05 00:51:37,187	INFO logging_progress.py:231 -- ReadFilesParquetV2->MapBatches(remove_required_nulls)->MapBatches(remove_duplicates)->...->Project: 0/1
2026-10-05 00:51:37,187	INFO logging_progress.py:233 --   Tasks: 1 [backpressured:tasks(ResourceBudget)]; Actors: 0; Queued blocks: 0 (0.0B); Resources: 1.0 CPU, 0.0B object store
2026-10-05 00:51:37,187	INFO logging_progress.py:231 -- Write: 0/1
2026-10-05 00:51:37,187	INFO logging_progress.py:233 --   Tasks: 0; Actors: 0; Queued blocks: 0 (0.0B); Resources: 0.0 CPU, 0.0B object store
2026-10-05 00:51:37,187	INFO logging_progress.py:192 -- =================================================================
[36m(raylet)[0m Spilled 2584 MiB, 4 objects, write throughput 89 MiB/s. Set RAY_verbose_spill_logs=0 to disable this message.
/home/sidhartha/miniconda/envs/spark-ray-a3/lib/python3.11/site-packages/ray/data/_internal/execution/operators/task_pool_map_operator.py:273: UserWarning: The maximum number of concurrent tasks for 'Write' is set to 2, but the operator only received 1 input(s). This means that the operator can launch at most 1 task(s), which is less than the concurrency limit. You might be able to increase the number of concurrent tasks by configuring `override_num_blocks` earlier in the pipeline.
  warnings.warn(
2026-10-05 00:51:46,026	INFO streaming_executor.py:365 -- ✔️  Dataset dataset_034aEfYcKdAifuQhfMTgkb_0 execution finished in 39.04 seconds
2026-10-05 00:51:46,160	INFO dataset.py:6680 -- Data sink Parquet finished. 2747974 rows and 611.1MiB data written.
2026-10-05 00:51:46,222	INFO streaming_executor.py:214 -- Starting execution of Dataset dataset_034aEgYMeMYGHHsSM4a1Sg_0. Full logs are in /home/sidhartha/raytmp/session/session_2026-10-05_00-46-38_902074_67722/logs/ray-data
2026-10-05 00:51:46,222	INFO streaming_executor.py:215 -- Execution plan of Dataset dataset_034aEgYMeMYGHHsSM4a1Sg_0: InputDataBuffer[Input] -> TaskPoolMapOperator[ListFiles] -> TaskPoolMapOperator[ReadFilesParquetV2->MapBatches(remove_required_nulls)->MapBatches(remove_duplicates)->MapBatches(filter_invalid_trips)->MapBatches(add_timestamp_features)->MapBatches(join_location_lookup)->MapBatches(add_average_speed)->Project] -> TaskPoolMapOperator[Write]
2026-10-05 00:51:46,253	INFO logging_progress.py:174 -- ======= Running Dataset: dataset_034aEgYMeMYGHHsSM4a1Sg_0 =======
2026-10-05 00:51:46,253	INFO logging_progress.py:225 -- Total Progress: 0/?
2026-10-05 00:51:46,253	INFO logging_progress.py:227 -- Active & requested resources: 0/0 CPU, 0.0B/0.0B object store
2026-10-05 00:51:46,254	INFO logging_progress.py:181 -- 
2026-10-05 00:51:46,254	INFO logging_progress.py:231 -- ListFiles: 0/1
2026-10-05 00:51:46,254	INFO logging_progress.py:233 --   Tasks: 1; Actors: 0; Queued blocks: 0 (0.0B); Resources: 1.0 CPU, 0.0B object store
2026-10-05 00:51:46,254	INFO logging_progress.py:231 -- ReadFilesParquetV2->MapBatches(remove_required_nulls)->MapBatches(remove_duplicates)->...->Project: 0/1
2026-10-05 00:51:46,254	INFO logging_progress.py:233 --   Tasks: 0 [backpressured:tasks(ResourceBudget)]; Actors: 0; Queued blocks: 0 (0.0B); Resources: 0.0 CPU, 0.0B object store
2026-10-05 00:51:46,254	INFO logging_progress.py:231 -- Write: 0/1
2026-10-05 00:51:46,254	INFO logging_progress.py:233 --   Tasks: 0 [backpressured:tasks(ResourceBudget)]; Actors: 0; Queued blocks: 0 (0.0B); Resources: 0.0 CPU, 0.0B object store
2026-10-05 00:51:46,254	INFO logging_progress.py:192 -- =================================================================
2026-10-05 00:51:56,354	INFO logging_progress.py:174 -- ======= Running Dataset: dataset_034aEgYMeMYGHHsSM4a1Sg_0 =======
2026-10-05 00:51:56,355	INFO logging_progress.py:225 -- Total Progress: 0/?
2026-10-05 00:51:56,355	INFO logging_progress.py:227 -- Active & requested resources: 1/2 CPU, 59.0B/120.0MiB object store
2026-10-05 00:51:56,355	INFO logging_progress.py:181 -- 
2026-10-05 00:51:56,355	INFO logging_progress.py:231 -- ListFiles: 1/1
2026-10-05 00:51:56,355	INFO logging_progress.py:233 --   Tasks: 0; Actors: 0; Queued blocks: 0 (0.0B); Resources: 0.0 CPU, 59.0B object store
2026-10-05 00:51:56,362	INFO logging_progress.py:231 -- ReadFilesParquetV2->MapBatches(remove_required_nulls)->MapBatches(remove_duplicates)->...->Project: 0/1
2026-10-05 00:51:56,362	INFO logging_progress.py:233 --   Tasks: 1 [backpressured:tasks(ResourceBudget)]; Actors: 0; Queued blocks: 0 (0.0B); Resources: 1.0 CPU, 0.0B object store
2026-10-05 00:51:56,363	INFO logging_progress.py:231 -- Write: 0/1
2026-10-05 00:51:56,363	INFO logging_progress.py:233 --   Tasks: 0; Actors: 0; Queued blocks: 0 (0.0B); Resources: 0.0 CPU, 0.0B object store
2026-10-05 00:51:56,363	INFO logging_progress.py:192 -- =================================================================
2026-10-05 00:52:06,443	INFO logging_progress.py:174 -- ======= Running Dataset: dataset_034aEgYMeMYGHHsSM4a1Sg_0 =======
2026-10-05 00:52:06,444	INFO logging_progress.py:225 -- Total Progress: 0/?
2026-10-05 00:52:06,444	INFO logging_progress.py:227 -- Active & requested resources: 1/2 CPU, 59.0B/120.0MiB object store
2026-10-05 00:52:06,444	INFO logging_progress.py:181 -- 
2026-10-05 00:52:06,444	INFO logging_progress.py:231 -- ListFiles: 1/1
2026-10-05 00:52:06,444	INFO logging_progress.py:233 --   Tasks: 0; Actors: 0; Queued blocks: 0 (0.0B); Resources: 0.0 CPU, 59.0B object store
2026-10-05 00:52:06,444	INFO logging_progress.py:231 -- ReadFilesParquetV2->MapBatches(remove_required_nulls)->MapBatches(remove_duplicates)->...->Project: 0/1
2026-10-05 00:52:06,444	INFO logging_progress.py:233 --   Tasks: 1 [backpressured:tasks(ResourceBudget)]; Actors: 0; Queued blocks: 0 (0.0B); Resources: 1.0 CPU, 0.0B object store
2026-10-05 00:52:06,444	INFO logging_progress.py:231 -- Write: 0/1
2026-10-05 00:52:06,444	INFO logging_progress.py:233 --   Tasks: 0; Actors: 0; Queued blocks: 0 (0.0B); Resources: 0.0 CPU, 0.0B object store
2026-10-05 00:52:06,444	INFO logging_progress.py:192 -- =================================================================
2026-10-05 00:52:17,301	INFO logging_progress.py:174 -- ======= Running Dataset: dataset_034aEgYMeMYGHHsSM4a1Sg_0 =======
2026-10-05 00:52:17,303	INFO logging_progress.py:225 -- Total Progress: 0/?
2026-10-05 00:52:17,303	INFO logging_progress.py:227 -- Active & requested resources: 1/2 CPU, 59.0B/120.0MiB object store
2026-10-05 00:52:17,304	INFO logging_progress.py:181 -- 
2026-10-05 00:52:17,304	INFO logging_progress.py:231 -- ListFiles: 1/1
2026-10-05 00:52:17,304	INFO logging_progress.py:233 --   Tasks: 0; Actors: 0; Queued blocks: 0 (0.0B); Resources: 0.0 CPU, 59.0B object store
2026-10-05 00:52:17,305	INFO logging_progress.py:231 -- ReadFilesParquetV2->MapBatches(remove_required_nulls)->MapBatches(remove_duplicates)->...->Project: 0/1
2026-10-05 00:52:17,305	INFO logging_progress.py:233 --   Tasks: 1 [backpressured:tasks(ResourceBudget)]; Actors: 0; Queued blocks: 0 (0.0B); Resources: 1.0 CPU, 0.0B object store
2026-10-05 00:52:17,305	INFO logging_progress.py:231 -- Write: 0/1
2026-10-05 00:52:17,306	INFO logging_progress.py:233 --   Tasks: 0; Actors: 0; Queued blocks: 0 (0.0B); Resources: 0.0 CPU, 0.0B object store
2026-10-05 00:52:17,309	INFO logging_progress.py:192 -- =================================================================
2026-10-05 00:52:28,792	INFO logging_progress.py:174 -- ======= Running Dataset: dataset_034aEgYMeMYGHHsSM4a1Sg_0 =======
2026-10-05 00:52:28,848	INFO logging_progress.py:225 -- Total Progress: 0/?
2026-10-05 00:52:28,849	INFO logging_progress.py:227 -- Active & requested resources: 1/2 CPU, 59.0B/120.0MiB object store
2026-10-05 00:52:28,849	INFO logging_progress.py:181 -- 
2026-10-05 00:52:28,849	INFO logging_progress.py:231 -- ListFiles: 1/1
2026-10-05 00:52:28,849	INFO logging_progress.py:233 --   Tasks: 0; Actors: 0; Queued blocks: 0 (0.0B); Resources: 0.0 CPU, 59.0B object store
2026-10-05 00:52:28,849	INFO logging_progress.py:231 -- ReadFilesParquetV2->MapBatches(remove_required_nulls)->MapBatches(remove_duplicates)->...->Project: 0/1
2026-10-05 00:52:28,849	INFO logging_progress.py:233 --   Tasks: 1 [backpressured:tasks(ResourceBudget)]; Actors: 0; Queued blocks: 0 (0.0B); Resources: 1.0 CPU, 0.0B object store
2026-10-05 00:52:28,850	INFO logging_progress.py:231 -- Write: 0/1
2026-10-05 00:52:28,850	INFO logging_progress.py:233 --   Tasks: 0; Actors: 0; Queued blocks: 0 (0.0B); Resources: 0.0 CPU, 0.0B object store
2026-10-05 00:52:28,852	INFO logging_progress.py:192 -- =================================================================
2026-10-05 00:52:39,042	INFO logging_progress.py:174 -- ======= Running Dataset: dataset_034aEgYMeMYGHHsSM4a1Sg_0 =======
2026-10-05 00:52:39,053	INFO logging_progress.py:225 -- Total Progress: 0/?
2026-10-05 00:52:39,093	INFO logging_progress.py:227 -- Active & requested resources: 2/2 CPU, 2.2GiB/120.0MiB object store
2026-10-05 00:52:39,104	INFO logging_progress.py:181 -- 
2026-10-05 00:52:39,104	INFO logging_progress.py:231 -- ListFiles: 1/1
2026-10-05 00:52:39,104	INFO logging_progress.py:233 --   Tasks: 0; Actors: 0; Queued blocks: 0 (0.0B); Resources: 0.0 CPU, 59.0B object store
2026-10-05 00:52:39,104	INFO logging_progress.py:231 -- ReadFilesParquetV2->MapBatches(remove_required_nulls)->MapBatches(remove_duplicates)->...->Project: 3400429/1
2026-10-05 00:52:39,104	INFO logging_progress.py:233 --   Tasks: 1 [backpressured:tasks(ResourceBudget),outputs(ResourceBudget)]; Actors: 0; Queued blocks: 0 (0.0B); Resources: 1.0 CPU, 2.2GiB object store
2026-10-05 00:52:39,105	INFO logging_progress.py:231 -- Write: 0/1
2026-10-05 00:52:39,105	INFO logging_progress.py:233 --   Tasks: 1 [backpressured:tasks(ResourceBudget)]; Actors: 0; Queued blocks: 0 (0.0B); Resources: 1.0 CPU, 0.0B object store
2026-10-05 00:52:39,105	INFO logging_progress.py:192 -- =================================================================
/home/sidhartha/miniconda/envs/spark-ray-a3/lib/python3.11/site-packages/ray/data/_internal/execution/operators/task_pool_map_operator.py:273: UserWarning: The maximum number of concurrent tasks for 'Write' is set to 2, but the operator only received 1 input(s). This means that the operator can launch at most 1 task(s), which is less than the concurrency limit. You might be able to increase the number of concurrent tasks by configuring `override_num_blocks` earlier in the pipeline.
  warnings.warn(
2026-10-05 00:52:46,620	INFO streaming_executor.py:365 -- ✔️  Dataset dataset_034aEgYMeMYGHHsSM4a1Sg_0 execution finished in 60.39 seconds
2026-10-05 00:52:46,760	INFO dataset.py:6680 -- Data sink Parquet finished. 3400429 rows and 756.7MiB data written.
2026-10-05 00:52:46,826	INFO streaming_executor.py:214 -- Starting execution of Dataset dataset_034aEi5eKPbnN96Lk37UVv_0. Full logs are in /home/sidhartha/raytmp/session/session_2026-10-05_00-46-38_902074_67722/logs/ray-data
2026-10-05 00:52:46,826	INFO streaming_executor.py:215 -- Execution plan of Dataset dataset_034aEi5eKPbnN96Lk37UVv_0: InputDataBuffer[Input] -> TaskPoolMapOperator[ListFiles] -> TaskPoolMapOperator[ReadFilesParquetV2->MapBatches(remove_required_nulls)->MapBatches(remove_duplicates)->MapBatches(filter_invalid_trips)->MapBatches(add_timestamp_features)->MapBatches(join_location_lookup)->MapBatches(add_average_speed)->Project] -> TaskPoolMapOperator[Write]
2026-10-05 00:52:46,857	INFO logging_progress.py:174 -- ======= Running Dataset: dataset_034aEi5eKPbnN96Lk37UVv_0 =======
2026-10-05 00:52:46,858	INFO logging_progress.py:225 -- Total Progress: 0/?
2026-10-05 00:52:46,858	INFO logging_progress.py:227 -- Active & requested resources: 0/0 CPU, 0.0B/0.0B object store
2026-10-05 00:52:46,858	INFO logging_progress.py:181 -- 
2026-10-05 00:52:46,858	INFO logging_progress.py:231 -- ListFiles: 0/1
2026-10-05 00:52:46,858	INFO logging_progress.py:233 --   Tasks: 1; Actors: 0; Queued blocks: 0 (0.0B); Resources: 1.0 CPU, 0.0B object store
2026-10-05 00:52:46,858	INFO logging_progress.py:231 -- ReadFilesParquetV2->MapBatches(remove_required_nulls)->MapBatches(remove_duplicates)->...->Project: 0/1
2026-10-05 00:52:46,858	INFO logging_progress.py:233 --   Tasks: 0 [backpressured:tasks(ResourceBudget)]; Actors: 0; Queued blocks: 0 (0.0B); Resources: 0.0 CPU, 0.0B object store
2026-10-05 00:52:46,858	INFO logging_progress.py:231 -- Write: 0/1
2026-10-05 00:52:46,858	INFO logging_progress.py:233 --   Tasks: 0 [backpressured:tasks(ResourceBudget)]; Actors: 0; Queued blocks: 0 (0.0B); Resources: 0.0 CPU, 0.0B object store
2026-10-05 00:52:46,858	INFO logging_progress.py:192 -- =================================================================
2026-10-05 00:52:56,880	INFO logging_progress.py:174 -- ======= Running Dataset: dataset_034aEi5eKPbnN96Lk37UVv_0 =======
2026-10-05 00:52:56,881	INFO logging_progress.py:225 -- Total Progress: 0/?
2026-10-05 00:52:56,881	INFO logging_progress.py:227 -- Active & requested resources: 1/2 CPU, 59.0B/120.0MiB object store
2026-10-05 00:52:56,881	INFO logging_progress.py:181 -- 
2026-10-05 00:52:56,881	INFO logging_progress.py:231 -- ListFiles: 1/1
2026-10-05 00:52:56,881	INFO logging_progress.py:233 --   Tasks: 0; Actors: 0; Queued blocks: 0 (0.0B); Resources: 0.0 CPU, 59.0B object store
2026-10-05 00:52:56,881	INFO logging_progress.py:231 -- ReadFilesParquetV2->MapBatches(remove_required_nulls)->MapBatches(remove_duplicates)->...->Project: 0/1
2026-10-05 00:52:56,882	INFO logging_progress.py:233 --   Tasks: 1 [backpressured:tasks(ResourceBudget)]; Actors: 0; Queued blocks: 0 (0.0B); Resources: 1.0 CPU, 0.0B object store
2026-10-05 00:52:56,882	INFO logging_progress.py:231 -- Write: 0/1
2026-10-05 00:52:56,882	INFO logging_progress.py:233 --   Tasks: 0; Actors: 0; Queued blocks: 0 (0.0B); Resources: 0.0 CPU, 0.0B object store
2026-10-05 00:52:56,882	INFO logging_progress.py:192 -- =================================================================
2026-10-05 00:53:06,926	INFO logging_progress.py:174 -- ======= Running Dataset: dataset_034aEi5eKPbnN96Lk37UVv_0 =======
2026-10-05 00:53:06,926	INFO logging_progress.py:225 -- Total Progress: 0/?
2026-10-05 00:53:06,926	INFO logging_progress.py:227 -- Active & requested resources: 1/2 CPU, 59.0B/120.0MiB object store
2026-10-05 00:53:06,926	INFO logging_progress.py:181 -- 
2026-10-05 00:53:06,926	INFO logging_progress.py:231 -- ListFiles: 1/1
2026-10-05 00:53:06,926	INFO logging_progress.py:233 --   Tasks: 0; Actors: 0; Queued blocks: 0 (0.0B); Resources: 0.0 CPU, 59.0B object store
2026-10-05 00:53:06,926	INFO logging_progress.py:231 -- ReadFilesParquetV2->MapBatches(remove_required_nulls)->MapBatches(remove_duplicates)->...->Project: 0/1
2026-10-05 00:53:06,926	INFO logging_progress.py:233 --   Tasks: 1 [backpressured:tasks(ResourceBudget)]; Actors: 0; Queued blocks: 0 (0.0B); Resources: 1.0 CPU, 0.0B object store
2026-10-05 00:53:06,926	INFO logging_progress.py:231 -- Write: 0/1
2026-10-05 00:53:06,926	INFO logging_progress.py:233 --   Tasks: 0; Actors: 0; Queued blocks: 0 (0.0B); Resources: 0.0 CPU, 0.0B object store
2026-10-05 00:53:06,927	INFO logging_progress.py:192 -- =================================================================
2026-10-05 00:53:17,096	INFO logging_progress.py:174 -- ======= Running Dataset: dataset_034aEi5eKPbnN96Lk37UVv_0 =======
2026-10-05 00:53:17,108	INFO logging_progress.py:225 -- Total Progress: 0/?
2026-10-05 00:53:17,108	INFO logging_progress.py:227 -- Active & requested resources: 1/2 CPU, 2.1GiB/120.0MiB object store
2026-10-05 00:53:17,108	INFO logging_progress.py:181 -- 
2026-10-05 00:53:17,109	INFO logging_progress.py:231 -- ListFiles: 1/1
2026-10-05 00:53:17,112	INFO logging_progress.py:233 --   Tasks: 0; Actors: 0; Queued blocks: 0 (0.0B); Resources: 0.0 CPU, 59.0B object store
2026-10-05 00:53:17,114	INFO logging_progress.py:231 -- ReadFilesParquetV2->MapBatches(remove_required_nulls)->MapBatches(remove_duplicates)->...->Project: 3236248/1
2026-10-05 00:53:17,114	INFO logging_progress.py:233 --   Tasks: 1 [backpressured:tasks(ResourceBudget)]; Actors: 0; Queued blocks: 0 (0.0B); Resources: 1.0 CPU, 2.1GiB object store
2026-10-05 00:53:17,114	INFO logging_progress.py:231 -- Write: 0/1
2026-10-05 00:53:17,114	INFO logging_progress.py:233 --   Tasks: 1; Actors: 0; Queued blocks: 0 (0.0B); Resources: 1.0 CPU, 0.0B object store
2026-10-05 00:53:17,114	INFO logging_progress.py:192 -- =================================================================
2026-10-05 00:53:27,165	INFO logging_progress.py:174 -- ======= Running Dataset: dataset_034aEi5eKPbnN96Lk37UVv_0 =======
2026-10-05 00:53:27,166	INFO logging_progress.py:225 -- Total Progress: 0/?
2026-10-05 00:53:27,166	INFO logging_progress.py:227 -- Active & requested resources: 2/2 CPU, 2.1GiB/120.0MiB object store
2026-10-05 00:53:27,166	INFO logging_progress.py:181 -- 
2026-10-05 00:53:27,166	INFO logging_progress.py:231 -- ListFiles: 1/1
2026-10-05 00:53:27,166	INFO logging_progress.py:233 --   Tasks: 0; Actors: 0; Queued blocks: 0 (0.0B); Resources: 0.0 CPU, 59.0B object store
2026-10-05 00:53:27,166	INFO logging_progress.py:231 -- ReadFilesParquetV2->MapBatches(remove_required_nulls)->MapBatches(remove_duplicates)->...->Project: 3236248/1
2026-10-05 00:53:27,166	INFO logging_progress.py:233 --   Tasks: 1 [backpressured:tasks(ResourceBudget),outputs(ResourceBudget)]; Actors: 0; Queued blocks: 0 (0.0B); Resources: 1.0 CPU, 2.1GiB object store
2026-10-05 00:53:27,166	INFO logging_progress.py:231 -- Write: 0/1
2026-10-05 00:53:27,166	INFO logging_progress.py:233 --   Tasks: 1 [backpressured:tasks(ResourceBudget)]; Actors: 0; Queued blocks: 0 (0.0B); Resources: 1.0 CPU, 0.0B object store
2026-10-05 00:53:27,166	INFO logging_progress.py:192 -- =================================================================
/home/sidhartha/miniconda/envs/spark-ray-a3/lib/python3.11/site-packages/ray/data/_internal/execution/operators/task_pool_map_operator.py:273: UserWarning: The maximum number of concurrent tasks for 'Write' is set to 2, but the operator only received 1 input(s). This means that the operator can launch at most 1 task(s), which is less than the concurrency limit. You might be able to increase the number of concurrent tasks by configuring `override_num_blocks` earlier in the pipeline.
  warnings.warn(
2026-10-05 00:53:27,457	INFO streaming_executor.py:365 -- ✔️  Dataset dataset_034aEi5eKPbnN96Lk37UVv_0 execution finished in 40.63 seconds
2026-10-05 00:53:27,569	INFO dataset.py:6680 -- Data sink Parquet finished. 3236248 rows and 720.4MiB data written.
2026-10-05 00:53:27,633	INFO streaming_executor.py:214 -- Starting execution of Dataset dataset_034aEj7oCTH5NepMjbxuaE_0. Full logs are in /home/sidhartha/raytmp/session/session_2026-10-05_00-46-38_902074_67722/logs/ray-data
2026-10-05 00:53:27,633	INFO streaming_executor.py:215 -- Execution plan of Dataset dataset_034aEj7oCTH5NepMjbxuaE_0: InputDataBuffer[Input] -> TaskPoolMapOperator[ListFiles] -> TaskPoolMapOperator[ReadFilesParquetV2->MapBatches(remove_required_nulls)->MapBatches(remove_duplicates)->MapBatches(filter_invalid_trips)->MapBatches(add_timestamp_features)->MapBatches(join_location_lookup)->MapBatches(add_average_speed)->Project] -> TaskPoolMapOperator[Write]
2026-10-05 00:53:27,662	INFO logging_progress.py:174 -- ======= Running Dataset: dataset_034aEj7oCTH5NepMjbxuaE_0 =======
2026-10-05 00:53:27,662	INFO logging_progress.py:225 -- Total Progress: 0/?
2026-10-05 00:53:27,662	INFO logging_progress.py:227 -- Active & requested resources: 0/0 CPU, 0.0B/0.0B object store
2026-10-05 00:53:27,662	INFO logging_progress.py:181 -- 
2026-10-05 00:53:27,663	INFO logging_progress.py:231 -- ListFiles: 0/1
2026-10-05 00:53:27,663	INFO logging_progress.py:233 --   Tasks: 1; Actors: 0; Queued blocks: 0 (0.0B); Resources: 1.0 CPU, 0.0B object store
2026-10-05 00:53:27,663	INFO logging_progress.py:231 -- ReadFilesParquetV2->MapBatches(remove_required_nulls)->MapBatches(remove_duplicates)->...->Project: 0/1
2026-10-05 00:53:27,663	INFO logging_progress.py:233 --   Tasks: 0 [backpressured:tasks(ResourceBudget)]; Actors: 0; Queued blocks: 0 (0.0B); Resources: 0.0 CPU, 0.0B object store
2026-10-05 00:53:27,663	INFO logging_progress.py:231 -- Write: 0/1
2026-10-05 00:53:27,663	INFO logging_progress.py:233 --   Tasks: 0 [backpressured:tasks(ResourceBudget)]; Actors: 0; Queued blocks: 0 (0.0B); Resources: 0.0 CPU, 0.0B object store
2026-10-05 00:53:27,663	INFO logging_progress.py:192 -- =================================================================
2026-10-05 00:53:37,758	INFO logging_progress.py:174 -- ======= Running Dataset: dataset_034aEj7oCTH5NepMjbxuaE_0 =======
2026-10-05 00:53:37,759	INFO logging_progress.py:225 -- Total Progress: 0/?
2026-10-05 00:53:37,759	INFO logging_progress.py:227 -- Active & requested resources: 1/2 CPU, 59.0B/120.0MiB object store
2026-10-05 00:53:37,759	INFO logging_progress.py:181 -- 
2026-10-05 00:53:37,759	INFO logging_progress.py:231 -- ListFiles: 1/1
2026-10-05 00:53:37,759	INFO logging_progress.py:233 --   Tasks: 0; Actors: 0; Queued blocks: 0 (0.0B); Resources: 0.0 CPU, 59.0B object store
2026-10-05 00:53:37,759	INFO logging_progress.py:231 -- ReadFilesParquetV2->MapBatches(remove_required_nulls)->MapBatches(remove_duplicates)->...->Project: 0/1
2026-10-05 00:53:37,759	INFO logging_progress.py:233 --   Tasks: 1 [backpressured:tasks(ResourceBudget)]; Actors: 0; Queued blocks: 0 (0.0B); Resources: 1.0 CPU, 0.0B object store
2026-10-05 00:53:37,759	INFO logging_progress.py:231 -- Write: 0/1
2026-10-05 00:53:37,759	INFO logging_progress.py:233 --   Tasks: 0; Actors: 0; Queued blocks: 0 (0.0B); Resources: 0.0 CPU, 0.0B object store
2026-10-05 00:53:37,760	INFO logging_progress.py:192 -- =================================================================
2026-10-05 00:53:47,765	INFO logging_progress.py:174 -- ======= Running Dataset: dataset_034aEj7oCTH5NepMjbxuaE_0 =======
2026-10-05 00:53:47,766	INFO logging_progress.py:225 -- Total Progress: 0/?
2026-10-05 00:53:47,766	INFO logging_progress.py:227 -- Active & requested resources: 1/2 CPU, 59.0B/120.0MiB object store
2026-10-05 00:53:47,766	INFO logging_progress.py:181 -- 
2026-10-05 00:53:47,766	INFO logging_progress.py:231 -- ListFiles: 1/1
2026-10-05 00:53:47,766	INFO logging_progress.py:233 --   Tasks: 0; Actors: 0; Queued blocks: 0 (0.0B); Resources: 0.0 CPU, 59.0B object store
2026-10-05 00:53:47,767	INFO logging_progress.py:231 -- ReadFilesParquetV2->MapBatches(remove_required_nulls)->MapBatches(remove_duplicates)->...->Project: 0/1
2026-10-05 00:53:47,767	INFO logging_progress.py:233 --   Tasks: 1 [backpressured:tasks(ResourceBudget)]; Actors: 0; Queued blocks: 0 (0.0B); Resources: 1.0 CPU, 0.0B object store
2026-10-05 00:53:47,767	INFO logging_progress.py:231 -- Write: 0/1
2026-10-05 00:53:47,767	INFO logging_progress.py:233 --   Tasks: 0; Actors: 0; Queued blocks: 0 (0.0B); Resources: 0.0 CPU, 0.0B object store
2026-10-05 00:53:47,767	INFO logging_progress.py:192 -- =================================================================
2026-10-05 00:53:57,853	INFO logging_progress.py:174 -- ======= Running Dataset: dataset_034aEj7oCTH5NepMjbxuaE_0 =======
2026-10-05 00:53:57,863	INFO logging_progress.py:225 -- Total Progress: 0/?
2026-10-05 00:53:57,867	INFO logging_progress.py:227 -- Active & requested resources: 1/2 CPU, 59.0B/120.0MiB object store
2026-10-05 00:53:57,867	INFO logging_progress.py:181 -- 
2026-10-05 00:53:57,876	INFO logging_progress.py:231 -- ListFiles: 1/1
2026-10-05 00:53:57,877	INFO logging_progress.py:233 --   Tasks: 0; Actors: 0; Queued blocks: 0 (0.0B); Resources: 0.0 CPU, 59.0B object store
2026-10-05 00:53:57,878	INFO logging_progress.py:231 -- ReadFilesParquetV2->MapBatches(remove_required_nulls)->MapBatches(remove_duplicates)->...->Project: 0/1
2026-10-05 00:53:57,880	INFO logging_progress.py:233 --   Tasks: 1 [backpressured:tasks(ResourceBudget)]; Actors: 0; Queued blocks: 0 (0.0B); Resources: 1.0 CPU, 0.0B object store
2026-10-05 00:53:57,881	INFO logging_progress.py:231 -- Write: 0/1
2026-10-05 00:53:57,881	INFO logging_progress.py:233 --   Tasks: 0; Actors: 0; Queued blocks: 0 (0.0B); Resources: 0.0 CPU, 0.0B object store
2026-10-05 00:53:57,883	INFO logging_progress.py:192 -- =================================================================
2026-10-05 00:54:07,904	INFO logging_progress.py:174 -- ======= Running Dataset: dataset_034aEj7oCTH5NepMjbxuaE_0 =======
2026-10-05 00:54:07,910	INFO logging_progress.py:225 -- Total Progress: 0/?
2026-10-05 00:54:07,910	INFO logging_progress.py:227 -- Active & requested resources: 2/2 CPU, 2.2GiB/120.0MiB object store
2026-10-05 00:54:07,911	INFO logging_progress.py:181 -- 
2026-10-05 00:54:07,911	INFO logging_progress.py:231 -- ListFiles: 1/1
2026-10-05 00:54:07,911	INFO logging_progress.py:233 --   Tasks: 0; Actors: 0; Queued blocks: 0 (0.0B); Resources: 0.0 CPU, 59.0B object store
2026-10-05 00:54:07,912	INFO logging_progress.py:231 -- ReadFilesParquetV2->MapBatches(remove_required_nulls)->MapBatches(remove_duplicates)->...->Project: 3303105/1
2026-10-05 00:54:07,912	INFO logging_progress.py:233 --   Tasks: 1 [backpressured:tasks(ResourceBudget),outputs(ResourceBudget)]; Actors: 0; Queued blocks: 0 (0.0B); Resources: 1.0 CPU, 2.2GiB object store
2026-10-05 00:54:07,912	INFO logging_progress.py:231 -- Write: 0/1
2026-10-05 00:54:07,916	INFO logging_progress.py:233 --   Tasks: 1 [backpressured:tasks(ResourceBudget)]; Actors: 0; Queued blocks: 0 (0.0B); Resources: 1.0 CPU, 0.0B object store
2026-10-05 00:54:07,916	INFO logging_progress.py:192 -- =================================================================
[36m(raylet)[0m Spilled 4797 MiB, 7 objects, write throughput 95 MiB/s.
2026-10-05 00:54:32,468	INFO logging_progress.py:174 -- ======= Running Dataset: dataset_034aEj7oCTH5NepMjbxuaE_0 =======
2026-10-05 00:54:32,473	INFO logging_progress.py:225 -- Total Progress: 0/?
2026-10-05 00:54:32,478	INFO logging_progress.py:227 -- Active & requested resources: 2/2 CPU, 2.2GiB/120.0MiB object store
2026-10-05 00:54:32,482	INFO logging_progress.py:181 -- 
2026-10-05 00:54:32,482	INFO logging_progress.py:231 -- ListFiles: 1/1
2026-10-05 00:54:32,482	INFO logging_progress.py:233 --   Tasks: 0; Actors: 0; Queued blocks: 0 (0.0B); Resources: 0.0 CPU, 59.0B object store
2026-10-05 00:54:32,482	INFO logging_progress.py:231 -- ReadFilesParquetV2->MapBatches(remove_required_nulls)->MapBatches(remove_duplicates)->...->Project: 3303105/1
2026-10-05 00:54:32,483	INFO logging_progress.py:233 --   Tasks: 1 [backpressured:tasks(ResourceBudget),outputs(ResourceBudget)]; Actors: 0; Queued blocks: 0 (0.0B); Resources: 1.0 CPU, 2.2GiB object store
2026-10-05 00:54:32,483	INFO logging_progress.py:231 -- Write: 0/1
2026-10-05 00:54:32,484	INFO logging_progress.py:233 --   Tasks: 1 [backpressured:tasks(ResourceBudget)]; Actors: 0; Queued blocks: 0 (0.0B); Resources: 1.0 CPU, 0.0B object store
2026-10-05 00:54:32,484	INFO logging_progress.py:192 -- =================================================================
2026-10-05 00:54:42,538	INFO logging_progress.py:174 -- ======= Running Dataset: dataset_034aEj7oCTH5NepMjbxuaE_0 =======
2026-10-05 00:54:42,544	INFO logging_progress.py:225 -- Total Progress: 0/?
2026-10-05 00:54:42,544	INFO logging_progress.py:227 -- Active & requested resources: 2/2 CPU, 2.2GiB/120.0MiB object store
2026-10-05 00:54:42,545	INFO logging_progress.py:181 -- 
2026-10-05 00:54:42,545	INFO logging_progress.py:231 -- ListFiles: 1/1
2026-10-05 00:54:42,545	INFO logging_progress.py:233 --   Tasks: 0; Actors: 0; Queued blocks: 0 (0.0B); Resources: 0.0 CPU, 59.0B object store
2026-10-05 00:54:42,550	INFO logging_progress.py:231 -- ReadFilesParquetV2->MapBatches(remove_required_nulls)->MapBatches(remove_duplicates)->...->Project: 3303105/1
2026-10-05 00:54:42,550	INFO logging_progress.py:233 --   Tasks: 1 [backpressured:tasks(ResourceBudget),outputs(ResourceBudget)]; Actors: 0; Queued blocks: 0 (0.0B); Resources: 1.0 CPU, 2.2GiB object store
2026-10-05 00:54:42,552	INFO logging_progress.py:231 -- Write: 0/1
2026-10-05 00:54:42,552	INFO logging_progress.py:233 --   Tasks: 1 [backpressured:tasks(ResourceBudget)]; Actors: 0; Queued blocks: 0 (0.0B); Resources: 1.0 CPU, 0.0B object store
2026-10-05 00:54:42,552	INFO logging_progress.py:192 -- =================================================================
/home/sidhartha/miniconda/envs/spark-ray-a3/lib/python3.11/site-packages/ray/data/_internal/execution/operators/task_pool_map_operator.py:273: UserWarning: The maximum number of concurrent tasks for 'Write' is set to 2, but the operator only received 1 input(s). This means that the operator can launch at most 1 task(s), which is less than the concurrency limit. You might be able to increase the number of concurrent tasks by configuring `override_num_blocks` earlier in the pipeline.
  warnings.warn(
2026-10-05 00:54:52,880	INFO logging_progress.py:174 -- ======= Running Dataset: dataset_034aEj7oCTH5NepMjbxuaE_0 =======
2026-10-05 00:54:52,911	INFO logging_progress.py:225 -- Total Progress: 0/?
2026-10-05 00:54:52,911	INFO logging_progress.py:227 -- Active & requested resources: 1/2 CPU, 738.2MiB/120.0MiB object store
2026-10-05 00:54:52,912	INFO logging_progress.py:181 -- 
2026-10-05 00:54:52,941	INFO logging_progress.py:231 -- ListFiles: 1/1
2026-10-05 00:54:52,942	INFO logging_progress.py:233 --   Tasks: 0; Actors: 0; Queued blocks: 0 (0.0B); Resources: 0.0 CPU, 0.0B object store
2026-10-05 00:54:52,942	INFO logging_progress.py:231 -- ReadFilesParquetV2->MapBatches(remove_required_nulls)->MapBatches(remove_duplicates)->...->Project: 3303105/3303105
2026-10-05 00:54:52,964	INFO logging_progress.py:233 --   Tasks: 0; Actors: 0; Queued blocks: 0 (0.0B); Resources: 0.0 CPU, 738.2MiB object store
2026-10-05 00:54:52,994	INFO logging_progress.py:231 -- Write: 0/1
2026-10-05 00:54:52,994	INFO logging_progress.py:233 --   Tasks: 1; Actors: 0; Queued blocks: 0 (0.0B); Resources: 1.0 CPU, 0.0B object store
2026-10-05 00:54:53,030	INFO logging_progress.py:192 -- =================================================================
2026-10-05 00:55:04,471	INFO logging_progress.py:174 -- ======= Running Dataset: dataset_034aEj7oCTH5NepMjbxuaE_0 =======
2026-10-05 00:55:04,485	INFO logging_progress.py:225 -- Total Progress: 0/?
2026-10-05 00:55:04,494	INFO logging_progress.py:227 -- Active & requested resources: 1/2 CPU, 738.2MiB/120.0MiB object store
2026-10-05 00:55:04,494	INFO logging_progress.py:181 -- 
2026-10-05 00:55:04,499	INFO logging_progress.py:231 -- ListFiles: 1/1
2026-10-05 00:55:04,504	INFO logging_progress.py:233 --   Tasks: 0; Actors: 0; Queued blocks: 0 (0.0B); Resources: 0.0 CPU, 0.0B object store
2026-10-05 00:55:04,504	INFO logging_progress.py:231 -- ReadFilesParquetV2->MapBatches(remove_required_nulls)->MapBatches(remove_duplicates)->...->Project: 3303105/3303105
2026-10-05 00:55:04,504	INFO logging_progress.py:233 --   Tasks: 0; Actors: 0; Queued blocks: 0 (0.0B); Resources: 0.0 CPU, 738.2MiB object store
2026-10-05 00:55:04,504	INFO logging_progress.py:231 -- Write: 0/1
2026-10-05 00:55:04,505	INFO logging_progress.py:233 --   Tasks: 1; Actors: 0; Queued blocks: 0 (0.0B); Resources: 1.0 CPU, 0.0B object store
2026-10-05 00:55:04,505	INFO logging_progress.py:192 -- =================================================================
[2026-10-05 00:58:00,933 E 68324 68350] task_manager.cc:1545: Failed to push error to driver for task f36a72266debc61cb2b6e8bf2fcc18559480d6ab01000000
[2026-10-05 00:58:01,011 E 68324 68350] task_manager.cc:1545: Failed to push error to driver for task 758d4fd5cb5a91c0b2b6e8bf2fcc18559480d6ab01000000
[2026-10-05 00:58:01,906 E 68324 68350] task_manager.cc:1545: Failed to push error to driver for task f36a72266debc61cb2b6e8bf2fcc18559480d6ab01000000
[2026-10-05 00:58:01,908 E 68324 68350] task_manager.cc:1545: Failed to push error to driver for task 758d4fd5cb5a91c0b2b6e8bf2fcc18559480d6ab01000000
[2026-10-05 00:58:02,834 E 68324 68350] task_manager.cc:1545: Failed to push error to driver for task f36a72266debc61cb2b6e8bf2fcc18559480d6ab01000000
[2026-10-05 00:58:02,834 E 68324 68350] task_manager.cc:1545: Failed to push error to driver for task 758d4fd5cb5a91c0b2b6e8bf2fcc18559480d6ab01000000
[2026-10-05 00:58:03,843 E 68324 68350] task_manager.cc:1545: Failed to push error to driver for task f36a72266debc61cb2b6e8bf2fcc18559480d6ab01000000
[2026-10-05 00:58:03,843 E 68324 68350] task_manager.cc:1545: Failed to push error to driver for task 758d4fd5cb5a91c0b2b6e8bf2fcc18559480d6ab01000000
[2026-10-05 00:58:04,846 E 68324 68350] task_manager.cc:1545: Failed to push error to driver for task f36a72266debc61cb2b6e8bf2fcc18559480d6ab01000000
[2026-10-05 00:58:04,847 E 68324 68350] task_manager.cc:1545: Failed to push error to driver for task 758d4fd5cb5a91c0b2b6e8bf2fcc18559480d6ab01000000
[2026-10-05 00:58:06,838 E 68324 68350] task_manager.cc:1545: Failed to push error to driver for task f36a72266debc61cb2b6e8bf2fcc18559480d6ab01000000
[2026-10-05 00:58:06,838 E 68324 68350] task_manager.cc:1545: Failed to push error to driver for task 758d4fd5cb5a91c0b2b6e8bf2fcc18559480d6ab01000000
[2026-10-05 00:58:10,839 E 68324 68350] task_manager.cc:1545: Failed to push error to driver for task f36a72266debc61cb2b6e8bf2fcc18559480d6ab01000000
[2026-10-05 00:58:10,839 E 68324 68350] task_manager.cc:1545: Failed to push error to driver for task 758d4fd5cb5a91c0b2b6e8bf2fcc18559480d6ab01000000
[2026-10-05 00:58:16,839 E 68324 68350] task_manager.cc:1545: Failed to push error to driver for task f36a72266debc61cb2b6e8bf2fcc18559480d6ab01000000
[2026-10-05 00:58:16,840 E 68324 68350] task_manager.cc:1545: Failed to push error to driver for task 758d4fd5cb5a91c0b2b6e8bf2fcc18559480d6ab01000000
[2026-10-05 00:58:22,840 E 68324 68350] task_manager.cc:1545: Failed to push error to driver for task f36a72266debc61cb2b6e8bf2fcc18559480d6ab01000000
[2026-10-05 00:58:22,840 E 68324 68350] task_manager.cc:1545: Failed to push error to driver for task 758d4fd5cb5a91c0b2b6e8bf2fcc18559480d6ab01000000
[2026-10-05 00:58:27,841 E 68324 68350] task_manager.cc:1545: Failed to push error to driver for task f36a72266debc61cb2b6e8bf2fcc18559480d6ab01000000
[2026-10-05 00:58:27,841 E 68324 68350] task_manager.cc:1545: Failed to push error to driver for task 758d4fd5cb5a91c0b2b6e8bf2fcc18559480d6ab01000000
[2026-10-05 00:58:33,842 E 68324 68350] task_manager.cc:1545: Failed to push error to driver for task f36a72266debc61cb2b6e8bf2fcc18559480d6ab01000000
[2026-10-05 00:58:33,842 E 68324 68350] task_manager.cc:1545: Failed to push error to driver for task 758d4fd5cb5a91c0b2b6e8bf2fcc18559480d6ab01000000
[2026-10-05 00:58:38,843 E 68324 68350] task_manager.cc:1545: Failed to push error to driver for task f36a72266debc61cb2b6e8bf2fcc18559480d6ab01000000
[2026-10-05 00:58:38,843 E 68324 68350] task_manager.cc:1545: Failed to push error to driver for task 758d4fd5cb5a91c0b2b6e8bf2fcc18559480d6ab01000000
[2026-10-05 00:58:44,844 E 68324 68350] task_manager.cc:1545: Failed to push error to driver for task f36a72266debc61cb2b6e8bf2fcc18559480d6ab01000000
[2026-10-05 00:58:44,844 E 68324 68350] task_manager.cc:1545: Failed to push error to driver for task 758d4fd5cb5a91c0b2b6e8bf2fcc18559480d6ab01000000
[2026-10-05 00:58:49,845 E 68324 68350] task_manager.cc:1545: Failed to push error to driver for task f36a72266debc61cb2b6e8bf2fcc18559480d6ab01000000
[2026-10-05 00:58:49,845 E 68324 68350] task_manager.cc:1545: Failed to push error to driver for task 758d4fd5cb5a91c0b2b6e8bf2fcc18559480d6ab01000000
[2026-10-05 00:58:54,849 E 68324 68350] task_manager.cc:1545: Failed to push error to driver for task f36a72266debc61cb2b6e8bf2fcc18559480d6ab01000000
[2026-10-05 00:58:54,849 E 68324 68350] task_manager.cc:1545: Failed to push error to driver for task 758d4fd5cb5a91c0b2b6e8bf2fcc18559480d6ab01000000
[2026-10-05 00:58:59,852 E 68324 68350] task_manager.cc:1545: Failed to push error to driver for task f36a72266debc61cb2b6e8bf2fcc18559480d6ab01000000
[2026-10-05 00:58:59,852 E 68324 68350] task_manager.cc:1545: Failed to push error to driver for task 758d4fd5cb5a91c0b2b6e8bf2fcc18559480d6ab01000000
[2026-10-05 00:59:01,715 E 68324 68345] rpc_client.h:204: Failed to connect to GCS within 60 seconds. GCS may have been killed. It's either GCS is terminated by `ray stop` or is killed unexpectedly. If it is killed unexpectedly, see the log file gcs_server.out. https://docs.ray.io/en/master/ray-observability/user-guides/configure-logging.html#logging-directory-structure. The program will terminate.
2026-10-05 01:05:42,475	INFO worker.py:1836 -- Connecting to existing Ray cluster at address: 192.168.64.2:33789...
2026-10-05 01:05:42,583	INFO worker.py:2024 -- Connected to Ray cluster. View the dashboard at [1m[32mhttp://192.168.64.2:8265 [39m[22m
2026-10-05 01:05:43,356	INFO streaming_executor.py:214 -- Starting execution of Dataset dataset_034aF1mHaFDBrouzDwjcc4_0. Full logs are in /home/sidhartha/raytmp/session/session_2026-10-05_01-05-09_595998_75883/logs/ray-data
2026-10-05 01:05:43,356	INFO streaming_executor.py:215 -- Execution plan of Dataset dataset_034aF1mHaFDBrouzDwjcc4_0: InputDataBuffer[Input] -> TaskPoolMapOperator[ListFiles] -> TaskPoolMapOperator[ReadFilesParquetV2->MapBatches(remove_required_nulls)->MapBatches(remove_duplicates)->MapBatches(filter_invalid_trips)->MapBatches(add_timestamp_features)->MapBatches(join_location_lookup)->MapBatches(add_average_speed)->Project] -> TaskPoolMapOperator[Write]
2026-10-05 01:05:43,359	INFO __init__.py:56 -- Progress will be logged because stdout is a non-interactive terminal.
2026-10-05 01:05:43,359	WARNING utils.py:33 -- Truncating long operator name to 100 characters. To disable this behavior, set `ray.data.DataContext.get_current().DEFAULT_ENABLE_PROGRESS_BAR_NAME_TRUNCATION = False`.
2026-10-05 01:05:43,494	INFO logging_progress.py:174 -- ======= Running Dataset: dataset_034aF1mHaFDBrouzDwjcc4_0 =======
2026-10-05 01:05:43,495	INFO logging_progress.py:225 -- Total Progress: 0/?
2026-10-05 01:05:43,495	INFO logging_progress.py:227 -- Active & requested resources: 0/0 CPU, 0.0B/0.0B object store
2026-10-05 01:05:43,495	INFO logging_progress.py:181 -- 
2026-10-05 01:05:43,495	INFO logging_progress.py:231 -- ListFiles: 0/1
2026-10-05 01:05:43,495	INFO logging_progress.py:233 --   Tasks: 1; Actors: 0; Queued blocks: 0 (0.0B); Resources: 1.0 CPU, 0.0B object store
2026-10-05 01:05:43,495	INFO logging_progress.py:231 -- ReadFilesParquetV2->MapBatches(remove_required_nulls)->MapBatches(remove_duplicates)->...->Project: 0/1
2026-10-05 01:05:43,495	INFO logging_progress.py:233 --   Tasks: 0 [backpressured:tasks(ResourceBudget)]; Actors: 0; Queued blocks: 0 (0.0B); Resources: 0.0 CPU, 0.0B object store
2026-10-05 01:05:43,495	INFO logging_progress.py:231 -- Write: 0/1
2026-10-05 01:05:43,495	INFO logging_progress.py:233 --   Tasks: 0 [backpressured:tasks(ResourceBudget)]; Actors: 0; Queued blocks: 0 (0.0B); Resources: 0.0 CPU, 0.0B object store
2026-10-05 01:05:43,495	INFO logging_progress.py:192 -- =================================================================
2026-10-05 01:05:53,562	INFO logging_progress.py:174 -- ======= Running Dataset: dataset_034aF1mHaFDBrouzDwjcc4_0 =======
2026-10-05 01:05:53,564	INFO logging_progress.py:225 -- Total Progress: 0/?
2026-10-05 01:05:53,564	INFO logging_progress.py:227 -- Active & requested resources: 1/2 CPU, 59.0B/120.0MiB object store
2026-10-05 01:05:53,564	INFO logging_progress.py:181 -- 
2026-10-05 01:05:53,564	INFO logging_progress.py:231 -- ListFiles: 1/1
2026-10-05 01:05:53,564	INFO logging_progress.py:233 --   Tasks: 0; Actors: 0; Queued blocks: 0 (0.0B); Resources: 0.0 CPU, 59.0B object store
2026-10-05 01:05:53,564	INFO logging_progress.py:231 -- ReadFilesParquetV2->MapBatches(remove_required_nulls)->MapBatches(remove_duplicates)->...->Project: 0/1
2026-10-05 01:05:53,564	INFO logging_progress.py:233 --   Tasks: 1 [backpressured:tasks(ResourceBudget)]; Actors: 0; Queued blocks: 0 (0.0B); Resources: 1.0 CPU, 0.0B object store
2026-10-05 01:05:53,564	INFO logging_progress.py:231 -- Write: 0/1
2026-10-05 01:05:53,564	INFO logging_progress.py:233 --   Tasks: 0; Actors: 0; Queued blocks: 0 (0.0B); Resources: 0.0 CPU, 0.0B object store
2026-10-05 01:05:53,564	INFO logging_progress.py:192 -- =================================================================
2026-10-05 01:06:03,640	INFO logging_progress.py:174 -- ======= Running Dataset: dataset_034aF1mHaFDBrouzDwjcc4_0 =======
2026-10-05 01:06:03,640	INFO logging_progress.py:225 -- Total Progress: 0/?
2026-10-05 01:06:03,640	INFO logging_progress.py:227 -- Active & requested resources: 1/2 CPU, 59.0B/120.0MiB object store
2026-10-05 01:06:03,641	INFO logging_progress.py:181 -- 
2026-10-05 01:06:03,641	INFO logging_progress.py:231 -- ListFiles: 1/1
2026-10-05 01:06:03,641	INFO logging_progress.py:233 --   Tasks: 0; Actors: 0; Queued blocks: 0 (0.0B); Resources: 0.0 CPU, 59.0B object store
2026-10-05 01:06:03,641	INFO logging_progress.py:231 -- ReadFilesParquetV2->MapBatches(remove_required_nulls)->MapBatches(remove_duplicates)->...->Project: 0/1
2026-10-05 01:06:03,641	INFO logging_progress.py:233 --   Tasks: 1 [backpressured:tasks(ResourceBudget)]; Actors: 0; Queued blocks: 0 (0.0B); Resources: 1.0 CPU, 0.0B object store
2026-10-05 01:06:03,641	INFO logging_progress.py:231 -- Write: 0/1
2026-10-05 01:06:03,641	INFO logging_progress.py:233 --   Tasks: 0; Actors: 0; Queued blocks: 0 (0.0B); Resources: 0.0 CPU, 0.0B object store
2026-10-05 01:06:03,641	INFO logging_progress.py:192 -- =================================================================
2026-10-05 01:06:13,655	INFO logging_progress.py:174 -- ======= Running Dataset: dataset_034aF1mHaFDBrouzDwjcc4_0 =======
2026-10-05 01:06:13,691	INFO logging_progress.py:225 -- Total Progress: 0/?
2026-10-05 01:06:13,691	INFO logging_progress.py:227 -- Active & requested resources: 1/2 CPU, 59.0B/120.0MiB object store
2026-10-05 01:06:13,692	INFO logging_progress.py:181 -- 
2026-10-05 01:06:13,692	INFO logging_progress.py:231 -- ListFiles: 1/1
2026-10-05 01:06:13,692	INFO logging_progress.py:233 --   Tasks: 0; Actors: 0; Queued blocks: 0 (0.0B); Resources: 0.0 CPU, 59.0B object store
2026-10-05 01:06:13,692	INFO logging_progress.py:231 -- ReadFilesParquetV2->MapBatches(remove_required_nulls)->MapBatches(remove_duplicates)->...->Project: 0/1
2026-10-05 01:06:13,692	INFO logging_progress.py:233 --   Tasks: 1 [backpressured:tasks(ResourceBudget)]; Actors: 0; Queued blocks: 0 (0.0B); Resources: 1.0 CPU, 0.0B object store
2026-10-05 01:06:13,692	INFO logging_progress.py:231 -- Write: 0/1
2026-10-05 01:06:13,692	INFO logging_progress.py:233 --   Tasks: 0; Actors: 0; Queued blocks: 0 (0.0B); Resources: 0.0 CPU, 0.0B object store
2026-10-05 01:06:13,707	INFO logging_progress.py:192 -- =================================================================
2026-10-05 01:06:48,603	INFO logging_progress.py:174 -- ======= Running Dataset: dataset_034aF1mHaFDBrouzDwjcc4_0 =======
2026-10-05 01:06:48,635	INFO logging_progress.py:225 -- Total Progress: 0/?
2026-10-05 01:06:48,643	INFO logging_progress.py:227 -- Active & requested resources: 2/2 CPU, 2.2GiB/120.0MiB object store
2026-10-05 01:06:48,643	INFO logging_progress.py:181 -- 
2026-10-05 01:06:48,643	INFO logging_progress.py:231 -- ListFiles: 1/1
2026-10-05 01:06:48,644	INFO logging_progress.py:233 --   Tasks: 0; Actors: 0; Queued blocks: 0 (0.0B); Resources: 0.0 CPU, 59.0B object store
2026-10-05 01:06:48,644	INFO logging_progress.py:231 -- ReadFilesParquetV2->MapBatches(remove_required_nulls)->MapBatches(remove_duplicates)->...->Project: 3303105/1
2026-10-05 01:06:48,644	INFO logging_progress.py:233 --   Tasks: 1 [backpressured:tasks(ResourceBudget),outputs(ResourceBudget)]; Actors: 0; Queued blocks: 0 (0.0B); Resources: 1.0 CPU, 2.2GiB object store
2026-10-05 01:06:48,644	INFO logging_progress.py:231 -- Write: 0/1
2026-10-05 01:06:48,644	INFO logging_progress.py:233 --   Tasks: 1 [backpressured:tasks(ResourceBudget)]; Actors: 0; Queued blocks: 0 (0.0B); Resources: 1.0 CPU, 0.0B object store
2026-10-05 01:06:48,644	INFO logging_progress.py:192 -- =================================================================
2026-10-05 01:06:58,787	INFO logging_progress.py:174 -- ======= Running Dataset: dataset_034aF1mHaFDBrouzDwjcc4_0 =======
2026-10-05 01:06:58,813	INFO logging_progress.py:225 -- Total Progress: 0/?
2026-10-05 01:06:58,814	INFO logging_progress.py:227 -- Active & requested resources: 2/2 CPU, 2.2GiB/120.0MiB object store
2026-10-05 01:06:58,843	INFO logging_progress.py:181 -- 
2026-10-05 01:06:58,843	INFO logging_progress.py:231 -- ListFiles: 1/1
2026-10-05 01:06:58,843	INFO logging_progress.py:233 --   Tasks: 0; Actors: 0; Queued blocks: 0 (0.0B); Resources: 0.0 CPU, 59.0B object store
2026-10-05 01:06:58,843	INFO logging_progress.py:231 -- ReadFilesParquetV2->MapBatches(remove_required_nulls)->MapBatches(remove_duplicates)->...->Project: 3303105/1
2026-10-05 01:06:58,844	INFO logging_progress.py:233 --   Tasks: 1 [backpressured:tasks(ResourceBudget),outputs(ResourceBudget)]; Actors: 0; Queued blocks: 0 (0.0B); Resources: 1.0 CPU, 2.2GiB object store
2026-10-05 01:06:58,844	INFO logging_progress.py:231 -- Write: 0/1
2026-10-05 01:06:58,844	INFO logging_progress.py:233 --   Tasks: 1 [backpressured:tasks(ResourceBudget)]; Actors: 0; Queued blocks: 0 (0.0B); Resources: 1.0 CPU, 0.0B object store
2026-10-05 01:06:58,844	INFO logging_progress.py:192 -- =================================================================
/home/sidhartha/miniconda/envs/spark-ray-a3/lib/python3.11/site-packages/ray/data/_internal/execution/operators/task_pool_map_operator.py:273: UserWarning: The maximum number of concurrent tasks for 'Write' is set to 2, but the operator only received 1 input(s). This means that the operator can launch at most 1 task(s), which is less than the concurrency limit. You might be able to increase the number of concurrent tasks by configuring `override_num_blocks` earlier in the pipeline.
  warnings.warn(
2026-10-05 01:07:08,783	INFO logging_progress.py:174 -- ======= Running Dataset: dataset_034aF1mHaFDBrouzDwjcc4_0 =======
2026-10-05 01:07:08,785	INFO logging_progress.py:225 -- Total Progress: 0/?
2026-10-05 01:07:08,785	INFO logging_progress.py:227 -- Active & requested resources: 1/2 CPU, 738.2MiB/120.0MiB object store
2026-10-05 01:07:08,785	INFO logging_progress.py:181 -- 
2026-10-05 01:07:08,785	INFO logging_progress.py:231 -- ListFiles: 1/1
2026-10-05 01:07:08,785	INFO logging_progress.py:233 --   Tasks: 0; Actors: 0; Queued blocks: 0 (0.0B); Resources: 0.0 CPU, 0.0B object store
2026-10-05 01:07:08,785	INFO logging_progress.py:231 -- ReadFilesParquetV2->MapBatches(remove_required_nulls)->MapBatches(remove_duplicates)->...->Project: 3303105/3303105
2026-10-05 01:07:08,785	INFO logging_progress.py:233 --   Tasks: 0; Actors: 0; Queued blocks: 0 (0.0B); Resources: 0.0 CPU, 738.2MiB object store
2026-10-05 01:07:08,785	INFO logging_progress.py:231 -- Write: 0/1
2026-10-05 01:07:08,785	INFO logging_progress.py:233 --   Tasks: 1; Actors: 0; Queued blocks: 0 (0.0B); Resources: 1.0 CPU, 0.0B object store
2026-10-05 01:07:08,785	INFO logging_progress.py:192 -- =================================================================
2026-10-05 01:07:18,807	INFO logging_progress.py:174 -- ======= Running Dataset: dataset_034aF1mHaFDBrouzDwjcc4_0 =======
2026-10-05 01:07:18,809	INFO logging_progress.py:225 -- Total Progress: 0/?
2026-10-05 01:07:18,810	INFO logging_progress.py:227 -- Active & requested resources: 1/2 CPU, 738.2MiB/120.0MiB object store
2026-10-05 01:07:18,810	INFO logging_progress.py:181 -- 
2026-10-05 01:07:18,810	INFO logging_progress.py:231 -- ListFiles: 1/1
2026-10-05 01:07:18,810	INFO logging_progress.py:233 --   Tasks: 0; Actors: 0; Queued blocks: 0 (0.0B); Resources: 0.0 CPU, 0.0B object store
2026-10-05 01:07:18,810	INFO logging_progress.py:231 -- ReadFilesParquetV2->MapBatches(remove_required_nulls)->MapBatches(remove_duplicates)->...->Project: 3303105/3303105
2026-10-05 01:07:18,810	INFO logging_progress.py:233 --   Tasks: 0; Actors: 0; Queued blocks: 0 (0.0B); Resources: 0.0 CPU, 738.2MiB object store
2026-10-05 01:07:18,810	INFO logging_progress.py:231 -- Write: 1/1
2026-10-05 01:07:18,810	INFO logging_progress.py:233 --   Tasks: 1 [backpressured:tasks(ResourceBudget)]; Actors: 0; Queued blocks: 0 (0.0B); Resources: 1.0 CPU, 516.0B object store
2026-10-05 01:07:18,810	INFO logging_progress.py:192 -- =================================================================
2026-10-05 01:07:18,847	INFO streaming_executor.py:365 -- ✔️  Dataset dataset_034aF1mHaFDBrouzDwjcc4_0 execution finished in 95.49 seconds
2026-10-05 01:07:19,580	INFO dataset.py:6680 -- Data sink Parquet finished. 3303105 rows and 735.8MiB data written.
2026-10-05 01:07:19,803	INFO streaming_executor.py:214 -- Starting execution of Dataset dataset_034aF4E4LjnjSfLvmWFUF2_0. Full logs are in /home/sidhartha/raytmp/session/session_2026-10-05_01-05-09_595998_75883/logs/ray-data
2026-10-05 01:07:19,803	INFO streaming_executor.py:215 -- Execution plan of Dataset dataset_034aF4E4LjnjSfLvmWFUF2_0: InputDataBuffer[Input] -> TaskPoolMapOperator[ListFiles] -> TaskPoolMapOperator[ReadFilesParquetV2->MapBatches(remove_required_nulls)->MapBatches(remove_duplicates)->MapBatches(filter_invalid_trips)->MapBatches(add_timestamp_features)->MapBatches(join_location_lookup)->MapBatches(add_average_speed)->Project] -> TaskPoolMapOperator[Write]
2026-10-05 01:07:19,884	INFO logging_progress.py:174 -- ======= Running Dataset: dataset_034aF4E4LjnjSfLvmWFUF2_0 =======
2026-10-05 01:07:19,884	INFO logging_progress.py:225 -- Total Progress: 0/?
2026-10-05 01:07:19,885	INFO logging_progress.py:227 -- Active & requested resources: 0/0 CPU, 0.0B/0.0B object store
2026-10-05 01:07:19,885	INFO logging_progress.py:181 -- 
2026-10-05 01:07:19,885	INFO logging_progress.py:231 -- ListFiles: 0/1
2026-10-05 01:07:19,885	INFO logging_progress.py:233 --   Tasks: 1; Actors: 0; Queued blocks: 0 (0.0B); Resources: 1.0 CPU, 0.0B object store
2026-10-05 01:07:19,885	INFO logging_progress.py:231 -- ReadFilesParquetV2->MapBatches(remove_required_nulls)->MapBatches(remove_duplicates)->...->Project: 0/1
2026-10-05 01:07:19,885	INFO logging_progress.py:233 --   Tasks: 0 [backpressured:tasks(ResourceBudget)]; Actors: 0; Queued blocks: 0 (0.0B); Resources: 0.0 CPU, 0.0B object store
2026-10-05 01:07:19,885	INFO logging_progress.py:231 -- Write: 0/1
2026-10-05 01:07:19,888	INFO logging_progress.py:233 --   Tasks: 0 [backpressured:tasks(ResourceBudget)]; Actors: 0; Queued blocks: 0 (0.0B); Resources: 0.0 CPU, 0.0B object store
2026-10-05 01:07:19,888	INFO logging_progress.py:192 -- =================================================================
2026-10-05 01:07:29,903	INFO logging_progress.py:174 -- ======= Running Dataset: dataset_034aF4E4LjnjSfLvmWFUF2_0 =======
2026-10-05 01:07:29,904	INFO logging_progress.py:225 -- Total Progress: 0/?
2026-10-05 01:07:29,905	INFO logging_progress.py:227 -- Active & requested resources: 1/2 CPU, 59.0B/120.0MiB object store
2026-10-05 01:07:29,905	INFO logging_progress.py:181 -- 
2026-10-05 01:07:29,905	INFO logging_progress.py:231 -- ListFiles: 1/1
2026-10-05 01:07:29,905	INFO logging_progress.py:233 --   Tasks: 0; Actors: 0; Queued blocks: 0 (0.0B); Resources: 0.0 CPU, 59.0B object store
2026-10-05 01:07:29,905	INFO logging_progress.py:231 -- ReadFilesParquetV2->MapBatches(remove_required_nulls)->MapBatches(remove_duplicates)->...->Project: 0/1
2026-10-05 01:07:29,906	INFO logging_progress.py:233 --   Tasks: 1 [backpressured:tasks(ResourceBudget)]; Actors: 0; Queued blocks: 0 (0.0B); Resources: 1.0 CPU, 0.0B object store
2026-10-05 01:07:29,906	INFO logging_progress.py:231 -- Write: 0/1
2026-10-05 01:07:29,906	INFO logging_progress.py:233 --   Tasks: 0; Actors: 0; Queued blocks: 0 (0.0B); Resources: 0.0 CPU, 0.0B object store
2026-10-05 01:07:29,906	INFO logging_progress.py:192 -- =================================================================
2026-10-05 01:07:39,909	INFO logging_progress.py:174 -- ======= Running Dataset: dataset_034aF4E4LjnjSfLvmWFUF2_0 =======
2026-10-05 01:07:39,909	INFO logging_progress.py:225 -- Total Progress: 0/?
2026-10-05 01:07:39,909	INFO logging_progress.py:227 -- Active & requested resources: 1/2 CPU, 59.0B/120.0MiB object store
2026-10-05 01:07:39,909	INFO logging_progress.py:181 -- 
2026-10-05 01:07:39,909	INFO logging_progress.py:231 -- ListFiles: 1/1
2026-10-05 01:07:39,909	INFO logging_progress.py:233 --   Tasks: 0; Actors: 0; Queued blocks: 0 (0.0B); Resources: 0.0 CPU, 59.0B object store
2026-10-05 01:07:39,910	INFO logging_progress.py:231 -- ReadFilesParquetV2->MapBatches(remove_required_nulls)->MapBatches(remove_duplicates)->...->Project: 0/1
2026-10-05 01:07:39,910	INFO logging_progress.py:233 --   Tasks: 1 [backpressured:tasks(ResourceBudget)]; Actors: 0; Queued blocks: 0 (0.0B); Resources: 1.0 CPU, 0.0B object store
2026-10-05 01:07:39,910	INFO logging_progress.py:231 -- Write: 0/1
2026-10-05 01:07:39,910	INFO logging_progress.py:233 --   Tasks: 0; Actors: 0; Queued blocks: 0 (0.0B); Resources: 0.0 CPU, 0.0B object store
2026-10-05 01:07:39,910	INFO logging_progress.py:192 -- =================================================================
2026-10-05 01:07:49,962	INFO logging_progress.py:174 -- ======= Running Dataset: dataset_034aF4E4LjnjSfLvmWFUF2_0 =======
2026-10-05 01:07:49,962	INFO logging_progress.py:225 -- Total Progress: 0/?
2026-10-05 01:07:49,963	INFO logging_progress.py:227 -- Active & requested resources: 1/2 CPU, 59.0B/120.0MiB object store
2026-10-05 01:07:49,963	INFO logging_progress.py:181 -- 
2026-10-05 01:07:49,963	INFO logging_progress.py:231 -- ListFiles: 1/1
2026-10-05 01:07:49,963	INFO logging_progress.py:233 --   Tasks: 0; Actors: 0; Queued blocks: 0 (0.0B); Resources: 0.0 CPU, 59.0B object store
2026-10-05 01:07:49,963	INFO logging_progress.py:231 -- ReadFilesParquetV2->MapBatches(remove_required_nulls)->MapBatches(remove_duplicates)->...->Project: 0/1
2026-10-05 01:07:49,963	INFO logging_progress.py:233 --   Tasks: 1 [backpressured:tasks(ResourceBudget)]; Actors: 0; Queued blocks: 0 (0.0B); Resources: 1.0 CPU, 0.0B object store
2026-10-05 01:07:49,963	INFO logging_progress.py:231 -- Write: 0/1
2026-10-05 01:07:49,963	INFO logging_progress.py:233 --   Tasks: 0; Actors: 0; Queued blocks: 0 (0.0B); Resources: 0.0 CPU, 0.0B object store
2026-10-05 01:07:49,963	INFO logging_progress.py:192 -- =================================================================
2026-10-05 01:08:11,869	INFO logging_progress.py:174 -- ======= Running Dataset: dataset_034aF4E4LjnjSfLvmWFUF2_0 =======
2026-10-05 01:08:11,869	INFO logging_progress.py:225 -- Total Progress: 0/?
2026-10-05 01:08:11,870	INFO logging_progress.py:227 -- Active & requested resources: 1/2 CPU, 59.0B/120.0MiB object store
2026-10-05 01:08:11,870	INFO logging_progress.py:181 -- 
2026-10-05 01:08:11,871	INFO logging_progress.py:231 -- ListFiles: 1/1
2026-10-05 01:08:11,871	INFO logging_progress.py:233 --   Tasks: 0; Actors: 0; Queued blocks: 0 (0.0B); Resources: 0.0 CPU, 59.0B object store
2026-10-05 01:08:11,871	INFO logging_progress.py:231 -- ReadFilesParquetV2->MapBatches(remove_required_nulls)->MapBatches(remove_duplicates)->...->Project: 0/1
2026-10-05 01:08:11,871	INFO logging_progress.py:233 --   Tasks: 1 [backpressured:tasks(ResourceBudget)]; Actors: 0; Queued blocks: 0 (0.0B); Resources: 1.0 CPU, 0.0B object store
2026-10-05 01:08:11,871	INFO logging_progress.py:231 -- Write: 0/1
2026-10-05 01:08:11,871	INFO logging_progress.py:233 --   Tasks: 0; Actors: 0; Queued blocks: 0 (0.0B); Resources: 0.0 CPU, 0.0B object store
2026-10-05 01:08:11,871	INFO logging_progress.py:192 -- =================================================================
2026-10-05 01:08:21,956	INFO logging_progress.py:174 -- ======= Running Dataset: dataset_034aF4E4LjnjSfLvmWFUF2_0 =======
2026-10-05 01:08:21,957	INFO logging_progress.py:225 -- Total Progress: 0/?
2026-10-05 01:08:21,958	INFO logging_progress.py:227 -- Active & requested resources: 2/2 CPU, 1.9GiB/120.0MiB object store
2026-10-05 01:08:21,958	INFO logging_progress.py:181 -- 
2026-10-05 01:08:21,958	INFO logging_progress.py:231 -- ListFiles: 1/1
2026-10-05 01:08:21,958	INFO logging_progress.py:233 --   Tasks: 0; Actors: 0; Queued blocks: 0 (0.0B); Resources: 0.0 CPU, 59.0B object store
2026-10-05 01:08:21,958	INFO logging_progress.py:231 -- ReadFilesParquetV2->MapBatches(remove_required_nulls)->MapBatches(remove_duplicates)->...->Project: 2904141/1
2026-10-05 01:08:21,958	INFO logging_progress.py:233 --   Tasks: 1 [backpressured:tasks(ResourceBudget),outputs(ResourceBudget)]; Actors: 0; Queued blocks: 0 (0.0B); Resources: 1.0 CPU, 1.9GiB object store
2026-10-05 01:08:21,958	INFO logging_progress.py:231 -- Write: 0/1
2026-10-05 01:08:21,958	INFO logging_progress.py:233 --   Tasks: 1 [backpressured:tasks(ResourceBudget)]; Actors: 0; Queued blocks: 0 (0.0B); Resources: 1.0 CPU, 0.0B object store
2026-10-05 01:08:21,959	INFO logging_progress.py:192 -- =================================================================
[2026-10-05 01:08:24,577 E 76491 76518] core_worker.cc:525: :info_message: Attempting to recover 1 lost objects by resubmitting their tasks or setting a new primary location from existing copies. To disable object reconstruction, set @ray.remote(max_retries=0).
[33m(raylet)[0m [2026-10-05 01:08:24,769 C 76374 76374] (raylet) node_manager.cc:969: [Timeout] Exiting because this node manager has mistakenly been marked as dead by the GCS: GCS failed to check the health of this node for 5 times. This is likely because the machine or raylet has become overloaded.
[33m(raylet)[0m *** StackTrace Information ***
[33m(raylet)[0m /home/sidhartha/miniconda/envs/spark-ray-a3/lib/python3.11/site-packages/ray/core/src/ray/raylet/raylet(+0xf22d68) [0xc01b54552d68] ray::operator<<()
[33m(raylet)[0m /home/sidhartha/miniconda/envs/spark-ray-a3/lib/python3.11/site-packages/ray/core/src/ray/raylet/raylet(+0xf257f8) [0xc01b545557f8] ray::RayLog::~RayLog()
[33m(raylet)[0m /home/sidhartha/miniconda/envs/spark-ray-a3/lib/python3.11/site-packages/ray/core/src/ray/raylet/raylet(+0x2b89f8) [0xc01b538e89f8] ray::raylet::NodeManager::NodeRemoved()
[33m(raylet)[0m /home/sidhartha/miniconda/envs/spark-ray-a3/lib/python3.11/site-packages/ray/core/src/ray/raylet/raylet(+0x695680) [0xc01b53cc5680] ray::gcs::NodeInfoAccessor::HandleNotification()
[33m(raylet)[0m /home/sidhartha/miniconda/envs/spark-ray-a3/lib/python3.11/site-packages/ray/core/src/ray/raylet/raylet(+0x83e6ec) [0xc01b53e6e6ec] EventTracker::RecordExecution()
[33m(raylet)[0m /home/sidhartha/miniconda/envs/spark-ray-a3/lib/python3.11/site-packages/ray/core/src/ray/raylet/raylet(+0x8344c8) [0xc01b53e644c8] std::_Function_handler<>::_M_invoke()
[33m(raylet)[0m /home/sidhartha/miniconda/envs/spark-ray-a3/lib/python3.11/site-packages/ray/core/src/ray/raylet/raylet(+0x835694) [0xc01b53e65694] boost::asio::detail::executor_op<>::do_complete()
[33m(raylet)[0m /home/sidhartha/miniconda/envs/spark-ray-a3/lib/python3.11/site-packages/ray/core/src/ray/raylet/raylet(+0xeebf20) [0xc01b5451bf20] boost::asio::detail::scheduler::do_run_one()
[33m(raylet)[0m /home/sidhartha/miniconda/envs/spark-ray-a3/lib/python3.11/site-packages/ray/core/src/ray/raylet/raylet(+0xeee1e4) [0xc01b5451e1e4] boost::asio::detail::scheduler::run()
[33m(raylet)[0m /home/sidhartha/miniconda/envs/spark-ray-a3/lib/python3.11/site-packages/ray/core/src/ray/raylet/raylet(+0xeee7e8) [0xc01b5451e7e8] boost::asio::io_context::run()
[33m(raylet)[0m /home/sidhartha/miniconda/envs/spark-ray-a3/lib/python3.11/site-packages/ray/core/src/ray/raylet/raylet(+0x1fa698) [0xc01b5382a698] main
[33m(raylet)[0m /usr/lib/aarch64-linux-gnu/libc.so.6(+0x22f1c) [0xfb4462a92f1c]
[33m(raylet)[0m /usr/lib/aarch64-linux-gnu/libc.so.6(__libc_start_main+0x9c) [0xfb4462a9305c] __libc_start_main
[33m(raylet)[0m /home/sidhartha/miniconda/envs/spark-ray-a3/lib/python3.11/site-packages/ray/core/src/ray/raylet/raylet(+0x22424c) [0xc01b5385424c]
[33m(raylet)[0m 
2026-10-05 01:08:31,997	INFO logging_progress.py:174 -- ======= Running Dataset: dataset_034aF4E4LjnjSfLvmWFUF2_0 =======
2026-10-05 01:08:31,998	INFO logging_progress.py:225 -- Total Progress: 0/?
2026-10-05 01:08:31,998	INFO logging_progress.py:227 -- Active & requested resources: 2/2 CPU, 1.9GiB/120.0MiB object store
2026-10-05 01:08:31,998	INFO logging_progress.py:181 -- 
2026-10-05 01:08:31,998	INFO logging_progress.py:231 -- ListFiles: 1/1
2026-10-05 01:08:31,998	INFO logging_progress.py:233 --   Tasks: 0; Actors: 0; Queued blocks: 0 (0.0B); Resources: 0.0 CPU, 59.0B object store
2026-10-05 01:08:31,999	INFO logging_progress.py:231 -- ReadFilesParquetV2->MapBatches(remove_required_nulls)->MapBatches(remove_duplicates)->...->Project: 2904141/1
2026-10-05 01:08:31,999	INFO logging_progress.py:233 --   Tasks: 1 [backpressured:tasks(ResourceBudget),outputs(ResourceBudget)]; Actors: 0; Queued blocks: 0 (0.0B); Resources: 1.0 CPU, 1.9GiB object store
2026-10-05 01:08:31,999	INFO logging_progress.py:231 -- Write: 0/1
2026-10-05 01:08:31,999	INFO logging_progress.py:233 --   Tasks: 1 [backpressured:tasks(ResourceBudget)]; Actors: 0; Queued blocks: 0 (0.0B); Resources: 1.0 CPU, 0.0B object store
2026-10-05 01:08:31,999	INFO logging_progress.py:192 -- =================================================================
/home/sidhartha/miniconda/envs/spark-ray-a3/lib/python3.11/site-packages/ray/data/_internal/execution/operators/task_pool_map_operator.py:273: UserWarning: The maximum number of concurrent tasks for 'Write' is set to 2, but the operator only received 1 input(s). This means that the operator can launch at most 1 task(s), which is less than the concurrency limit. You might be able to increase the number of concurrent tasks by configuring `override_num_blocks` earlier in the pipeline.
  warnings.warn(
2026-10-05 01:08:42,030	INFO logging_progress.py:174 -- ======= Running Dataset: dataset_034aF4E4LjnjSfLvmWFUF2_0 =======
2026-10-05 01:08:42,031	INFO logging_progress.py:225 -- Total Progress: 0/?
2026-10-05 01:08:42,031	INFO logging_progress.py:227 -- Active & requested resources: 1/2 CPU, 649.7MiB/120.0MiB object store
2026-10-05 01:08:42,031	INFO logging_progress.py:181 -- 
2026-10-05 01:08:42,031	INFO logging_progress.py:231 -- ListFiles: 1/1
2026-10-05 01:08:42,032	INFO logging_progress.py:233 --   Tasks: 0; Actors: 0; Queued blocks: 0 (0.0B); Resources: 0.0 CPU, 0.0B object store
2026-10-05 01:08:42,032	INFO logging_progress.py:231 -- ReadFilesParquetV2->MapBatches(remove_required_nulls)->MapBatches(remove_duplicates)->...->Project: 2904141/2904141
2026-10-05 01:08:42,032	INFO logging_progress.py:233 --   Tasks: 0; Actors: 0; Queued blocks: 0 (0.0B); Resources: 0.0 CPU, 649.7MiB object store
2026-10-05 01:08:42,032	INFO logging_progress.py:231 -- Write: 0/1
2026-10-05 01:08:42,033	INFO logging_progress.py:233 --   Tasks: 1; Actors: 0; Queued blocks: 0 (0.0B); Resources: 1.0 CPU, 0.0B object store
2026-10-05 01:08:42,033	INFO logging_progress.py:192 -- =================================================================
2026-10-05 01:08:52,102	INFO logging_progress.py:174 -- ======= Running Dataset: dataset_034aF4E4LjnjSfLvmWFUF2_0 =======
2026-10-05 01:08:52,102	INFO logging_progress.py:225 -- Total Progress: 0/?
2026-10-05 01:08:52,102	INFO logging_progress.py:227 -- Active & requested resources: 1/1 CPU, 649.7MiB/60.0MiB object store
2026-10-05 01:08:52,102	INFO logging_progress.py:181 -- 
2026-10-05 01:08:52,102	INFO logging_progress.py:231 -- ListFiles: 1/1
2026-10-05 01:08:52,102	INFO logging_progress.py:233 --   Tasks: 0; Actors: 0; Queued blocks: 0 (0.0B); Resources: 0.0 CPU, 0.0B object store
2026-10-05 01:08:52,102	INFO logging_progress.py:231 -- ReadFilesParquetV2->MapBatches(remove_required_nulls)->MapBatches(remove_duplicates)->...->Project: 2904141/2904141
2026-10-05 01:08:52,102	INFO logging_progress.py:233 --   Tasks: 0; Actors: 0; Queued blocks: 0 (0.0B); Resources: 0.0 CPU, 649.7MiB object store
2026-10-05 01:08:52,102	INFO logging_progress.py:231 -- Write: 0/1
2026-10-05 01:08:52,102	INFO logging_progress.py:233 --   Tasks: 1 [backpressured:tasks(ResourceBudget)]; Actors: 0; Queued blocks: 0 (0.0B); Resources: 1.0 CPU, 0.0B object store
2026-10-05 01:08:52,102	INFO logging_progress.py:192 -- =================================================================
2026-10-05 01:09:02,802	INFO logging_progress.py:174 -- ======= Running Dataset: dataset_034aF4E4LjnjSfLvmWFUF2_0 =======
2026-10-05 01:09:02,972	INFO logging_progress.py:225 -- Total Progress: 0/?
2026-10-05 01:09:02,996	INFO logging_progress.py:227 -- Active & requested resources: 1/1 CPU, 649.7MiB/60.0MiB object store
2026-10-05 01:09:02,998	INFO logging_progress.py:181 -- 
2026-10-05 01:09:03,056	INFO logging_progress.py:231 -- ListFiles: 1/1
2026-10-05 01:09:03,060	INFO logging_progress.py:233 --   Tasks: 0; Actors: 0; Queued blocks: 0 (0.0B); Resources: 0.0 CPU, 0.0B object store
2026-10-05 01:09:03,156	INFO logging_progress.py:231 -- ReadFilesParquetV2->MapBatches(remove_required_nulls)->MapBatches(remove_duplicates)->...->Project: 2904141/2904141
2026-10-05 01:09:03,156	INFO logging_progress.py:233 --   Tasks: 0; Actors: 0; Queued blocks: 0 (0.0B); Resources: 0.0 CPU, 649.7MiB object store
2026-10-05 01:09:03,211	INFO logging_progress.py:231 -- Write: 0/1
2026-10-05 01:09:03,211	INFO logging_progress.py:233 --   Tasks: 1 [backpressured:tasks(ResourceBudget)]; Actors: 0; Queued blocks: 0 (0.0B); Resources: 1.0 CPU, 0.0B object store
2026-10-05 01:09:03,248	INFO logging_progress.py:192 -- =================================================================
2026-10-05 01:09:11,136	INFO streaming_executor.py:365 -- ✔️  Dataset dataset_034aF4E4LjnjSfLvmWFUF2_0 execution finished in 111.33 seconds
2026-10-05 01:09:11,265	INFO dataset.py:6680 -- Data sink Parquet finished. 2904141 rows and 647.3MiB data written.
2026-10-05 01:09:11,386	INFO streaming_executor.py:214 -- Starting execution of Dataset dataset_034aF73c6icu6aPKRURadk_0. Full logs are in /home/sidhartha/raytmp/session/session_2026-10-05_01-05-09_595998_75883/logs/ray-data
2026-10-05 01:09:11,386	INFO streaming_executor.py:215 -- Execution plan of Dataset dataset_034aF73c6icu6aPKRURadk_0: InputDataBuffer[Input] -> TaskPoolMapOperator[ListFiles] -> TaskPoolMapOperator[ReadFilesParquetV2->MapBatches(remove_required_nulls)->MapBatches(remove_duplicates)->MapBatches(filter_invalid_trips)->MapBatches(add_timestamp_features)->MapBatches(join_location_lookup)->MapBatches(add_average_speed)->Project] -> TaskPoolMapOperator[Write]
2026-10-05 01:09:11,438	INFO logging_progress.py:174 -- ======= Running Dataset: dataset_034aF73c6icu6aPKRURadk_0 =======
2026-10-05 01:09:11,439	INFO logging_progress.py:225 -- Total Progress: 0/?
2026-10-05 01:09:11,439	INFO logging_progress.py:227 -- Active & requested resources: 0/0 CPU, 0.0B/0.0B object store
2026-10-05 01:09:11,439	INFO logging_progress.py:181 -- 
2026-10-05 01:09:11,439	INFO logging_progress.py:231 -- ListFiles: 0/1
2026-10-05 01:09:11,439	INFO logging_progress.py:233 --   Tasks: 1; Actors: 0; Queued blocks: 0 (0.0B); Resources: 1.0 CPU, 0.0B object store
2026-10-05 01:09:11,439	INFO logging_progress.py:231 -- ReadFilesParquetV2->MapBatches(remove_required_nulls)->MapBatches(remove_duplicates)->...->Project: 0/1
2026-10-05 01:09:11,439	INFO logging_progress.py:233 --   Tasks: 0 [backpressured:tasks(ResourceBudget)]; Actors: 0; Queued blocks: 0 (0.0B); Resources: 0.0 CPU, 0.0B object store
2026-10-05 01:09:11,439	INFO logging_progress.py:231 -- Write: 0/1
2026-10-05 01:09:11,439	INFO logging_progress.py:233 --   Tasks: 0 [backpressured:tasks(ResourceBudget)]; Actors: 0; Queued blocks: 0 (0.0B); Resources: 0.0 CPU, 0.0B object store
2026-10-05 01:09:11,439	INFO logging_progress.py:192 -- =================================================================
2026-10-05 01:09:21,515	INFO logging_progress.py:174 -- ======= Running Dataset: dataset_034aF73c6icu6aPKRURadk_0 =======
2026-10-05 01:09:21,518	INFO logging_progress.py:225 -- Total Progress: 0/?
2026-10-05 01:09:21,518	INFO logging_progress.py:227 -- Active & requested resources: 1/1 CPU, 59.0B/60.0MiB object store
2026-10-05 01:09:21,519	INFO logging_progress.py:181 -- 
2026-10-05 01:09:21,519	INFO logging_progress.py:231 -- ListFiles: 1/1
2026-10-05 01:09:21,519	INFO logging_progress.py:233 --   Tasks: 0; Actors: 0; Queued blocks: 0 (0.0B); Resources: 0.0 CPU, 59.0B object store
2026-10-05 01:09:21,519	INFO logging_progress.py:231 -- ReadFilesParquetV2->MapBatches(remove_required_nulls)->MapBatches(remove_duplicates)->...->Project: 0/1
2026-10-05 01:09:21,519	INFO logging_progress.py:233 --   Tasks: 1 [backpressured:tasks(ResourceBudget)]; Actors: 0; Queued blocks: 0 (0.0B); Resources: 1.0 CPU, 0.0B object store
2026-10-05 01:09:21,519	INFO logging_progress.py:231 -- Write: 0/1
2026-10-05 01:09:21,519	INFO logging_progress.py:233 --   Tasks: 0 [backpressured:tasks(ResourceBudget)]; Actors: 0; Queued blocks: 0 (0.0B); Resources: 0.0 CPU, 0.0B object store
2026-10-05 01:09:21,519	INFO logging_progress.py:192 -- =================================================================
2026-10-05 01:09:31,521	INFO logging_progress.py:174 -- ======= Running Dataset: dataset_034aF73c6icu6aPKRURadk_0 =======
2026-10-05 01:09:31,522	INFO logging_progress.py:225 -- Total Progress: 0/?
2026-10-05 01:09:31,522	INFO logging_progress.py:227 -- Active & requested resources: 1/1 CPU, 59.0B/60.0MiB object store
2026-10-05 01:09:31,522	INFO logging_progress.py:181 -- 
2026-10-05 01:09:31,522	INFO logging_progress.py:231 -- ListFiles: 1/1
2026-10-05 01:09:31,522	INFO logging_progress.py:233 --   Tasks: 0; Actors: 0; Queued blocks: 0 (0.0B); Resources: 0.0 CPU, 59.0B object store
2026-10-05 01:09:31,522	INFO logging_progress.py:231 -- ReadFilesParquetV2->MapBatches(remove_required_nulls)->MapBatches(remove_duplicates)->...->Project: 0/1
2026-10-05 01:09:31,522	INFO logging_progress.py:233 --   Tasks: 1 [backpressured:tasks(ResourceBudget)]; Actors: 0; Queued blocks: 0 (0.0B); Resources: 1.0 CPU, 0.0B object store
2026-10-05 01:09:31,522	INFO logging_progress.py:231 -- Write: 0/1
2026-10-05 01:09:31,522	INFO logging_progress.py:233 --   Tasks: 0 [backpressured:tasks(ResourceBudget)]; Actors: 0; Queued blocks: 0 (0.0B); Resources: 0.0 CPU, 0.0B object store
2026-10-05 01:09:31,522	INFO logging_progress.py:192 -- =================================================================
2026-10-05 01:09:41,582	INFO logging_progress.py:174 -- ======= Running Dataset: dataset_034aF73c6icu6aPKRURadk_0 =======
2026-10-05 01:09:41,594	INFO logging_progress.py:225 -- Total Progress: 0/?
2026-10-05 01:09:41,594	INFO logging_progress.py:227 -- Active & requested resources: 1/1 CPU, 59.0B/60.0MiB object store
2026-10-05 01:09:41,594	INFO logging_progress.py:181 -- 
2026-10-05 01:09:41,594	INFO logging_progress.py:231 -- ListFiles: 1/1
2026-10-05 01:09:41,594	INFO logging_progress.py:233 --   Tasks: 0; Actors: 0; Queued blocks: 0 (0.0B); Resources: 0.0 CPU, 59.0B object store
2026-10-05 01:09:41,594	INFO logging_progress.py:231 -- ReadFilesParquetV2->MapBatches(remove_required_nulls)->MapBatches(remove_duplicates)->...->Project: 0/1
2026-10-05 01:09:41,594	INFO logging_progress.py:233 --   Tasks: 1 [backpressured:tasks(ResourceBudget)]; Actors: 0; Queued blocks: 0 (0.0B); Resources: 1.0 CPU, 0.0B object store
2026-10-05 01:09:41,595	INFO logging_progress.py:231 -- Write: 0/1
2026-10-05 01:09:41,595	INFO logging_progress.py:233 --   Tasks: 0 [backpressured:tasks(ResourceBudget)]; Actors: 0; Queued blocks: 0 (0.0B); Resources: 0.0 CPU, 0.0B object store
2026-10-05 01:09:41,595	INFO logging_progress.py:192 -- =================================================================
/home/sidhartha/miniconda/envs/spark-ray-a3/lib/python3.11/site-packages/ray/data/_internal/execution/operators/task_pool_map_operator.py:273: UserWarning: The maximum number of concurrent tasks for 'Write' is set to 2, but the operator only received 1 input(s). This means that the operator can launch at most 1 task(s), which is less than the concurrency limit. You might be able to increase the number of concurrent tasks by configuring `override_num_blocks` earlier in the pipeline.
  warnings.warn(
2026-10-05 01:09:51,663	INFO logging_progress.py:174 -- ======= Running Dataset: dataset_034aF73c6icu6aPKRURadk_0 =======
2026-10-05 01:09:51,664	INFO logging_progress.py:225 -- Total Progress: 0/?
2026-10-05 01:09:51,664	INFO logging_progress.py:227 -- Active & requested resources: 1/1 CPU, 657.4MiB/60.0MiB object store
2026-10-05 01:09:51,664	INFO logging_progress.py:181 -- 
2026-10-05 01:09:51,664	INFO logging_progress.py:231 -- ListFiles: 1/1
2026-10-05 01:09:51,664	INFO logging_progress.py:233 --   Tasks: 0; Actors: 0; Queued blocks: 0 (0.0B); Resources: 0.0 CPU, 0.0B object store
2026-10-05 01:09:51,664	INFO logging_progress.py:231 -- ReadFilesParquetV2->MapBatches(remove_required_nulls)->MapBatches(remove_duplicates)->...->Project: 2939257/2939257
2026-10-05 01:09:51,664	INFO logging_progress.py:233 --   Tasks: 0; Actors: 0; Queued blocks: 0 (0.0B); Resources: 0.0 CPU, 657.4MiB object store
2026-10-05 01:09:51,664	INFO logging_progress.py:231 -- Write: 0/1
2026-10-05 01:09:51,664	INFO logging_progress.py:233 --   Tasks: 1 [backpressured:tasks(ResourceBudget)]; Actors: 0; Queued blocks: 0 (0.0B); Resources: 1.0 CPU, 0.0B object store
2026-10-05 01:09:51,664	INFO logging_progress.py:192 -- =================================================================
2026-10-05 01:09:52,003	INFO streaming_executor.py:365 -- ✔️  Dataset dataset_034aF73c6icu6aPKRURadk_0 execution finished in 40.62 seconds
2026-10-05 01:09:52,130	INFO dataset.py:6680 -- Data sink Parquet finished. 2939257 rows and 655.1MiB data written.
2026-10-05 01:09:52,217	INFO streaming_executor.py:214 -- Starting execution of Dataset dataset_034aF85pvk8aKmRaGZynw0_0. Full logs are in /home/sidhartha/raytmp/session/session_2026-10-05_01-05-09_595998_75883/logs/ray-data
2026-10-05 01:09:52,217	INFO streaming_executor.py:215 -- Execution plan of Dataset dataset_034aF85pvk8aKmRaGZynw0_0: InputDataBuffer[Input] -> TaskPoolMapOperator[ListFiles] -> TaskPoolMapOperator[ReadFilesParquetV2->MapBatches(remove_required_nulls)->MapBatches(remove_duplicates)->MapBatches(filter_invalid_trips)->MapBatches(add_timestamp_features)->MapBatches(join_location_lookup)->MapBatches(add_average_speed)->Project] -> TaskPoolMapOperator[Write]
2026-10-05 01:09:52,258	INFO logging_progress.py:174 -- ======= Running Dataset: dataset_034aF85pvk8aKmRaGZynw0_0 =======
2026-10-05 01:09:52,258	INFO logging_progress.py:225 -- Total Progress: 0/?
2026-10-05 01:09:52,258	INFO logging_progress.py:227 -- Active & requested resources: 0/0 CPU, 0.0B/0.0B object store
2026-10-05 01:09:52,259	INFO logging_progress.py:181 -- 
2026-10-05 01:09:52,259	INFO logging_progress.py:231 -- ListFiles: 0/1
2026-10-05 01:09:52,259	INFO logging_progress.py:233 --   Tasks: 1; Actors: 0; Queued blocks: 0 (0.0B); Resources: 1.0 CPU, 0.0B object store
2026-10-05 01:09:52,259	INFO logging_progress.py:231 -- ReadFilesParquetV2->MapBatches(remove_required_nulls)->MapBatches(remove_duplicates)->...->Project: 0/1
2026-10-05 01:09:52,259	INFO logging_progress.py:233 --   Tasks: 0 [backpressured:tasks(ResourceBudget)]; Actors: 0; Queued blocks: 0 (0.0B); Resources: 0.0 CPU, 0.0B object store
2026-10-05 01:09:52,259	INFO logging_progress.py:231 -- Write: 0/1
2026-10-05 01:09:52,259	INFO logging_progress.py:233 --   Tasks: 0 [backpressured:tasks(ResourceBudget)]; Actors: 0; Queued blocks: 0 (0.0B); Resources: 0.0 CPU, 0.0B object store
2026-10-05 01:09:52,259	INFO logging_progress.py:192 -- =================================================================
2026-10-05 01:10:02,289	INFO logging_progress.py:174 -- ======= Running Dataset: dataset_034aF85pvk8aKmRaGZynw0_0 =======
2026-10-05 01:10:02,289	INFO logging_progress.py:225 -- Total Progress: 0/?
2026-10-05 01:10:02,289	INFO logging_progress.py:227 -- Active & requested resources: 1/1 CPU, 59.0B/60.0MiB object store
2026-10-05 01:10:02,290	INFO logging_progress.py:181 -- 
2026-10-05 01:10:02,290	INFO logging_progress.py:231 -- ListFiles: 1/1
2026-10-05 01:10:02,290	INFO logging_progress.py:233 --   Tasks: 0; Actors: 0; Queued blocks: 0 (0.0B); Resources: 0.0 CPU, 59.0B object store
2026-10-05 01:10:02,290	INFO logging_progress.py:231 -- ReadFilesParquetV2->MapBatches(remove_required_nulls)->MapBatches(remove_duplicates)->...->Project: 0/1
2026-10-05 01:10:02,290	INFO logging_progress.py:233 --   Tasks: 1 [backpressured:tasks(ResourceBudget)]; Actors: 0; Queued blocks: 0 (0.0B); Resources: 1.0 CPU, 0.0B object store
2026-10-05 01:10:02,290	INFO logging_progress.py:231 -- Write: 0/1
2026-10-05 01:10:02,290	INFO logging_progress.py:233 --   Tasks: 0 [backpressured:tasks(ResourceBudget)]; Actors: 0; Queued blocks: 0 (0.0B); Resources: 0.0 CPU, 0.0B object store
2026-10-05 01:10:02,290	INFO logging_progress.py:192 -- =================================================================
2026-10-05 01:10:12,353	INFO logging_progress.py:174 -- ======= Running Dataset: dataset_034aF85pvk8aKmRaGZynw0_0 =======
2026-10-05 01:10:12,354	INFO logging_progress.py:225 -- Total Progress: 0/?
2026-10-05 01:10:12,354	INFO logging_progress.py:227 -- Active & requested resources: 1/1 CPU, 59.0B/60.0MiB object store
2026-10-05 01:10:12,354	INFO logging_progress.py:181 -- 
2026-10-05 01:10:12,354	INFO logging_progress.py:231 -- ListFiles: 1/1
2026-10-05 01:10:12,354	INFO logging_progress.py:233 --   Tasks: 0; Actors: 0; Queued blocks: 0 (0.0B); Resources: 0.0 CPU, 59.0B object store
2026-10-05 01:10:12,354	INFO logging_progress.py:231 -- ReadFilesParquetV2->MapBatches(remove_required_nulls)->MapBatches(remove_duplicates)->...->Project: 0/1
2026-10-05 01:10:12,354	INFO logging_progress.py:233 --   Tasks: 1 [backpressured:tasks(ResourceBudget)]; Actors: 0; Queued blocks: 0 (0.0B); Resources: 1.0 CPU, 0.0B object store
2026-10-05 01:10:12,354	INFO logging_progress.py:231 -- Write: 0/1
2026-10-05 01:10:12,355	INFO logging_progress.py:233 --   Tasks: 0 [backpressured:tasks(ResourceBudget)]; Actors: 0; Queued blocks: 0 (0.0B); Resources: 0.0 CPU, 0.0B object store
2026-10-05 01:10:12,355	INFO logging_progress.py:192 -- =================================================================
2026-10-05 01:10:22,466	INFO logging_progress.py:174 -- ======= Running Dataset: dataset_034aF85pvk8aKmRaGZynw0_0 =======
2026-10-05 01:10:22,467	INFO logging_progress.py:225 -- Total Progress: 0/?
2026-10-05 01:10:22,467	INFO logging_progress.py:227 -- Active & requested resources: 1/1 CPU, 59.0B/60.0MiB object store
2026-10-05 01:10:22,467	INFO logging_progress.py:181 -- 
2026-10-05 01:10:22,467	INFO logging_progress.py:231 -- ListFiles: 1/1
2026-10-05 01:10:22,467	INFO logging_progress.py:233 --   Tasks: 0; Actors: 0; Queued blocks: 0 (0.0B); Resources: 0.0 CPU, 59.0B object store
2026-10-05 01:10:22,467	INFO logging_progress.py:231 -- ReadFilesParquetV2->MapBatches(remove_required_nulls)->MapBatches(remove_duplicates)->...->Project: 0/1
2026-10-05 01:10:22,468	INFO logging_progress.py:233 --   Tasks: 1 [backpressured:tasks(ResourceBudget)]; Actors: 0; Queued blocks: 0 (0.0B); Resources: 1.0 CPU, 0.0B object store
2026-10-05 01:10:22,468	INFO logging_progress.py:231 -- Write: 0/1
2026-10-05 01:10:22,468	INFO logging_progress.py:233 --   Tasks: 0 [backpressured:tasks(ResourceBudget)]; Actors: 0; Queued blocks: 0 (0.0B); Resources: 0.0 CPU, 0.0B object store
2026-10-05 01:10:22,468	INFO logging_progress.py:192 -- =================================================================
/home/sidhartha/miniconda/envs/spark-ray-a3/lib/python3.11/site-packages/ray/data/_internal/execution/operators/task_pool_map_operator.py:273: UserWarning: The maximum number of concurrent tasks for 'Write' is set to 2, but the operator only received 1 input(s). This means that the operator can launch at most 1 task(s), which is less than the concurrency limit. You might be able to increase the number of concurrent tasks by configuring `override_num_blocks` earlier in the pipeline.
  warnings.warn(
2026-10-05 01:10:32,590	INFO logging_progress.py:174 -- ======= Running Dataset: dataset_034aF85pvk8aKmRaGZynw0_0 =======
2026-10-05 01:10:32,591	INFO logging_progress.py:225 -- Total Progress: 0/?
2026-10-05 01:10:32,591	INFO logging_progress.py:227 -- Active & requested resources: 1/1 CPU, 781.1MiB/60.0MiB object store
2026-10-05 01:10:32,591	INFO logging_progress.py:181 -- 
2026-10-05 01:10:32,591	INFO logging_progress.py:231 -- ListFiles: 1/1
2026-10-05 01:10:32,592	INFO logging_progress.py:233 --   Tasks: 0; Actors: 0; Queued blocks: 0 (0.0B); Resources: 0.0 CPU, 0.0B object store
2026-10-05 01:10:32,592	INFO logging_progress.py:231 -- ReadFilesParquetV2->MapBatches(remove_required_nulls)->MapBatches(remove_duplicates)->...->Project: 3495270/3495270
2026-10-05 01:10:32,592	INFO logging_progress.py:233 --   Tasks: 0; Actors: 0; Queued blocks: 0 (0.0B); Resources: 0.0 CPU, 781.1MiB object store
2026-10-05 01:10:32,592	INFO logging_progress.py:231 -- Write: 0/1
2026-10-05 01:10:32,592	INFO logging_progress.py:233 --   Tasks: 1 [backpressured:tasks(ResourceBudget)]; Actors: 0; Queued blocks: 0 (0.0B); Resources: 1.0 CPU, 0.0B object store
2026-10-05 01:10:32,592	INFO logging_progress.py:192 -- =================================================================
[36m(raylet)[0m Spilled 2081 MiB, 3 objects, write throughput 145 MiB/s. Set RAY_verbose_spill_logs=0 to disable this message.
2026-10-05 01:10:41,075	INFO streaming_executor.py:365 -- ✔️  Dataset dataset_034aF85pvk8aKmRaGZynw0_0 execution finished in 48.86 seconds
2026-10-05 01:10:41,218	INFO dataset.py:6680 -- Data sink Parquet finished. 3495270 rows and 778.6MiB data written.
2026-10-05 01:10:41,319	INFO streaming_executor.py:214 -- Starting execution of Dataset dataset_034aF9L0tn6gmW4SyyQjr2_0. Full logs are in /home/sidhartha/raytmp/session/session_2026-10-05_01-05-09_595998_75883/logs/ray-data
2026-10-05 01:10:41,319	INFO streaming_executor.py:215 -- Execution plan of Dataset dataset_034aF9L0tn6gmW4SyyQjr2_0: InputDataBuffer[Input] -> TaskPoolMapOperator[ListFiles] -> TaskPoolMapOperator[ReadFilesParquetV2->MapBatches(remove_required_nulls)->MapBatches(remove_duplicates)->MapBatches(filter_invalid_trips)->MapBatches(add_timestamp_features)->MapBatches(join_location_lookup)->MapBatches(add_average_speed)->Project] -> TaskPoolMapOperator[Write]
2026-10-05 01:10:41,360	INFO logging_progress.py:174 -- ======= Running Dataset: dataset_034aF9L0tn6gmW4SyyQjr2_0 =======
2026-10-05 01:10:41,360	INFO logging_progress.py:225 -- Total Progress: 0/?
2026-10-05 01:10:41,360	INFO logging_progress.py:227 -- Active & requested resources: 0/0 CPU, 0.0B/0.0B object store
2026-10-05 01:10:41,361	INFO logging_progress.py:181 -- 
2026-10-05 01:10:41,361	INFO logging_progress.py:231 -- ListFiles: 0/1
2026-10-05 01:10:41,361	INFO logging_progress.py:233 --   Tasks: 1; Actors: 0; Queued blocks: 0 (0.0B); Resources: 1.0 CPU, 0.0B object store
2026-10-05 01:10:41,361	INFO logging_progress.py:231 -- ReadFilesParquetV2->MapBatches(remove_required_nulls)->MapBatches(remove_duplicates)->...->Project: 0/1
2026-10-05 01:10:41,361	INFO logging_progress.py:233 --   Tasks: 0 [backpressured:tasks(ResourceBudget)]; Actors: 0; Queued blocks: 0 (0.0B); Resources: 0.0 CPU, 0.0B object store
2026-10-05 01:10:41,361	INFO logging_progress.py:231 -- Write: 0/1
2026-10-05 01:10:41,361	INFO logging_progress.py:233 --   Tasks: 0 [backpressured:tasks(ResourceBudget)]; Actors: 0; Queued blocks: 0 (0.0B); Resources: 0.0 CPU, 0.0B object store
2026-10-05 01:10:41,361	INFO logging_progress.py:192 -- =================================================================
2026-10-05 01:10:51,446	INFO logging_progress.py:174 -- ======= Running Dataset: dataset_034aF9L0tn6gmW4SyyQjr2_0 =======
2026-10-05 01:10:51,446	INFO logging_progress.py:225 -- Total Progress: 0/?
2026-10-05 01:10:51,446	INFO logging_progress.py:227 -- Active & requested resources: 1/1 CPU, 59.0B/60.0MiB object store
2026-10-05 01:10:51,446	INFO logging_progress.py:181 -- 
2026-10-05 01:10:51,446	INFO logging_progress.py:231 -- ListFiles: 1/1
2026-10-05 01:10:51,446	INFO logging_progress.py:233 --   Tasks: 0; Actors: 0; Queued blocks: 0 (0.0B); Resources: 0.0 CPU, 59.0B object store
2026-10-05 01:10:51,447	INFO logging_progress.py:231 -- ReadFilesParquetV2->MapBatches(remove_required_nulls)->MapBatches(remove_duplicates)->...->Project: 0/1
2026-10-05 01:10:51,447	INFO logging_progress.py:233 --   Tasks: 1 [backpressured:tasks(ResourceBudget)]; Actors: 0; Queued blocks: 0 (0.0B); Resources: 1.0 CPU, 0.0B object store
2026-10-05 01:10:51,447	INFO logging_progress.py:231 -- Write: 0/1
2026-10-05 01:10:51,447	INFO logging_progress.py:233 --   Tasks: 0 [backpressured:tasks(ResourceBudget)]; Actors: 0; Queued blocks: 0 (0.0B); Resources: 0.0 CPU, 0.0B object store
2026-10-05 01:10:51,447	INFO logging_progress.py:192 -- =================================================================
2026-10-05 01:11:01,477	INFO logging_progress.py:174 -- ======= Running Dataset: dataset_034aF9L0tn6gmW4SyyQjr2_0 =======
2026-10-05 01:11:01,477	INFO logging_progress.py:225 -- Total Progress: 0/?
2026-10-05 01:11:01,477	INFO logging_progress.py:227 -- Active & requested resources: 1/1 CPU, 59.0B/60.0MiB object store
2026-10-05 01:11:01,477	INFO logging_progress.py:181 -- 
2026-10-05 01:11:01,477	INFO logging_progress.py:231 -- ListFiles: 1/1
2026-10-05 01:11:01,478	INFO logging_progress.py:233 --   Tasks: 0; Actors: 0; Queued blocks: 0 (0.0B); Resources: 0.0 CPU, 59.0B object store
2026-10-05 01:11:01,478	INFO logging_progress.py:231 -- ReadFilesParquetV2->MapBatches(remove_required_nulls)->MapBatches(remove_duplicates)->...->Project: 0/1
2026-10-05 01:11:01,478	INFO logging_progress.py:233 --   Tasks: 1 [backpressured:tasks(ResourceBudget)]; Actors: 0; Queued blocks: 0 (0.0B); Resources: 1.0 CPU, 0.0B object store
2026-10-05 01:11:01,478	INFO logging_progress.py:231 -- Write: 0/1
2026-10-05 01:11:01,478	INFO logging_progress.py:233 --   Tasks: 0 [backpressured:tasks(ResourceBudget)]; Actors: 0; Queued blocks: 0 (0.0B); Resources: 0.0 CPU, 0.0B object store
2026-10-05 01:11:01,478	INFO logging_progress.py:192 -- =================================================================
2026-10-05 01:11:11,560	INFO logging_progress.py:174 -- ======= Running Dataset: dataset_034aF9L0tn6gmW4SyyQjr2_0 =======
2026-10-05 01:11:11,560	INFO logging_progress.py:225 -- Total Progress: 0/?
2026-10-05 01:11:11,561	INFO logging_progress.py:227 -- Active & requested resources: 1/1 CPU, 59.0B/60.0MiB object store
2026-10-05 01:11:11,561	INFO logging_progress.py:181 -- 
2026-10-05 01:11:11,561	INFO logging_progress.py:231 -- ListFiles: 1/1
2026-10-05 01:11:11,561	INFO logging_progress.py:233 --   Tasks: 0; Actors: 0; Queued blocks: 0 (0.0B); Resources: 0.0 CPU, 59.0B object store
2026-10-05 01:11:11,561	INFO logging_progress.py:231 -- ReadFilesParquetV2->MapBatches(remove_required_nulls)->MapBatches(remove_duplicates)->...->Project: 0/1
2026-10-05 01:11:11,561	INFO logging_progress.py:233 --   Tasks: 1 [backpressured:tasks(ResourceBudget)]; Actors: 0; Queued blocks: 0 (0.0B); Resources: 1.0 CPU, 0.0B object store
2026-10-05 01:11:11,562	INFO logging_progress.py:231 -- Write: 0/1
2026-10-05 01:11:11,562	INFO logging_progress.py:233 --   Tasks: 0 [backpressured:tasks(ResourceBudget)]; Actors: 0; Queued blocks: 0 (0.0B); Resources: 0.0 CPU, 0.0B object store
2026-10-05 01:11:11,562	INFO logging_progress.py:192 -- =================================================================
/home/sidhartha/miniconda/envs/spark-ray-a3/lib/python3.11/site-packages/ray/data/_internal/execution/operators/task_pool_map_operator.py:273: UserWarning: The maximum number of concurrent tasks for 'Write' is set to 2, but the operator only received 1 input(s). This means that the operator can launch at most 1 task(s), which is less than the concurrency limit. You might be able to increase the number of concurrent tasks by configuring `override_num_blocks` earlier in the pipeline.
  warnings.warn(
2026-10-05 01:11:21,585	INFO logging_progress.py:174 -- ======= Running Dataset: dataset_034aF9L0tn6gmW4SyyQjr2_0 =======
2026-10-05 01:11:21,585	INFO logging_progress.py:225 -- Total Progress: 0/?
2026-10-05 01:11:21,585	INFO logging_progress.py:227 -- Active & requested resources: 1/1 CPU, 775.8MiB/60.0MiB object store
2026-10-05 01:11:21,585	INFO logging_progress.py:181 -- 
2026-10-05 01:11:21,585	INFO logging_progress.py:231 -- ListFiles: 1/1
2026-10-05 01:11:21,585	INFO logging_progress.py:233 --   Tasks: 0; Actors: 0; Queued blocks: 0 (0.0B); Resources: 0.0 CPU, 0.0B object store
2026-10-05 01:11:21,586	INFO logging_progress.py:231 -- ReadFilesParquetV2->MapBatches(remove_required_nulls)->MapBatches(remove_duplicates)->...->Project: 3468346/3468346
2026-10-05 01:11:21,586	INFO logging_progress.py:233 --   Tasks: 0; Actors: 0; Queued blocks: 0 (0.0B); Resources: 0.0 CPU, 775.8MiB object store
2026-10-05 01:11:21,586	INFO logging_progress.py:231 -- Write: 0/1
2026-10-05 01:11:21,586	INFO logging_progress.py:233 --   Tasks: 1 [backpressured:tasks(ResourceBudget)]; Actors: 0; Queued blocks: 0 (0.0B); Resources: 1.0 CPU, 0.0B object store
2026-10-05 01:11:21,586	INFO logging_progress.py:192 -- =================================================================
2026-10-05 01:11:27,791	INFO streaming_executor.py:365 -- ✔️  Dataset dataset_034aF9L0tn6gmW4SyyQjr2_0 execution finished in 46.47 seconds
2026-10-05 01:11:27,970	INFO dataset.py:6680 -- Data sink Parquet finished. 3468346 rows and 772.9MiB data written.
Ray version: 2.59.0
Alive nodes: 3
Cluster resources: {'object_store_memory': 335544320.0, 'memory': 1900019712.0, 'node:192.168.64.2': 3.0, 'CPU': 2.0, 'node:__internal_head__': 1.0}
Total monthly files: 35

============================================================
[1/35] Processing 2023-02
Input: data/raw/yellow/yellow_tripdata_2023-02.parquet
============================================================
Skipping completed 2023-02: 2,872,501 rows

============================================================
[2/35] Processing 2023-03
Input: data/raw/yellow/yellow_tripdata_2023-03.parquet
============================================================
Skipping completed 2023-03: 3,354,789 rows

============================================================
[3/35] Processing 2023-04
Input: data/raw/yellow/yellow_tripdata_2023-04.parquet
============================================================
Skipping completed 2023-04: 3,247,840 rows

============================================================
[4/35] Processing 2023-05
Input: data/raw/yellow/yellow_tripdata_2023-05.parquet
============================================================
Skipping completed 2023-05: 3,466,623 rows

============================================================
[5/35] Processing 2023-06
Input: data/raw/yellow/yellow_tripdata_2023-06.parquet
============================================================
Skipping completed 2023-06: 3,259,503 rows

============================================================
[6/35] Processing 2023-07
Input: data/raw/yellow/yellow_tripdata_2023-07.parquet
============================================================
Skipping completed 2023-07: 2,857,079 rows

============================================================
[7/35] Processing 2023-08
Input: data/raw/yellow/yellow_tripdata_2023-08.parquet
============================================================
Skipping completed 2023-08: 2,766,567 rows

============================================================
[8/35] Processing 2023-09
Input: data/raw/yellow/yellow_tripdata_2023-09.parquet
============================================================
Skipping completed 2023-09: 2,747,974 rows

============================================================
[9/35] Processing 2023-10
Input: data/raw/yellow/yellow_tripdata_2023-10.parquet
============================================================
Skipping completed 2023-10: 3,400,429 rows

============================================================
[10/35] Processing 2023-11
Input: data/raw/yellow/yellow_tripdata_2023-11.parquet
============================================================
Skipping completed 2023-11: 3,236,248 rows

============================================================
[11/35] Processing 2023-12
Input: data/raw/yellow/yellow_tripdata_2023-12.parquet
============================================================
Completed 2023-12: 3,303,105 rows, 96.79 seconds

============================================================
[12/35] Processing 2024-01
Input: data/raw/yellow/yellow_tripdata_2024-01.parquet
============================================================
[33m(raylet)[0m The node with node id: ee95208395ea30473bd50f48211ff23653b557d7ae7e3d4cc2c9c9e1 and address: 192.168.64.2 and node name: 192.168.64.2 has been marked dead because the detector has missed too many heartbeats from it. This can happen when a 	(1) raylet crashes unexpectedly (OOM, etc.) 
	(2) raylet has lagging heartbeats due to slow network or busy workload.
[33m(raylet)[0m Raylet is terminated. Termination is unexpected. Possible reasons include: (1) SIGKILL by the user or system OOM killer, (2) Invalid memory access from Raylet causing SIGSEGV or SIGBUS, (3) Other termination signals. Last 20 lines of the Raylet logs:
    [state-dump] 	ray::rpc::NodeInfoGcsService.grpc_client.GetAllNodeAddressAndLiveness - 1 total (0 active), Execution time: mean = 4.70ms, total = 4.70ms, Queueing time: mean = 0.00ms, max = -0.00ms, min = 9223372036854.78ms, total = 0.00ms
    [state-dump] 	NodeManager.GCTaskFailureReason - 1 total (1 active), Execution time: mean = 0.00ms, total = 0.00ms, Queueing time: mean = 0.00ms, max = -0.00ms, min = 9223372036854.78ms, total = 0.00ms
    [state-dump] 	NodeManager.GCCancelledLeaseTombstones - 1 total (1 active), Execution time: mean = 0.00ms, total = 0.00ms, Queueing time: mean = 0.00ms, max = -0.00ms, min = 9223372036854.78ms, total = 0.00ms
    [state-dump] 	ray::rpc::InternalKVGcsService.grpc_client.GetInternalConfig.OnReplyReceived - 1 total (0 active), Execution time: mean = 1678.81ms, total = 1678.81ms, Queueing time: mean = 0.03ms, max = 0.03ms, min = 0.03ms, total = 0.03ms
    [state-dump] 	ray::rpc::NodeInfoGcsService.grpc_client.RegisterNode - 1 total (0 active), Execution time: mean = 2.06ms, total = 2.06ms, Queueing time: mean = 0.00ms, max = -0.00ms, min = 9223372036854.78ms, total = 0.00ms
    [state-dump] 	ray::rpc::JobInfoGcsService.grpc_client.GetAllJobInfo - 1 total (0 active), Execution time: mean = 0.97ms, total = 0.97ms, Queueing time: mean = 0.00ms, max = -0.00ms, min = 9223372036854.78ms, total = 0.00ms
    [state-dump] 	ReporterService.grpc_client.HealthCheck.OnReplyReceived - 1 total (0 active), Execution time: mean = 0.16ms, total = 0.16ms, Queueing time: mean = 0.28ms, max = 0.28ms, min = 0.28ms, total = 0.28ms
    [state-dump] 	ReporterService.grpc_client.HealthCheck - 1 total (0 active), Execution time: mean = 2.74ms, total = 2.74ms, Queueing time: mean = 0.00ms, max = -0.00ms, min = 9223372036854.78ms, total = 0.00ms
    [state-dump] 	ray::rpc::NodeInfoGcsService.grpc_client.RegisterNode.OnReplyReceived - 1 total (0 active), Execution time: mean = 0.86ms, total = 0.86ms, Queueing time: mean = 0.19ms, max = 0.19ms, min = 0.19ms, total = 0.19ms
    [state-dump] 	ray::rpc::InternalKVGcsService.grpc_client.GetInternalConfig - 1 total (0 active), Execution time: mean = 1.90ms, total = 1.90ms, Queueing time: mean = 0.00ms, max = -0.00ms, min = 9223372036854.78ms, total = 0.00ms
    [state-dump] 	ray::rpc::JobInfoGcsService.grpc_client.GetAllJobInfo.OnReplyReceived - 1 total (0 active), Execution time: mean = 0.03ms, total = 0.03ms, Queueing time: mean = 0.06ms, max = 0.06ms, min = 0.06ms, total = 0.06ms
    [state-dump] 	ray::rpc::NodeInfoGcsService.grpc_client.GetAllNodeAddressAndLiveness.OnReplyReceived - 1 total (0 active), Execution time: mean = 0.21ms, total = 0.21ms, Queueing time: mean = 0.27ms, max = 0.27ms, min = 0.27ms, total = 0.27ms
    [state-dump] DebugString() time ms: 10
    [state-dump] 
    [state-dump] 
    [2026-10-05 01:08:13,660 W 76186 76225] (raylet) memory_monitor_utils.cc:437: Got negative used memory for cgroup -1, setting it to zero
    [2026-10-05 01:08:16,133 I 76186 76186] (raylet) node_manager.cc:3001: Sending Python GC request to 4 local workers to clean up Python cyclic references.
    [2026-10-05 01:08:18,676 W 76186 76225] (raylet) memory_monitor_utils.cc:437: Got negative used memory for cgroup -1, setting it to zero
    [2026-10-05 01:08:23,687 W 76186 76225] (raylet) memory_monitor_utils.cc:437: Got negative used memory for cgroup -1, setting it to zero
    [2026-10-05 01:08:24,587 I 76186 76186] (raylet) accessor.cc:475: Received address and liveness notification for node, IsAlive = 0 node_id=ee95208395ea30473bd50f48211ff23653b557d7ae7e3d4cc2c9c9e1

Completed 2024-01: 2,904,141 rows, 111.63 seconds

============================================================
[13/35] Processing 2024-02
Input: data/raw/yellow/yellow_tripdata_2024-02.parquet
============================================================
Completed 2024-02: 2,939,257 rows, 40.81 seconds

============================================================
[14/35] Processing 2024-03
Input: data/raw/yellow/yellow_tripdata_2024-03.parquet
============================================================
Completed 2024-03: 3,495,270 rows, 49.06 seconds

============================================================
[15/35] Processing 2024-04
Input: data/raw/yellow/yellow_tripdata_2024-04.parquet
============================================================
Completed 2024-04: 3,468,346 rows, 46.73 seconds

============================================================2026-10-05 01:11:28,126	INFO streaming_executor.py:214 -- Starting execution of Dataset dataset_034aFAWXXO0n2xdY1WiaM8_0. Full logs are in /home/sidhartha/raytmp/session/session_2026-10-05_01-05-09_595998_75883/logs/ray-data
2026-10-05 01:11:28,127	INFO streaming_executor.py:215 -- Execution plan of Dataset dataset_034aFAWXXO0n2xdY1WiaM8_0: InputDataBuffer[Input] -> TaskPoolMapOperator[ListFiles] -> TaskPoolMapOperator[ReadFilesParquetV2->MapBatches(remove_required_nulls)->MapBatches(remove_duplicates)->MapBatches(filter_invalid_trips)->MapBatches(add_timestamp_features)->MapBatches(join_location_lookup)->MapBatches(add_average_speed)->Project] -> TaskPoolMapOperator[Write]
2026-10-05 01:11:28,206	INFO logging_progress.py:174 -- ======= Running Dataset: dataset_034aFAWXXO0n2xdY1WiaM8_0 =======
2026-10-05 01:11:28,206	INFO logging_progress.py:225 -- Total Progress: 0/?
2026-10-05 01:11:28,206	INFO logging_progress.py:227 -- Active & requested resources: 0/0 CPU, 0.0B/0.0B object store
2026-10-05 01:11:28,206	INFO logging_progress.py:181 -- 
2026-10-05 01:11:28,206	INFO logging_progress.py:231 -- ListFiles: 0/1
2026-10-05 01:11:28,206	INFO logging_progress.py:233 --   Tasks: 1; Actors: 0; Queued blocks: 0 (0.0B); Resources: 1.0 CPU, 0.0B object store
2026-10-05 01:11:28,207	INFO logging_progress.py:231 -- ReadFilesParquetV2->MapBatches(remove_required_nulls)->MapBatches(remove_duplicates)->...->Project: 0/1
2026-10-05 01:11:28,207	INFO logging_progress.py:233 --   Tasks: 0 [backpressured:tasks(ResourceBudget)]; Actors: 0; Queued blocks: 0 (0.0B); Resources: 0.0 CPU, 0.0B object store
2026-10-05 01:11:28,207	INFO logging_progress.py:231 -- Write: 0/1
2026-10-05 01:11:28,207	INFO logging_progress.py:233 --   Tasks: 0 [backpressured:tasks(ResourceBudget)]; Actors: 0; Queued blocks: 0 (0.0B); Resources: 0.0 CPU, 0.0B object store
2026-10-05 01:11:28,207	INFO logging_progress.py:192 -- =================================================================
2026-10-05 01:11:38,276	INFO logging_progress.py:174 -- ======= Running Dataset: dataset_034aFAWXXO0n2xdY1WiaM8_0 =======
2026-10-05 01:11:38,277	INFO logging_progress.py:225 -- Total Progress: 0/?
2026-10-05 01:11:38,277	INFO logging_progress.py:227 -- Active & requested resources: 1/1 CPU, 59.0B/60.0MiB object store
2026-10-05 01:11:38,278	INFO logging_progress.py:181 -- 
2026-10-05 01:11:38,278	INFO logging_progress.py:231 -- ListFiles: 1/1
2026-10-05 01:11:38,280	INFO logging_progress.py:233 --   Tasks: 0; Actors: 0; Queued blocks: 0 (0.0B); Resources: 0.0 CPU, 59.0B object store
2026-10-05 01:11:38,280	INFO logging_progress.py:231 -- ReadFilesParquetV2->MapBatches(remove_required_nulls)->MapBatches(remove_duplicates)->...->Project: 0/1
2026-10-05 01:11:38,280	INFO logging_progress.py:233 --   Tasks: 1 [backpressured:tasks(ResourceBudget)]; Actors: 0; Queued blocks: 0 (0.0B); Resources: 1.0 CPU, 0.0B object store
2026-10-05 01:11:38,281	INFO logging_progress.py:231 -- Write: 0/1
2026-10-05 01:11:38,281	INFO logging_progress.py:233 --   Tasks: 0 [backpressured:tasks(ResourceBudget)]; Actors: 0; Queued blocks: 0 (0.0B); Resources: 0.0 CPU, 0.0B object store
2026-10-05 01:11:38,281	INFO logging_progress.py:192 -- =================================================================
2026-10-05 01:11:48,354	INFO logging_progress.py:174 -- ======= Running Dataset: dataset_034aFAWXXO0n2xdY1WiaM8_0 =======
2026-10-05 01:11:48,354	INFO logging_progress.py:225 -- Total Progress: 0/?
2026-10-05 01:11:48,354	INFO logging_progress.py:227 -- Active & requested resources: 1/1 CPU, 59.0B/60.0MiB object store
2026-10-05 01:11:48,354	INFO logging_progress.py:181 -- 
2026-10-05 01:11:48,354	INFO logging_progress.py:231 -- ListFiles: 1/1
2026-10-05 01:11:48,355	INFO logging_progress.py:233 --   Tasks: 0; Actors: 0; Queued blocks: 0 (0.0B); Resources: 0.0 CPU, 59.0B object store
2026-10-05 01:11:48,355	INFO logging_progress.py:231 -- ReadFilesParquetV2->MapBatches(remove_required_nulls)->MapBatches(remove_duplicates)->...->Project: 0/1
2026-10-05 01:11:48,355	INFO logging_progress.py:233 --   Tasks: 1 [backpressured:tasks(ResourceBudget)]; Actors: 0; Queued blocks: 0 (0.0B); Resources: 1.0 CPU, 0.0B object store
2026-10-05 01:11:48,355	INFO logging_progress.py:231 -- Write: 0/1
2026-10-05 01:11:48,355	INFO logging_progress.py:233 --   Tasks: 0 [backpressured:tasks(ResourceBudget)]; Actors: 0; Queued blocks: 0 (0.0B); Resources: 0.0 CPU, 0.0B object store
2026-10-05 01:11:48,355	INFO logging_progress.py:192 -- =================================================================
2026-10-05 01:11:58,397	INFO logging_progress.py:174 -- ======= Running Dataset: dataset_034aFAWXXO0n2xdY1WiaM8_0 =======
2026-10-05 01:11:58,398	INFO logging_progress.py:225 -- Total Progress: 0/?
2026-10-05 01:11:58,398	INFO logging_progress.py:227 -- Active & requested resources: 1/1 CPU, 59.0B/60.0MiB object store
2026-10-05 01:11:58,398	INFO logging_progress.py:181 -- 
2026-10-05 01:11:58,398	INFO logging_progress.py:231 -- ListFiles: 1/1
2026-10-05 01:11:58,398	INFO logging_progress.py:233 --   Tasks: 0; Actors: 0; Queued blocks: 0 (0.0B); Resources: 0.0 CPU, 59.0B object store
2026-10-05 01:11:58,398	INFO logging_progress.py:231 -- ReadFilesParquetV2->MapBatches(remove_required_nulls)->MapBatches(remove_duplicates)->...->Project: 0/1
2026-10-05 01:11:58,398	INFO logging_progress.py:233 --   Tasks: 1 [backpressured:tasks(ResourceBudget)]; Actors: 0; Queued blocks: 0 (0.0B); Resources: 1.0 CPU, 0.0B object store
2026-10-05 01:11:58,398	INFO logging_progress.py:231 -- Write: 0/1
2026-10-05 01:11:58,398	INFO logging_progress.py:233 --   Tasks: 0 [backpressured:tasks(ResourceBudget)]; Actors: 0; Queued blocks: 0 (0.0B); Resources: 0.0 CPU, 0.0B object store
2026-10-05 01:11:58,399	INFO logging_progress.py:192 -- =================================================================
2026-10-05 01:12:08,466	INFO logging_progress.py:174 -- ======= Running Dataset: dataset_034aFAWXXO0n2xdY1WiaM8_0 =======
2026-10-05 01:12:08,470	INFO logging_progress.py:225 -- Total Progress: 0/?
2026-10-05 01:12:08,470	INFO logging_progress.py:227 -- Active & requested resources: 1/1 CPU, 59.0B/60.0MiB object store
2026-10-05 01:12:08,471	INFO logging_progress.py:181 -- 
2026-10-05 01:12:08,471	INFO logging_progress.py:231 -- ListFiles: 1/1
2026-10-05 01:12:08,471	INFO logging_progress.py:233 --   Tasks: 0; Actors: 0; Queued blocks: 0 (0.0B); Resources: 0.0 CPU, 59.0B object store
2026-10-05 01:12:08,471	INFO logging_progress.py:231 -- ReadFilesParquetV2->MapBatches(remove_required_nulls)->MapBatches(remove_duplicates)->...->Project: 0/1
2026-10-05 01:12:08,471	INFO logging_progress.py:233 --   Tasks: 1 [backpressured:tasks(ResourceBudget)]; Actors: 0; Queued blocks: 0 (0.0B); Resources: 1.0 CPU, 0.0B object store
2026-10-05 01:12:08,471	INFO logging_progress.py:231 -- Write: 0/1
2026-10-05 01:12:08,471	INFO logging_progress.py:233 --   Tasks: 0 [backpressured:tasks(ResourceBudget)]; Actors: 0; Queued blocks: 0 (0.0B); Resources: 0.0 CPU, 0.0B object store
2026-10-05 01:12:08,471	INFO logging_progress.py:192 -- =================================================================
/home/sidhartha/miniconda/envs/spark-ray-a3/lib/python3.11/site-packages/ray/data/_internal/execution/operators/task_pool_map_operator.py:273: UserWarning: The maximum number of concurrent tasks for 'Write' is set to 2, but the operator only received 1 input(s). This means that the operator can launch at most 1 task(s), which is less than the concurrency limit. You might be able to increase the number of concurrent tasks by configuring `override_num_blocks` earlier in the pipeline.
  warnings.warn(
2026-10-05 01:12:18,524	INFO logging_progress.py:174 -- ======= Running Dataset: dataset_034aFAWXXO0n2xdY1WiaM8_0 =======
2026-10-05 01:12:18,525	INFO logging_progress.py:225 -- Total Progress: 0/?
2026-10-05 01:12:18,525	INFO logging_progress.py:227 -- Active & requested resources: 1/1 CPU, 821.3MiB/60.0MiB object store
2026-10-05 01:12:18,525	INFO logging_progress.py:181 -- 
2026-10-05 01:12:18,525	INFO logging_progress.py:231 -- ListFiles: 1/1
2026-10-05 01:12:18,525	INFO logging_progress.py:233 --   Tasks: 0; Actors: 0; Queued blocks: 0 (0.0B); Resources: 0.0 CPU, 0.0B object store
2026-10-05 01:12:18,525	INFO logging_progress.py:231 -- ReadFilesParquetV2->MapBatches(remove_required_nulls)->MapBatches(remove_duplicates)->...->Project: 3673950/3673950
2026-10-05 01:12:18,525	INFO logging_progress.py:233 --   Tasks: 0; Actors: 0; Queued blocks: 0 (0.0B); Resources: 0.0 CPU, 821.3MiB object store
2026-10-05 01:12:18,525	INFO logging_progress.py:231 -- Write: 0/1
2026-10-05 01:12:18,525	INFO logging_progress.py:233 --   Tasks: 1 [backpressured:tasks(ResourceBudget)]; Actors: 0; Queued blocks: 0 (0.0B); Resources: 1.0 CPU, 0.0B object store
2026-10-05 01:12:18,525	INFO logging_progress.py:192 -- =================================================================
2026-10-05 01:12:24,140	INFO streaming_executor.py:365 -- ✔️  Dataset dataset_034aFAWXXO0n2xdY1WiaM8_0 execution finished in 56.01 seconds
2026-10-05 01:12:24,318	INFO dataset.py:6680 -- Data sink Parquet finished. 3673950 rows and 818.7MiB data written.
2026-10-05 01:12:24,430	INFO streaming_executor.py:214 -- Starting execution of Dataset dataset_034aFBx89tbbCrR4WScuFg_0. Full logs are in /home/sidhartha/raytmp/session/session_2026-10-05_01-05-09_595998_75883/logs/ray-data
2026-10-05 01:12:24,430	INFO streaming_executor.py:215 -- Execution plan of Dataset dataset_034aFBx89tbbCrR4WScuFg_0: InputDataBuffer[Input] -> TaskPoolMapOperator[ListFiles] -> TaskPoolMapOperator[ReadFilesParquetV2->MapBatches(remove_required_nulls)->MapBatches(remove_duplicates)->MapBatches(filter_invalid_trips)->MapBatches(add_timestamp_features)->MapBatches(join_location_lookup)->MapBatches(add_average_speed)->Project] -> TaskPoolMapOperator[Write]
2026-10-05 01:12:24,490	INFO logging_progress.py:174 -- ======= Running Dataset: dataset_034aFBx89tbbCrR4WScuFg_0 =======
2026-10-05 01:12:24,490	INFO logging_progress.py:225 -- Total Progress: 0/?
2026-10-05 01:12:24,490	INFO logging_progress.py:227 -- Active & requested resources: 0/0 CPU, 0.0B/0.0B object store
2026-10-05 01:12:24,490	INFO logging_progress.py:181 -- 
2026-10-05 01:12:24,490	INFO logging_progress.py:231 -- ListFiles: 0/1
2026-10-05 01:12:24,490	INFO logging_progress.py:233 --   Tasks: 1; Actors: 0; Queued blocks: 0 (0.0B); Resources: 1.0 CPU, 0.0B object store
2026-10-05 01:12:24,490	INFO logging_progress.py:231 -- ReadFilesParquetV2->MapBatches(remove_required_nulls)->MapBatches(remove_duplicates)->...->Project: 0/1
2026-10-05 01:12:24,490	INFO logging_progress.py:233 --   Tasks: 0 [backpressured:tasks(ResourceBudget)]; Actors: 0; Queued blocks: 0 (0.0B); Resources: 0.0 CPU, 0.0B object store
2026-10-05 01:12:24,491	INFO logging_progress.py:231 -- Write: 0/1
2026-10-05 01:12:24,491	INFO logging_progress.py:233 --   Tasks: 0 [backpressured:tasks(ResourceBudget)]; Actors: 0; Queued blocks: 0 (0.0B); Resources: 0.0 CPU, 0.0B object store
2026-10-05 01:12:24,491	INFO logging_progress.py:192 -- =================================================================
2026-10-05 01:12:34,577	INFO logging_progress.py:174 -- ======= Running Dataset: dataset_034aFBx89tbbCrR4WScuFg_0 =======
2026-10-05 01:12:34,578	INFO logging_progress.py:225 -- Total Progress: 0/?
2026-10-05 01:12:34,578	INFO logging_progress.py:227 -- Active & requested resources: 1/1 CPU, 59.0B/60.0MiB object store
2026-10-05 01:12:34,578	INFO logging_progress.py:181 -- 
2026-10-05 01:12:34,578	INFO logging_progress.py:231 -- ListFiles: 1/1
2026-10-05 01:12:34,578	INFO logging_progress.py:233 --   Tasks: 0; Actors: 0; Queued blocks: 0 (0.0B); Resources: 0.0 CPU, 59.0B object store
2026-10-05 01:12:34,578	INFO logging_progress.py:231 -- ReadFilesParquetV2->MapBatches(remove_required_nulls)->MapBatches(remove_duplicates)->...->Project: 0/1
2026-10-05 01:12:34,578	INFO logging_progress.py:233 --   Tasks: 1 [backpressured:tasks(ResourceBudget)]; Actors: 0; Queued blocks: 0 (0.0B); Resources: 1.0 CPU, 0.0B object store
2026-10-05 01:12:34,578	INFO logging_progress.py:231 -- Write: 0/1
2026-10-05 01:12:34,578	INFO logging_progress.py:233 --   Tasks: 0 [backpressured:tasks(ResourceBudget)]; Actors: 0; Queued blocks: 0 (0.0B); Resources: 0.0 CPU, 0.0B object store
2026-10-05 01:12:34,578	INFO logging_progress.py:192 -- =================================================================
2026-10-05 01:12:44,599	INFO logging_progress.py:174 -- ======= Running Dataset: dataset_034aFBx89tbbCrR4WScuFg_0 =======
2026-10-05 01:12:44,599	INFO logging_progress.py:225 -- Total Progress: 0/?
2026-10-05 01:12:44,599	INFO logging_progress.py:227 -- Active & requested resources: 1/1 CPU, 59.0B/60.0MiB object store
2026-10-05 01:12:44,599	INFO logging_progress.py:181 -- 
2026-10-05 01:12:44,599	INFO logging_progress.py:231 -- ListFiles: 1/1
2026-10-05 01:12:44,599	INFO logging_progress.py:233 --   Tasks: 0; Actors: 0; Queued blocks: 0 (0.0B); Resources: 0.0 CPU, 59.0B object store
2026-10-05 01:12:44,599	INFO logging_progress.py:231 -- ReadFilesParquetV2->MapBatches(remove_required_nulls)->MapBatches(remove_duplicates)->...->Project: 0/1
2026-10-05 01:12:44,599	INFO logging_progress.py:233 --   Tasks: 1 [backpressured:tasks(ResourceBudget)]; Actors: 0; Queued blocks: 0 (0.0B); Resources: 1.0 CPU, 0.0B object store
2026-10-05 01:12:44,599	INFO logging_progress.py:231 -- Write: 0/1
2026-10-05 01:12:44,599	INFO logging_progress.py:233 --   Tasks: 0 [backpressured:tasks(ResourceBudget)]; Actors: 0; Queued blocks: 0 (0.0B); Resources: 0.0 CPU, 0.0B object store
2026-10-05 01:12:44,599	INFO logging_progress.py:192 -- =================================================================
2026-10-05 01:12:54,637	INFO logging_progress.py:174 -- ======= Running Dataset: dataset_034aFBx89tbbCrR4WScuFg_0 =======
2026-10-05 01:12:54,639	INFO logging_progress.py:225 -- Total Progress: 0/?
2026-10-05 01:12:54,639	INFO logging_progress.py:227 -- Active & requested resources: 1/1 CPU, 59.0B/60.0MiB object store
2026-10-05 01:12:54,639	INFO logging_progress.py:181 -- 
2026-10-05 01:12:54,639	INFO logging_progress.py:231 -- ListFiles: 1/1
2026-10-05 01:12:54,640	INFO logging_progress.py:233 --   Tasks: 0; Actors: 0; Queued blocks: 0 (0.0B); Resources: 0.0 CPU, 59.0B object store
2026-10-05 01:12:54,640	INFO logging_progress.py:231 -- ReadFilesParquetV2->MapBatches(remove_required_nulls)->MapBatches(remove_duplicates)->...->Project: 0/1
2026-10-05 01:12:54,643	INFO logging_progress.py:233 --   Tasks: 1 [backpressured:tasks(ResourceBudget)]; Actors: 0; Queued blocks: 0 (0.0B); Resources: 1.0 CPU, 0.0B object store
2026-10-05 01:12:54,648	INFO logging_progress.py:231 -- Write: 0/1
2026-10-05 01:12:54,649	INFO logging_progress.py:233 --   Tasks: 0 [backpressured:tasks(ResourceBudget)]; Actors: 0; Queued blocks: 0 (0.0B); Resources: 0.0 CPU, 0.0B object store
2026-10-05 01:12:54,649	INFO logging_progress.py:192 -- =================================================================
/home/sidhartha/miniconda/envs/spark-ray-a3/lib/python3.11/site-packages/ray/data/_internal/execution/operators/task_pool_map_operator.py:273: UserWarning: The maximum number of concurrent tasks for 'Write' is set to 2, but the operator only received 1 input(s). This means that the operator can launch at most 1 task(s), which is less than the concurrency limit. You might be able to increase the number of concurrent tasks by configuring `override_num_blocks` earlier in the pipeline.
  warnings.warn(
[36m(raylet)[0m Spilled 4449 MiB, 6 objects, write throughput 144 MiB/s.
2026-10-05 01:13:06,942	INFO logging_progress.py:174 -- ======= Running Dataset: dataset_034aFBx89tbbCrR4WScuFg_0 =======
2026-10-05 01:13:06,947	INFO logging_progress.py:225 -- Total Progress: 0/?
2026-10-05 01:13:06,949	INFO logging_progress.py:227 -- Active & requested resources: 1/1 CPU, 779.2MiB/60.0MiB object store
2026-10-05 01:13:06,949	INFO logging_progress.py:181 -- 
2026-10-05 01:13:06,949	INFO logging_progress.py:231 -- ListFiles: 1/1
2026-10-05 01:13:06,949	INFO logging_progress.py:233 --   Tasks: 0; Actors: 0; Queued blocks: 0 (0.0B); Resources: 0.0 CPU, 0.0B object store
2026-10-05 01:13:06,950	INFO logging_progress.py:231 -- ReadFilesParquetV2->MapBatches(remove_required_nulls)->MapBatches(remove_duplicates)->...->Project: 3486179/3486179
2026-10-05 01:13:06,950	INFO logging_progress.py:233 --   Tasks: 0; Actors: 0; Queued blocks: 0 (0.0B); Resources: 0.0 CPU, 779.2MiB object store
2026-10-05 01:13:06,950	INFO logging_progress.py:231 -- Write: 0/1
2026-10-05 01:13:06,950	INFO logging_progress.py:233 --   Tasks: 1 [backpressured:tasks(ResourceBudget)]; Actors: 0; Queued blocks: 0 (0.0B); Resources: 1.0 CPU, 0.0B object store
2026-10-05 01:13:06,950	INFO logging_progress.py:192 -- =================================================================
2026-10-05 01:13:10,578	INFO streaming_executor.py:365 -- ✔️  Dataset dataset_034aFBx89tbbCrR4WScuFg_0 execution finished in 46.15 seconds
2026-10-05 01:13:10,760	INFO dataset.py:6680 -- Data sink Parquet finished. 3486179 rows and 776.4MiB data written.
2026-10-05 01:13:10,892	INFO streaming_executor.py:214 -- Starting execution of Dataset dataset_034aFD88yuBJVXyPfSVf2G_0. Full logs are in /home/sidhartha/raytmp/session/session_2026-10-05_01-05-09_595998_75883/logs/ray-data
2026-10-05 01:13:10,892	INFO streaming_executor.py:215 -- Execution plan of Dataset dataset_034aFD88yuBJVXyPfSVf2G_0: InputDataBuffer[Input] -> TaskPoolMapOperator[ListFiles] -> TaskPoolMapOperator[ReadFilesParquetV2->MapBatches(remove_required_nulls)->MapBatches(remove_duplicates)->MapBatches(filter_invalid_trips)->MapBatches(add_timestamp_features)->MapBatches(join_location_lookup)->MapBatches(add_average_speed)->Project] -> TaskPoolMapOperator[Write]
2026-10-05 01:13:10,957	INFO logging_progress.py:174 -- ======= Running Dataset: dataset_034aFD88yuBJVXyPfSVf2G_0 =======
2026-10-05 01:13:10,958	INFO logging_progress.py:225 -- Total Progress: 0/?
2026-10-05 01:13:10,958	INFO logging_progress.py:227 -- Active & requested resources: 0/0 CPU, 0.0B/0.0B object store
2026-10-05 01:13:10,958	INFO logging_progress.py:181 -- 
2026-10-05 01:13:10,958	INFO logging_progress.py:231 -- ListFiles: 0/1
2026-10-05 01:13:10,958	INFO logging_progress.py:233 --   Tasks: 1; Actors: 0; Queued blocks: 0 (0.0B); Resources: 1.0 CPU, 0.0B object store
2026-10-05 01:13:10,958	INFO logging_progress.py:231 -- ReadFilesParquetV2->MapBatches(remove_required_nulls)->MapBatches(remove_duplicates)->...->Project: 0/1
2026-10-05 01:13:10,958	INFO logging_progress.py:233 --   Tasks: 0 [backpressured:tasks(ResourceBudget)]; Actors: 0; Queued blocks: 0 (0.0B); Resources: 0.0 CPU, 0.0B object store
2026-10-05 01:13:10,958	INFO logging_progress.py:231 -- Write: 0/1
2026-10-05 01:13:10,958	INFO logging_progress.py:233 --   Tasks: 0 [backpressured:tasks(ResourceBudget)]; Actors: 0; Queued blocks: 0 (0.0B); Resources: 0.0 CPU, 0.0B object store
2026-10-05 01:13:10,958	INFO logging_progress.py:192 -- =================================================================
2026-10-05 01:13:20,968	INFO logging_progress.py:174 -- ======= Running Dataset: dataset_034aFD88yuBJVXyPfSVf2G_0 =======
2026-10-05 01:13:20,969	INFO logging_progress.py:225 -- Total Progress: 0/?
2026-10-05 01:13:20,969	INFO logging_progress.py:227 -- Active & requested resources: 1/1 CPU, 59.0B/60.0MiB object store
2026-10-05 01:13:20,969	INFO logging_progress.py:181 -- 
2026-10-05 01:13:20,969	INFO logging_progress.py:231 -- ListFiles: 1/1
2026-10-05 01:13:20,969	INFO logging_progress.py:233 --   Tasks: 0; Actors: 0; Queued blocks: 0 (0.0B); Resources: 0.0 CPU, 59.0B object store
2026-10-05 01:13:20,969	INFO logging_progress.py:231 -- ReadFilesParquetV2->MapBatches(remove_required_nulls)->MapBatches(remove_duplicates)->...->Project: 0/1
2026-10-05 01:13:20,970	INFO logging_progress.py:233 --   Tasks: 1 [backpressured:tasks(ResourceBudget)]; Actors: 0; Queued blocks: 0 (0.0B); Resources: 1.0 CPU, 0.0B object store
2026-10-05 01:13:20,970	INFO logging_progress.py:231 -- Write: 0/1
2026-10-05 01:13:20,970	INFO logging_progress.py:233 --   Tasks: 0 [backpressured:tasks(ResourceBudget)]; Actors: 0; Queued blocks: 0 (0.0B); Resources: 0.0 CPU, 0.0B object store
2026-10-05 01:13:20,970	INFO logging_progress.py:192 -- =================================================================
2026-10-05 01:13:31,007	INFO logging_progress.py:174 -- ======= Running Dataset: dataset_034aFD88yuBJVXyPfSVf2G_0 =======
2026-10-05 01:13:31,007	INFO logging_progress.py:225 -- Total Progress: 0/?
2026-10-05 01:13:31,007	INFO logging_progress.py:227 -- Active & requested resources: 1/1 CPU, 59.0B/60.0MiB object store
2026-10-05 01:13:31,007	INFO logging_progress.py:181 -- 
2026-10-05 01:13:31,007	INFO logging_progress.py:231 -- ListFiles: 1/1
2026-10-05 01:13:31,007	INFO logging_progress.py:233 --   Tasks: 0; Actors: 0; Queued blocks: 0 (0.0B); Resources: 0.0 CPU, 59.0B object store
2026-10-05 01:13:31,007	INFO logging_progress.py:231 -- ReadFilesParquetV2->MapBatches(remove_required_nulls)->MapBatches(remove_duplicates)->...->Project: 0/1
2026-10-05 01:13:31,007	INFO logging_progress.py:233 --   Tasks: 1 [backpressured:tasks(ResourceBudget)]; Actors: 0; Queued blocks: 0 (0.0B); Resources: 1.0 CPU, 0.0B object store
2026-10-05 01:13:31,007	INFO logging_progress.py:231 -- Write: 0/1
2026-10-05 01:13:31,008	INFO logging_progress.py:233 --   Tasks: 0 [backpressured:tasks(ResourceBudget)]; Actors: 0; Queued blocks: 0 (0.0B); Resources: 0.0 CPU, 0.0B object store
2026-10-05 01:13:31,008	INFO logging_progress.py:192 -- =================================================================
2026-10-05 01:13:41,026	INFO logging_progress.py:174 -- ======= Running Dataset: dataset_034aFD88yuBJVXyPfSVf2G_0 =======
2026-10-05 01:13:41,028	INFO logging_progress.py:225 -- Total Progress: 0/?
2026-10-05 01:13:41,028	INFO logging_progress.py:227 -- Active & requested resources: 1/1 CPU, 59.0B/60.0MiB object store
2026-10-05 01:13:41,028	INFO logging_progress.py:181 -- 
2026-10-05 01:13:41,028	INFO logging_progress.py:231 -- ListFiles: 1/1
2026-10-05 01:13:41,028	INFO logging_progress.py:233 --   Tasks: 0; Actors: 0; Queued blocks: 0 (0.0B); Resources: 0.0 CPU, 59.0B object store
2026-10-05 01:13:41,028	INFO logging_progress.py:231 -- ReadFilesParquetV2->MapBatches(remove_required_nulls)->MapBatches(remove_duplicates)->...->Project: 0/1
2026-10-05 01:13:41,028	INFO logging_progress.py:233 --   Tasks: 1 [backpressured:tasks(ResourceBudget)]; Actors: 0; Queued blocks: 0 (0.0B); Resources: 1.0 CPU, 0.0B object store
2026-10-05 01:13:41,028	INFO logging_progress.py:231 -- Write: 0/1
2026-10-05 01:13:41,028	INFO logging_progress.py:233 --   Tasks: 0 [backpressured:tasks(ResourceBudget)]; Actors: 0; Queued blocks: 0 (0.0B); Resources: 0.0 CPU, 0.0B object store
2026-10-05 01:13:41,028	INFO logging_progress.py:192 -- =================================================================
/home/sidhartha/miniconda/envs/spark-ray-a3/lib/python3.11/site-packages/ray/data/_internal/execution/operators/task_pool_map_operator.py:273: UserWarning: The maximum number of concurrent tasks for 'Write' is set to 2, but the operator only received 1 input(s). This means that the operator can launch at most 1 task(s), which is less than the concurrency limit. You might be able to increase the number of concurrent tasks by configuring `override_num_blocks` earlier in the pipeline.
  warnings.warn(
2026-10-05 01:13:52,304	INFO logging_progress.py:174 -- ======= Running Dataset: dataset_034aFD88yuBJVXyPfSVf2G_0 =======
2026-10-05 01:13:52,304	INFO logging_progress.py:225 -- Total Progress: 0/?
2026-10-05 01:13:52,305	INFO logging_progress.py:227 -- Active & requested resources: 1/1 CPU, 676.1MiB/60.0MiB object store
2026-10-05 01:13:52,305	INFO logging_progress.py:181 -- 
2026-10-05 01:13:52,305	INFO logging_progress.py:231 -- ListFiles: 1/1
2026-10-05 01:13:52,305	INFO logging_progress.py:233 --   Tasks: 0; Actors: 0; Queued blocks: 0 (0.0B); Resources: 0.0 CPU, 0.0B object store
2026-10-05 01:13:52,305	INFO logging_progress.py:231 -- ReadFilesParquetV2->MapBatches(remove_required_nulls)->MapBatches(remove_duplicates)->...->Project: 3028800/3028800
2026-10-05 01:13:52,306	INFO logging_progress.py:233 --   Tasks: 0; Actors: 0; Queued blocks: 0 (0.0B); Resources: 0.0 CPU, 676.1MiB object store
2026-10-05 01:13:52,306	INFO logging_progress.py:231 -- Write: 0/1
2026-10-05 01:13:52,306	INFO logging_progress.py:233 --   Tasks: 1 [backpressured:tasks(ResourceBudget)]; Actors: 0; Queued blocks: 0 (0.0B); Resources: 1.0 CPU, 0.0B object store
2026-10-05 01:13:52,306	INFO logging_progress.py:192 -- =================================================================
2026-10-05 01:13:56,677	INFO streaming_executor.py:365 -- ✔️  Dataset dataset_034aFD88yuBJVXyPfSVf2G_0 execution finished in 45.79 seconds
2026-10-05 01:13:56,854	INFO dataset.py:6680 -- Data sink Parquet finished. 3028800 rows and 673.6MiB data written.
2026-10-05 01:13:56,952	INFO streaming_executor.py:214 -- Starting execution of Dataset dataset_034aFEIaIrorZ73wA5AcOl_0. Full logs are in /home/sidhartha/raytmp/session/session_2026-10-05_01-05-09_595998_75883/logs/ray-data
2026-10-05 01:13:56,952	INFO streaming_executor.py:215 -- Execution plan of Dataset dataset_034aFEIaIrorZ73wA5AcOl_0: InputDataBuffer[Input] -> TaskPoolMapOperator[ListFiles] -> TaskPoolMapOperator[ReadFilesParquetV2->MapBatches(remove_required_nulls)->MapBatches(remove_duplicates)->MapBatches(filter_invalid_trips)->MapBatches(add_timestamp_features)->MapBatches(join_location_lookup)->MapBatches(add_average_speed)->Project] -> TaskPoolMapOperator[Write]
2026-10-05 01:13:56,995	INFO logging_progress.py:174 -- ======= Running Dataset: dataset_034aFEIaIrorZ73wA5AcOl_0 =======
2026-10-05 01:13:56,995	INFO logging_progress.py:225 -- Total Progress: 0/?
2026-10-05 01:13:56,995	INFO logging_progress.py:227 -- Active & requested resources: 0/0 CPU, 0.0B/0.0B object store
2026-10-05 01:13:56,995	INFO logging_progress.py:181 -- 
2026-10-05 01:13:56,995	INFO logging_progress.py:231 -- ListFiles: 0/1
2026-10-05 01:13:56,995	INFO logging_progress.py:233 --   Tasks: 1; Actors: 0; Queued blocks: 0 (0.0B); Resources: 1.0 CPU, 0.0B object store
2026-10-05 01:13:56,995	INFO logging_progress.py:231 -- ReadFilesParquetV2->MapBatches(remove_required_nulls)->MapBatches(remove_duplicates)->...->Project: 0/1
2026-10-05 01:13:56,995	INFO logging_progress.py:233 --   Tasks: 0 [backpressured:tasks(ResourceBudget)]; Actors: 0; Queued blocks: 0 (0.0B); Resources: 0.0 CPU, 0.0B object store
2026-10-05 01:13:56,995	INFO logging_progress.py:231 -- Write: 0/1
2026-10-05 01:13:56,996	INFO logging_progress.py:233 --   Tasks: 0 [backpressured:tasks(ResourceBudget)]; Actors: 0; Queued blocks: 0 (0.0B); Resources: 0.0 CPU, 0.0B object store
2026-10-05 01:13:56,996	INFO logging_progress.py:192 -- =================================================================
2026-10-05 01:14:07,050	INFO logging_progress.py:174 -- ======= Running Dataset: dataset_034aFEIaIrorZ73wA5AcOl_0 =======
2026-10-05 01:14:07,051	INFO logging_progress.py:225 -- Total Progress: 0/?
2026-10-05 01:14:07,051	INFO logging_progress.py:227 -- Active & requested resources: 1/1 CPU, 59.0B/60.0MiB object store
2026-10-05 01:14:07,051	INFO logging_progress.py:181 -- 
2026-10-05 01:14:07,051	INFO logging_progress.py:231 -- ListFiles: 1/1
2026-10-05 01:14:07,051	INFO logging_progress.py:233 --   Tasks: 0; Actors: 0; Queued blocks: 0 (0.0B); Resources: 0.0 CPU, 59.0B object store
2026-10-05 01:14:07,051	INFO logging_progress.py:231 -- ReadFilesParquetV2->MapBatches(remove_required_nulls)->MapBatches(remove_duplicates)->...->Project: 0/1
2026-10-05 01:14:07,051	INFO logging_progress.py:233 --   Tasks: 1 [backpressured:tasks(ResourceBudget)]; Actors: 0; Queued blocks: 0 (0.0B); Resources: 1.0 CPU, 0.0B object store
2026-10-05 01:14:07,051	INFO logging_progress.py:231 -- Write: 0/1
2026-10-05 01:14:07,051	INFO logging_progress.py:233 --   Tasks: 0 [backpressured:tasks(ResourceBudget)]; Actors: 0; Queued blocks: 0 (0.0B); Resources: 0.0 CPU, 0.0B object store
2026-10-05 01:14:07,051	INFO logging_progress.py:192 -- =================================================================
2026-10-05 01:14:17,094	INFO logging_progress.py:174 -- ======= Running Dataset: dataset_034aFEIaIrorZ73wA5AcOl_0 =======
2026-10-05 01:14:17,095	INFO logging_progress.py:225 -- Total Progress: 0/?
2026-10-05 01:14:17,095	INFO logging_progress.py:227 -- Active & requested resources: 1/1 CPU, 59.0B/60.0MiB object store
2026-10-05 01:14:17,095	INFO logging_progress.py:181 -- 
2026-10-05 01:14:17,095	INFO logging_progress.py:231 -- ListFiles: 1/1
2026-10-05 01:14:17,095	INFO logging_progress.py:233 --   Tasks: 0; Actors: 0; Queued blocks: 0 (0.0B); Resources: 0.0 CPU, 59.0B object store
2026-10-05 01:14:17,095	INFO logging_progress.py:231 -- ReadFilesParquetV2->MapBatches(remove_required_nulls)->MapBatches(remove_duplicates)->...->Project: 0/1
2026-10-05 01:14:17,096	INFO logging_progress.py:233 --   Tasks: 1 [backpressured:tasks(ResourceBudget)]; Actors: 0; Queued blocks: 0 (0.0B); Resources: 1.0 CPU, 0.0B object store
2026-10-05 01:14:17,096	INFO logging_progress.py:231 -- Write: 0/1
2026-10-05 01:14:17,096	INFO logging_progress.py:233 --   Tasks: 0 [backpressured:tasks(ResourceBudget)]; Actors: 0; Queued blocks: 0 (0.0B); Resources: 0.0 CPU, 0.0B object store
2026-10-05 01:14:17,096	INFO logging_progress.py:192 -- =================================================================
/home/sidhartha/miniconda/envs/spark-ray-a3/lib/python3.11/site-packages/ray/data/_internal/execution/operators/task_pool_map_operator.py:273: UserWarning: The maximum number of concurrent tasks for 'Write' is set to 2, but the operator only received 1 input(s). This means that the operator can launch at most 1 task(s), which is less than the concurrency limit. You might be able to increase the number of concurrent tasks by configuring `override_num_blocks` earlier in the pipeline.
  warnings.warn(
2026-10-05 01:14:27,504	INFO logging_progress.py:174 -- ======= Running Dataset: dataset_034aFEIaIrorZ73wA5AcOl_0 =======
2026-10-05 01:14:27,506	INFO logging_progress.py:225 -- Total Progress: 0/?
2026-10-05 01:14:27,506	INFO logging_progress.py:227 -- Active & requested resources: 1/1 CPU, 652.0MiB/60.0MiB object store
2026-10-05 01:14:27,506	INFO logging_progress.py:181 -- 
2026-10-05 01:14:27,506	INFO logging_progress.py:231 -- ListFiles: 1/1
2026-10-05 01:14:27,506	INFO logging_progress.py:233 --   Tasks: 0; Actors: 0; Queued blocks: 0 (0.0B); Resources: 0.0 CPU, 0.0B object store
2026-10-05 01:14:27,506	INFO logging_progress.py:231 -- ReadFilesParquetV2->MapBatches(remove_required_nulls)->MapBatches(remove_duplicates)->...->Project: 2921720/2921720
2026-10-05 01:14:27,506	INFO logging_progress.py:233 --   Tasks: 0; Actors: 0; Queued blocks: 0 (0.0B); Resources: 0.0 CPU, 652.0MiB object store
2026-10-05 01:14:27,506	INFO logging_progress.py:231 -- Write: 0/1
2026-10-05 01:14:27,506	INFO logging_progress.py:233 --   Tasks: 1 [backpressured:tasks(ResourceBudget)]; Actors: 0; Queued blocks: 0 (0.0B); Resources: 1.0 CPU, 0.0B object store
2026-10-05 01:14:27,506	INFO logging_progress.py:192 -- =================================================================
2026-10-05 01:14:34,092	INFO streaming_executor.py:365 -- ✔️  Dataset dataset_034aFEIaIrorZ73wA5AcOl_0 execution finished in 37.14 seconds
2026-10-05 01:14:34,265	INFO dataset.py:6680 -- Data sink Parquet finished. 2921720 rows and 649.7MiB data written.
2026-10-05 01:14:34,342	INFO streaming_executor.py:214 -- Starting execution of Dataset dataset_034aFFFO2wmskhEGQga4of_0. Full logs are in /home/sidhartha/raytmp/session/session_2026-10-05_01-05-09_595998_75883/logs/ray-data
2026-10-05 01:14:34,342	INFO streaming_executor.py:215 -- Execution plan of Dataset dataset_034aFFFO2wmskhEGQga4of_0: InputDataBuffer[Input] -> TaskPoolMapOperator[ListFiles] -> TaskPoolMapOperator[ReadFilesParquetV2->MapBatches(remove_required_nulls)->MapBatches(remove_duplicates)->MapBatches(filter_invalid_trips)->MapBatches(add_timestamp_features)->MapBatches(join_location_lookup)->MapBatches(add_average_speed)->Project] -> TaskPoolMapOperator[Write]
2026-10-05 01:14:34,390	INFO logging_progress.py:174 -- ======= Running Dataset: dataset_034aFFFO2wmskhEGQga4of_0 =======
2026-10-05 01:14:34,390	INFO logging_progress.py:225 -- Total Progress: 0/?
2026-10-05 01:14:34,391	INFO logging_progress.py:227 -- Active & requested resources: 0/0 CPU, 0.0B/0.0B object store
2026-10-05 01:14:34,391	INFO logging_progress.py:181 -- 
2026-10-05 01:14:34,391	INFO logging_progress.py:231 -- ListFiles: 0/1
2026-10-05 01:14:34,391	INFO logging_progress.py:233 --   Tasks: 1; Actors: 0; Queued blocks: 0 (0.0B); Resources: 1.0 CPU, 0.0B object store
2026-10-05 01:14:34,391	INFO logging_progress.py:231 -- ReadFilesParquetV2->MapBatches(remove_required_nulls)->MapBatches(remove_duplicates)->...->Project: 0/1
2026-10-05 01:14:34,391	INFO logging_progress.py:233 --   Tasks: 0 [backpressured:tasks(ResourceBudget)]; Actors: 0; Queued blocks: 0 (0.0B); Resources: 0.0 CPU, 0.0B object store
2026-10-05 01:14:34,391	INFO logging_progress.py:231 -- Write: 0/1
2026-10-05 01:14:34,391	INFO logging_progress.py:233 --   Tasks: 0 [backpressured:tasks(ResourceBudget)]; Actors: 0; Queued blocks: 0 (0.0B); Resources: 0.0 CPU, 0.0B object store
2026-10-05 01:14:34,391	INFO logging_progress.py:192 -- =================================================================
2026-10-05 01:14:44,444	INFO logging_progress.py:174 -- ======= Running Dataset: dataset_034aFFFO2wmskhEGQga4of_0 =======
2026-10-05 01:14:44,444	INFO logging_progress.py:225 -- Total Progress: 0/?
2026-10-05 01:14:44,444	INFO logging_progress.py:227 -- Active & requested resources: 1/1 CPU, 59.0B/60.0MiB object store
2026-10-05 01:14:44,444	INFO logging_progress.py:181 -- 
2026-10-05 01:14:44,445	INFO logging_progress.py:231 -- ListFiles: 1/1
2026-10-05 01:14:44,445	INFO logging_progress.py:233 --   Tasks: 0; Actors: 0; Queued blocks: 0 (0.0B); Resources: 0.0 CPU, 59.0B object store
2026-10-05 01:14:44,445	INFO logging_progress.py:231 -- ReadFilesParquetV2->MapBatches(remove_required_nulls)->MapBatches(remove_duplicates)->...->Project: 0/1
2026-10-05 01:14:44,445	INFO logging_progress.py:233 --   Tasks: 1 [backpressured:tasks(ResourceBudget)]; Actors: 0; Queued blocks: 0 (0.0B); Resources: 1.0 CPU, 0.0B object store
2026-10-05 01:14:44,445	INFO logging_progress.py:231 -- Write: 0/1
2026-10-05 01:14:44,445	INFO logging_progress.py:233 --   Tasks: 0 [backpressured:tasks(ResourceBudget)]; Actors: 0; Queued blocks: 0 (0.0B); Resources: 0.0 CPU, 0.0B object store
2026-10-05 01:14:44,445	INFO logging_progress.py:192 -- =================================================================
2026-10-05 01:14:54,476	INFO logging_progress.py:174 -- ======= Running Dataset: dataset_034aFFFO2wmskhEGQga4of_0 =======
2026-10-05 01:14:54,476	INFO logging_progress.py:225 -- Total Progress: 0/?
2026-10-05 01:14:54,476	INFO logging_progress.py:227 -- Active & requested resources: 1/1 CPU, 59.0B/60.0MiB object store
2026-10-05 01:14:54,476	INFO logging_progress.py:181 -- 
2026-10-05 01:14:54,476	INFO logging_progress.py:231 -- ListFiles: 1/1
2026-10-05 01:14:54,477	INFO logging_progress.py:233 --   Tasks: 0; Actors: 0; Queued blocks: 0 (0.0B); Resources: 0.0 CPU, 59.0B object store
2026-10-05 01:14:54,477	INFO logging_progress.py:231 -- ReadFilesParquetV2->MapBatches(remove_required_nulls)->MapBatches(remove_duplicates)->...->Project: 0/1
2026-10-05 01:14:54,477	INFO logging_progress.py:233 --   Tasks: 1 [backpressured:tasks(ResourceBudget)]; Actors: 0; Queued blocks: 0 (0.0B); Resources: 1.0 CPU, 0.0B object store
2026-10-05 01:14:54,477	INFO logging_progress.py:231 -- Write: 0/1
2026-10-05 01:14:54,477	INFO logging_progress.py:233 --   Tasks: 0 [backpressured:tasks(ResourceBudget)]; Actors: 0; Queued blocks: 0 (0.0B); Resources: 0.0 CPU, 0.0B object store
2026-10-05 01:14:54,477	INFO logging_progress.py:192 -- =================================================================
2026-10-05 01:15:04,585	INFO logging_progress.py:174 -- ======= Running Dataset: dataset_034aFFFO2wmskhEGQga4of_0 =======
2026-10-05 01:15:04,588	INFO logging_progress.py:225 -- Total Progress: 0/?
2026-10-05 01:15:04,588	INFO logging_progress.py:227 -- Active & requested resources: 1/1 CPU, 59.0B/60.0MiB object store
2026-10-05 01:15:04,588	INFO logging_progress.py:181 -- 
2026-10-05 01:15:04,588	INFO logging_progress.py:231 -- ListFiles: 1/1
2026-10-05 01:15:04,588	INFO logging_progress.py:233 --   Tasks: 0; Actors: 0; Queued blocks: 0 (0.0B); Resources: 0.0 CPU, 59.0B object store
2026-10-05 01:15:04,588	INFO logging_progress.py:231 -- ReadFilesParquetV2->MapBatches(remove_required_nulls)->MapBatches(remove_duplicates)->...->Project: 0/1
2026-10-05 01:15:04,588	INFO logging_progress.py:233 --   Tasks: 1 [backpressured:tasks(ResourceBudget)]; Actors: 0; Queued blocks: 0 (0.0B); Resources: 1.0 CPU, 0.0B object store
2026-10-05 01:15:04,588	INFO logging_progress.py:231 -- Write: 0/1
2026-10-05 01:15:04,589	INFO logging_progress.py:233 --   Tasks: 0 [backpressured:tasks(ResourceBudget)]; Actors: 0; Queued blocks: 0 (0.0B); Resources: 0.0 CPU, 0.0B object store
2026-10-05 01:15:04,589	INFO logging_progress.py:192 -- =================================================================
2026-10-05 01:15:16,445	INFO logging_progress.py:174 -- ======= Running Dataset: dataset_034aFFFO2wmskhEGQga4of_0 =======
2026-10-05 01:15:16,446	INFO logging_progress.py:225 -- Total Progress: 0/?
2026-10-05 01:15:16,446	INFO logging_progress.py:227 -- Active & requested resources: 1/1 CPU, 59.0B/60.0MiB object store
2026-10-05 01:15:16,446	INFO logging_progress.py:181 -- 
2026-10-05 01:15:16,446	INFO logging_progress.py:231 -- ListFiles: 1/1
2026-10-05 01:15:16,446	INFO logging_progress.py:233 --   Tasks: 0; Actors: 0; Queued blocks: 0 (0.0B); Resources: 0.0 CPU, 59.0B object store
2026-10-05 01:15:16,446	INFO logging_progress.py:231 -- ReadFilesParquetV2->MapBatches(remove_required_nulls)->MapBatches(remove_duplicates)->...->Project: 0/1
2026-10-05 01:15:16,446	INFO logging_progress.py:233 --   Tasks: 1 [backpressured:tasks(ResourceBudget)]; Actors: 0; Queued blocks: 0 (0.0B); Resources: 1.0 CPU, 0.0B object store
2026-10-05 01:15:16,448	INFO logging_progress.py:231 -- Write: 0/1
2026-10-05 01:15:16,460	INFO logging_progress.py:233 --   Tasks: 0 [backpressured:tasks(ResourceBudget)]; Actors: 0; Queued blocks: 0 (0.0B); Resources: 0.0 CPU, 0.0B object store
2026-10-05 01:15:16,461	INFO logging_progress.py:192 -- =================================================================
/home/sidhartha/miniconda/envs/spark-ray-a3/lib/python3.11/site-packages/ray/data/_internal/execution/operators/task_pool_map_operator.py:273: UserWarning: The maximum number of concurrent tasks for 'Write' is set to 2, but the operator only received 1 input(s). This means that the operator can launch at most 1 task(s), which is less than the concurrency limit. You might be able to increase the number of concurrent tasks by configuring `override_num_blocks` earlier in the pipeline.
  warnings.warn(
2026-10-05 01:15:23,583	INFO streaming_executor.py:365 -- ✔️  Dataset dataset_034aFFFO2wmskhEGQga4of_0 execution finished in 49.24 seconds
2026-10-05 01:15:23,770	INFO dataset.py:6680 -- Data sink Parquet finished. 3551821 rows and 790.8MiB data written.
2026-10-05 01:15:23,878	INFO streaming_executor.py:214 -- Starting execution of Dataset dataset_034aFGVFuvKp20ZqVtxWHk_0. Full logs are in /home/sidhartha/raytmp/session/session_2026-10-05_01-05-09_595998_75883/logs/ray-data
2026-10-05 01:15:23,878	INFO streaming_executor.py:215 -- Execution plan of Dataset dataset_034aFGVFuvKp20ZqVtxWHk_0: InputDataBuffer[Input] -> TaskPoolMapOperator[ListFiles] -> TaskPoolMapOperator[ReadFilesParquetV2->MapBatches(remove_required_nulls)->MapBatches(remove_duplicates)->MapBatches(filter_invalid_trips)->MapBatches(add_timestamp_features)->MapBatches(join_location_lookup)->MapBatches(add_average_speed)->Project] -> TaskPoolMapOperator[Write]
2026-10-05 01:15:23,929	INFO logging_progress.py:174 -- ======= Running Dataset: dataset_034aFGVFuvKp20ZqVtxWHk_0 =======
2026-10-05 01:15:23,929	INFO logging_progress.py:225 -- Total Progress: 0/?
2026-10-05 01:15:23,929	INFO logging_progress.py:227 -- Active & requested resources: 0/0 CPU, 0.0B/0.0B object store
2026-10-05 01:15:23,929	INFO logging_progress.py:181 -- 
2026-10-05 01:15:23,929	INFO logging_progress.py:231 -- ListFiles: 0/1
2026-10-05 01:15:23,929	INFO logging_progress.py:233 --   Tasks: 1; Actors: 0; Queued blocks: 0 (0.0B); Resources: 1.0 CPU, 0.0B object store
2026-10-05 01:15:23,929	INFO logging_progress.py:231 -- ReadFilesParquetV2->MapBatches(remove_required_nulls)->MapBatches(remove_duplicates)->...->Project: 0/1
2026-10-05 01:15:23,929	INFO logging_progress.py:233 --   Tasks: 0 [backpressured:tasks(ResourceBudget)]; Actors: 0; Queued blocks: 0 (0.0B); Resources: 0.0 CPU, 0.0B object store
2026-10-05 01:15:23,929	INFO logging_progress.py:231 -- Write: 0/1
2026-10-05 01:15:23,929	INFO logging_progress.py:233 --   Tasks: 0 [backpressured:tasks(ResourceBudget)]; Actors: 0; Queued blocks: 0 (0.0B); Resources: 0.0 CPU, 0.0B object store
2026-10-05 01:15:23,929	INFO logging_progress.py:192 -- =================================================================
2026-10-05 01:15:33,976	INFO logging_progress.py:174 -- ======= Running Dataset: dataset_034aFGVFuvKp20ZqVtxWHk_0 =======
2026-10-05 01:15:33,977	INFO logging_progress.py:225 -- Total Progress: 0/?
2026-10-05 01:15:33,977	INFO logging_progress.py:227 -- Active & requested resources: 1/1 CPU, 59.0B/60.0MiB object store
2026-10-05 01:15:33,977	INFO logging_progress.py:181 -- 
2026-10-05 01:15:33,977	INFO logging_progress.py:231 -- ListFiles: 1/1
2026-10-05 01:15:33,977	INFO logging_progress.py:233 --   Tasks: 0; Actors: 0; Queued blocks: 0 (0.0B); Resources: 0.0 CPU, 59.0B object store
2026-10-05 01:15:33,977	INFO logging_progress.py:231 -- ReadFilesParquetV2->MapBatches(remove_required_nulls)->MapBatches(remove_duplicates)->...->Project: 0/1
2026-10-05 01:15:33,977	INFO logging_progress.py:233 --   Tasks: 1 [backpressured:tasks(ResourceBudget)]; Actors: 0; Queued blocks: 0 (0.0B); Resources: 1.0 CPU, 0.0B object store
2026-10-05 01:15:33,977	INFO logging_progress.py:231 -- Write: 0/1
2026-10-05 01:15:33,977	INFO logging_progress.py:233 --   Tasks: 0 [backpressured:tasks(ResourceBudget)]; Actors: 0; Queued blocks: 0 (0.0B); Resources: 0.0 CPU, 0.0B object store
2026-10-05 01:15:33,977	INFO logging_progress.py:192 -- =================================================================
2026-10-05 01:15:44,034	INFO logging_progress.py:174 -- ======= Running Dataset: dataset_034aFGVFuvKp20ZqVtxWHk_0 =======
2026-10-05 01:15:44,034	INFO logging_progress.py:225 -- Total Progress: 0/?
2026-10-05 01:15:44,034	INFO logging_progress.py:227 -- Active & requested resources: 1/1 CPU, 59.0B/60.0MiB object store
2026-10-05 01:15:44,034	INFO logging_progress.py:181 -- 
2026-10-05 01:15:44,034	INFO logging_progress.py:231 -- ListFiles: 1/1
2026-10-05 01:15:44,034	INFO logging_progress.py:233 --   Tasks: 0; Actors: 0; Queued blocks: 0 (0.0B); Resources: 0.0 CPU, 59.0B object store
2026-10-05 01:15:44,034	INFO logging_progress.py:231 -- ReadFilesParquetV2->MapBatches(remove_required_nulls)->MapBatches(remove_duplicates)->...->Project: 0/1
2026-10-05 01:15:44,034	INFO logging_progress.py:233 --   Tasks: 1 [backpressured:tasks(ResourceBudget)]; Actors: 0; Queued blocks: 0 (0.0B); Resources: 1.0 CPU, 0.0B object store
2026-10-05 01:15:44,034	INFO logging_progress.py:231 -- Write: 0/1
2026-10-05 01:15:44,034	INFO logging_progress.py:233 --   Tasks: 0 [backpressured:tasks(ResourceBudget)]; Actors: 0; Queued blocks: 0 (0.0B); Resources: 0.0 CPU, 0.0B object store
2026-10-05 01:15:44,034	INFO logging_progress.py:192 -- =================================================================
2026-10-05 01:15:59,495	INFO logging_progress.py:174 -- ======= Running Dataset: dataset_034aFGVFuvKp20ZqVtxWHk_0 =======
2026-10-05 01:15:59,495	INFO logging_progress.py:225 -- Total Progress: 0/?
2026-10-05 01:15:59,495	INFO logging_progress.py:227 -- Active & requested resources: 1/1 CPU, 59.0B/60.0MiB object store
2026-10-05 01:15:59,496	INFO logging_progress.py:181 -- 
2026-10-05 01:15:59,496	INFO logging_progress.py:231 -- ListFiles: 1/1
2026-10-05 01:15:59,496	INFO logging_progress.py:233 --   Tasks: 0; Actors: 0; Queued blocks: 0 (0.0B); Resources: 0.0 CPU, 59.0B object store
2026-10-05 01:15:59,496	INFO logging_progress.py:231 -- ReadFilesParquetV2->MapBatches(remove_required_nulls)->MapBatches(remove_duplicates)->...->Project: 0/1
2026-10-05 01:15:59,496	INFO logging_progress.py:233 --   Tasks: 1 [backpressured:tasks(ResourceBudget)]; Actors: 0; Queued blocks: 0 (0.0B); Resources: 1.0 CPU, 0.0B object store
2026-10-05 01:15:59,496	INFO logging_progress.py:231 -- Write: 0/1
2026-10-05 01:15:59,496	INFO logging_progress.py:233 --   Tasks: 0 [backpressured:tasks(ResourceBudget)]; Actors: 0; Queued blocks: 0 (0.0B); Resources: 0.0 CPU, 0.0B object store
2026-10-05 01:15:59,496	INFO logging_progress.py:192 -- =================================================================
/home/sidhartha/miniconda/envs/spark-ray-a3/lib/python3.11/site-packages/ray/data/_internal/execution/operators/task_pool_map_operator.py:273: UserWarning: The maximum number of concurrent tasks for 'Write' is set to 2, but the operator only received 1 input(s). This means that the operator can launch at most 1 task(s), which is less than the concurrency limit. You might be able to increase the number of concurrent tasks by configuring `override_num_blocks` earlier in the pipeline.
  warnings.warn(
2026-10-05 01:16:09,561	INFO logging_progress.py:174 -- ======= Running Dataset: dataset_034aFGVFuvKp20ZqVtxWHk_0 =======
2026-10-05 01:16:09,562	INFO logging_progress.py:225 -- Total Progress: 0/?
2026-10-05 01:16:09,562	INFO logging_progress.py:227 -- Active & requested resources: 1/1 CPU, 838.4MiB/60.0MiB object store
2026-10-05 01:16:09,562	INFO logging_progress.py:181 -- 
2026-10-05 01:16:09,562	INFO logging_progress.py:231 -- ListFiles: 1/1
2026-10-05 01:16:09,562	INFO logging_progress.py:233 --   Tasks: 0; Actors: 0; Queued blocks: 0 (0.0B); Resources: 0.0 CPU, 0.0B object store
2026-10-05 01:16:09,562	INFO logging_progress.py:231 -- ReadFilesParquetV2->MapBatches(remove_required_nulls)->MapBatches(remove_duplicates)->...->Project: 3752055/3752055
2026-10-05 01:16:09,562	INFO logging_progress.py:233 --   Tasks: 0; Actors: 0; Queued blocks: 0 (0.0B); Resources: 0.0 CPU, 838.4MiB object store
2026-10-05 01:16:09,562	INFO logging_progress.py:231 -- Write: 0/1
2026-10-05 01:16:09,562	INFO logging_progress.py:233 --   Tasks: 1 [backpressured:tasks(ResourceBudget)]; Actors: 0; Queued blocks: 0 (0.0B); Resources: 1.0 CPU, 0.0B object store
2026-10-05 01:16:09,562	INFO logging_progress.py:192 -- =================================================================
2026-10-05 01:16:14,396	INFO streaming_executor.py:365 -- ✔️  Dataset dataset_034aFGVFuvKp20ZqVtxWHk_0 execution finished in 50.52 seconds
2026-10-05 01:16:14,646	INFO dataset.py:6680 -- Data sink Parquet finished. 3752055 rows and 835.6MiB data written.
2026-10-05 01:16:14,748	INFO streaming_executor.py:214 -- Starting execution of Dataset dataset_034aFHnEzjJ4csGecyTRo0_0. Full logs are in /home/sidhartha/raytmp/session/session_2026-10-05_01-05-09_595998_75883/logs/ray-data
2026-10-05 01:16:14,748	INFO streaming_executor.py:215 -- Execution plan of Dataset dataset_034aFHnEzjJ4csGecyTRo0_0: InputDataBuffer[Input] -> TaskPoolMapOperator[ListFiles] -> TaskPoolMapOperator[ReadFilesParquetV2->MapBatches(remove_required_nulls)->MapBatches(remove_duplicates)->MapBatches(filter_invalid_trips)->MapBatches(add_timestamp_features)->MapBatches(join_location_lookup)->MapBatches(add_average_speed)->Project] -> TaskPoolMapOperator[Write]
2026-10-05 01:16:14,784	INFO logging_progress.py:174 -- ======= Running Dataset: dataset_034aFHnEzjJ4csGecyTRo0_0 =======
2026-10-05 01:16:14,784	INFO logging_progress.py:225 -- Total Progress: 0/?
2026-10-05 01:16:14,784	INFO logging_progress.py:227 -- Active & requested resources: 0/0 CPU, 0.0B/0.0B object store
2026-10-05 01:16:14,784	INFO logging_progress.py:181 -- 
2026-10-05 01:16:14,784	INFO logging_progress.py:231 -- ListFiles: 0/1
2026-10-05 01:16:14,784	INFO logging_progress.py:233 --   Tasks: 1; Actors: 0; Queued blocks: 0 (0.0B); Resources: 1.0 CPU, 0.0B object store
2026-10-05 01:16:14,784	INFO logging_progress.py:231 -- ReadFilesParquetV2->MapBatches(remove_required_nulls)->MapBatches(remove_duplicates)->...->Project: 0/1
2026-10-05 01:16:14,784	INFO logging_progress.py:233 --   Tasks: 0 [backpressured:tasks(ResourceBudget)]; Actors: 0; Queued blocks: 0 (0.0B); Resources: 0.0 CPU, 0.0B object store
2026-10-05 01:16:14,784	INFO logging_progress.py:231 -- Write: 0/1
2026-10-05 01:16:14,784	INFO logging_progress.py:233 --   Tasks: 0 [backpressured:tasks(ResourceBudget)]; Actors: 0; Queued blocks: 0 (0.0B); Resources: 0.0 CPU, 0.0B object store
2026-10-05 01:16:14,784	INFO logging_progress.py:192 -- =================================================================
2026-10-05 01:16:24,790	INFO logging_progress.py:174 -- ======= Running Dataset: dataset_034aFHnEzjJ4csGecyTRo0_0 =======
2026-10-05 01:16:24,791	INFO logging_progress.py:225 -- Total Progress: 0/?
2026-10-05 01:16:24,791	INFO logging_progress.py:227 -- Active & requested resources: 1/1 CPU, 59.0B/60.0MiB object store
2026-10-05 01:16:24,791	INFO logging_progress.py:181 -- 
2026-10-05 01:16:24,791	INFO logging_progress.py:231 -- ListFiles: 1/1
2026-10-05 01:16:24,791	INFO logging_progress.py:233 --   Tasks: 0; Actors: 0; Queued blocks: 0 (0.0B); Resources: 0.0 CPU, 59.0B object store
2026-10-05 01:16:24,791	INFO logging_progress.py:231 -- ReadFilesParquetV2->MapBatches(remove_required_nulls)->MapBatches(remove_duplicates)->...->Project: 0/1
2026-10-05 01:16:24,791	INFO logging_progress.py:233 --   Tasks: 1 [backpressured:tasks(ResourceBudget)]; Actors: 0; Queued blocks: 0 (0.0B); Resources: 1.0 CPU, 0.0B object store
2026-10-05 01:16:24,791	INFO logging_progress.py:231 -- Write: 0/1
2026-10-05 01:16:24,791	INFO logging_progress.py:233 --   Tasks: 0 [backpressured:tasks(ResourceBudget)]; Actors: 0; Queued blocks: 0 (0.0B); Resources: 0.0 CPU, 0.0B object store
2026-10-05 01:16:24,791	INFO logging_progress.py:192 -- =================================================================
2026-10-05 01:16:34,816	INFO logging_progress.py:174 -- ======= Running Dataset: dataset_034aFHnEzjJ4csGecyTRo0_0 =======
2026-10-05 01:16:34,817	INFO logging_progress.py:225 -- Total Progress: 0/?
2026-10-05 01:16:34,817	INFO logging_progress.py:227 -- Active & requested resources: 1/1 CPU, 59.0B/60.0MiB object store
2026-10-05 01:16:34,817	INFO logging_progress.py:181 -- 
2026-10-05 01:16:34,817	INFO logging_progress.py:231 -- ListFiles: 1/1
2026-10-05 01:16:34,817	INFO logging_progress.py:233 --   Tasks: 0; Actors: 0; Queued blocks: 0 (0.0B); Resources: 0.0 CPU, 59.0B object store
2026-10-05 01:16:34,817	INFO logging_progress.py:231 -- ReadFilesParquetV2->MapBatches(remove_required_nulls)->MapBatches(remove_duplicates)->...->Project: 0/1
2026-10-05 01:16:34,817	INFO logging_progress.py:233 --   Tasks: 1 [backpressured:tasks(ResourceBudget)]; Actors: 0; Queued blocks: 0 (0.0B); Resources: 1.0 CPU, 0.0B object store
2026-10-05 01:16:34,817	INFO logging_progress.py:231 -- Write: 0/1
2026-10-05 01:16:34,818	INFO logging_progress.py:233 --   Tasks: 0 [backpressured:tasks(ResourceBudget)]; Actors: 0; Queued blocks: 0 (0.0B); Resources: 0.0 CPU, 0.0B object store
2026-10-05 01:16:34,818	INFO logging_progress.py:192 -- =================================================================
2026-10-05 01:16:44,995	INFO logging_progress.py:174 -- ======= Running Dataset: dataset_034aFHnEzjJ4csGecyTRo0_0 =======
2026-10-05 01:16:44,998	INFO logging_progress.py:225 -- Total Progress: 0/?
2026-10-05 01:16:44,999	INFO logging_progress.py:227 -- Active & requested resources: 1/1 CPU, 59.0B/60.0MiB object store
2026-10-05 01:16:44,999	INFO logging_progress.py:181 -- 
2026-10-05 01:16:44,999	INFO logging_progress.py:231 -- ListFiles: 1/1
2026-10-05 01:16:44,999	INFO logging_progress.py:233 --   Tasks: 0; Actors: 0; Queued blocks: 0 (0.0B); Resources: 0.0 CPU, 59.0B object store
2026-10-05 01:16:45,000	INFO logging_progress.py:231 -- ReadFilesParquetV2->MapBatches(remove_required_nulls)->MapBatches(remove_duplicates)->...->Project: 0/1
2026-10-05 01:16:45,000	INFO logging_progress.py:233 --   Tasks: 1 [backpressured:tasks(ResourceBudget)]; Actors: 0; Queued blocks: 0 (0.0B); Resources: 1.0 CPU, 0.0B object store
2026-10-05 01:16:45,000	INFO logging_progress.py:231 -- Write: 0/1
2026-10-05 01:16:45,000	INFO logging_progress.py:233 --   Tasks: 0 [backpressured:tasks(ResourceBudget)]; Actors: 0; Queued blocks: 0 (0.0B); Resources: 0.0 CPU, 0.0B object store
2026-10-05 01:16:45,001	INFO logging_progress.py:192 -- =================================================================
/home/sidhartha/miniconda/envs/spark-ray-a3/lib/python3.11/site-packages/ray/data/_internal/execution/operators/task_pool_map_operator.py:273: UserWarning: The maximum number of concurrent tasks for 'Write' is set to 2, but the operator only received 1 input(s). This means that the operator can launch at most 1 task(s), which is less than the concurrency limit. You might be able to increase the number of concurrent tasks by configuring `override_num_blocks` earlier in the pipeline.
  warnings.warn(
2026-10-05 01:16:55,156	INFO logging_progress.py:174 -- ======= Running Dataset: dataset_034aFHnEzjJ4csGecyTRo0_0 =======
2026-10-05 01:16:55,157	INFO logging_progress.py:225 -- Total Progress: 0/?
2026-10-05 01:16:55,157	INFO logging_progress.py:227 -- Active & requested resources: 1/1 CPU, 799.7MiB/60.0MiB object store
2026-10-05 01:16:55,157	INFO logging_progress.py:181 -- 
2026-10-05 01:16:55,157	INFO logging_progress.py:231 -- ListFiles: 1/1
2026-10-05 01:16:55,157	INFO logging_progress.py:233 --   Tasks: 0; Actors: 0; Queued blocks: 0 (0.0B); Resources: 0.0 CPU, 0.0B object store
2026-10-05 01:16:55,157	INFO logging_progress.py:231 -- ReadFilesParquetV2->MapBatches(remove_required_nulls)->MapBatches(remove_duplicates)->...->Project: 3576933/3576933
2026-10-05 01:16:55,158	INFO logging_progress.py:233 --   Tasks: 0; Actors: 0; Queued blocks: 0 (0.0B); Resources: 0.0 CPU, 799.7MiB object store
2026-10-05 01:16:55,158	INFO logging_progress.py:231 -- Write: 0/1
2026-10-05 01:16:55,158	INFO logging_progress.py:233 --   Tasks: 1 [backpressured:tasks(ResourceBudget)]; Actors: 0; Queued blocks: 0 (0.0B); Resources: 1.0 CPU, 0.0B object store
2026-10-05 01:16:55,158	INFO logging_progress.py:192 -- =================================================================
[36m(raylet)[0m Spilled 8196 MiB, 11 objects, write throughput 146 MiB/s.
2026-10-05 01:17:02,888	INFO streaming_executor.py:365 -- ✔️  Dataset dataset_034aFHnEzjJ4csGecyTRo0_0 execution finished in 48.14 seconds
2026-10-05 01:17:03,037	INFO dataset.py:6680 -- Data sink Parquet finished. 3576933 rows and 797.1MiB data written.
2026-10-05 01:17:03,142	INFO streaming_executor.py:214 -- Starting execution of Dataset dataset_034aFJ1JlFjW0i8diDH0zi_0. Full logs are in /home/sidhartha/raytmp/session/session_2026-10-05_01-05-09_595998_75883/logs/ray-data
2026-10-05 01:17:03,142	INFO streaming_executor.py:215 -- Execution plan of Dataset dataset_034aFJ1JlFjW0i8diDH0zi_0: InputDataBuffer[Input] -> TaskPoolMapOperator[ListFiles] -> TaskPoolMapOperator[ReadFilesParquetV2->MapBatches(remove_required_nulls)->MapBatches(remove_duplicates)->MapBatches(filter_invalid_trips)->MapBatches(add_timestamp_features)->MapBatches(join_location_lookup)->MapBatches(add_average_speed)->Project] -> TaskPoolMapOperator[Write]
2026-10-05 01:17:03,187	INFO logging_progress.py:174 -- ======= Running Dataset: dataset_034aFJ1JlFjW0i8diDH0zi_0 =======
2026-10-05 01:17:03,187	INFO logging_progress.py:225 -- Total Progress: 0/?
2026-10-05 01:17:03,188	INFO logging_progress.py:227 -- Active & requested resources: 0/0 CPU, 0.0B/0.0B object store
2026-10-05 01:17:03,188	INFO logging_progress.py:181 -- 
2026-10-05 01:17:03,188	INFO logging_progress.py:231 -- ListFiles: 0/1
2026-10-05 01:17:03,188	INFO logging_progress.py:233 --   Tasks: 1; Actors: 0; Queued blocks: 0 (0.0B); Resources: 1.0 CPU, 0.0B object store
2026-10-05 01:17:03,188	INFO logging_progress.py:231 -- ReadFilesParquetV2->MapBatches(remove_required_nulls)->MapBatches(remove_duplicates)->...->Project: 0/1
2026-10-05 01:17:03,188	INFO logging_progress.py:233 --   Tasks: 0 [backpressured:tasks(ResourceBudget)]; Actors: 0; Queued blocks: 0 (0.0B); Resources: 0.0 CPU, 0.0B object store
2026-10-05 01:17:03,188	INFO logging_progress.py:231 -- Write: 0/1
2026-10-05 01:17:03,188	INFO logging_progress.py:233 --   Tasks: 0 [backpressured:tasks(ResourceBudget)]; Actors: 0; Queued blocks: 0 (0.0B); Resources: 0.0 CPU, 0.0B object store
2026-10-05 01:17:03,188	INFO logging_progress.py:192 -- =================================================================
2026-10-05 01:17:13,282	INFO logging_progress.py:174 -- ======= Running Dataset: dataset_034aFJ1JlFjW0i8diDH0zi_0 =======
2026-10-05 01:17:13,282	INFO logging_progress.py:225 -- Total Progress: 0/?
2026-10-05 01:17:13,282	INFO logging_progress.py:227 -- Active & requested resources: 1/1 CPU, 59.0B/60.0MiB object store
2026-10-05 01:17:13,282	INFO logging_progress.py:181 -- 
2026-10-05 01:17:13,283	INFO logging_progress.py:231 -- ListFiles: 1/1
2026-10-05 01:17:13,283	INFO logging_progress.py:233 --   Tasks: 0; Actors: 0; Queued blocks: 0 (0.0B); Resources: 0.0 CPU, 59.0B object store
2026-10-05 01:17:13,283	INFO logging_progress.py:231 -- ReadFilesParquetV2->MapBatches(remove_required_nulls)->MapBatches(remove_duplicates)->...->Project: 0/1
2026-10-05 01:17:13,283	INFO logging_progress.py:233 --   Tasks: 1 [backpressured:tasks(ResourceBudget)]; Actors: 0; Queued blocks: 0 (0.0B); Resources: 1.0 CPU, 0.0B object store
2026-10-05 01:17:13,283	INFO logging_progress.py:231 -- Write: 0/1
2026-10-05 01:17:13,283	INFO logging_progress.py:233 --   Tasks: 0 [backpressured:tasks(ResourceBudget)]; Actors: 0; Queued blocks: 0 (0.0B); Resources: 0.0 CPU, 0.0B object store
2026-10-05 01:17:13,283	INFO logging_progress.py:192 -- =================================================================
2026-10-05 01:17:23,301	INFO logging_progress.py:174 -- ======= Running Dataset: dataset_034aFJ1JlFjW0i8diDH0zi_0 =======
2026-10-05 01:17:23,301	INFO logging_progress.py:225 -- Total Progress: 0/?
2026-10-05 01:17:23,301	INFO logging_progress.py:227 -- Active & requested resources: 1/1 CPU, 59.0B/60.0MiB object store
2026-10-05 01:17:23,301	INFO logging_progress.py:181 -- 
2026-10-05 01:17:23,301	INFO logging_progress.py:231 -- ListFiles: 1/1
2026-10-05 01:17:23,301	INFO logging_progress.py:233 --   Tasks: 0; Actors: 0; Queued blocks: 0 (0.0B); Resources: 0.0 CPU, 59.0B object store
2026-10-05 01:17:23,301	INFO logging_progress.py:231 -- ReadFilesParquetV2->MapBatches(remove_required_nulls)->MapBatches(remove_duplicates)->...->Project: 0/1
2026-10-05 01:17:23,302	INFO logging_progress.py:233 --   Tasks: 1 [backpressured:tasks(ResourceBudget)]; Actors: 0; Queued blocks: 0 (0.0B); Resources: 1.0 CPU, 0.0B object store
2026-10-05 01:17:23,302	INFO logging_progress.py:231 -- Write: 0/1
2026-10-05 01:17:23,302	INFO logging_progress.py:233 --   Tasks: 0 [backpressured:tasks(ResourceBudget)]; Actors: 0; Queued blocks: 0 (0.0B); Resources: 0.0 CPU, 0.0B object store
2026-10-05 01:17:23,302	INFO logging_progress.py:192 -- =================================================================
2026-10-05 01:17:33,311	INFO logging_progress.py:174 -- ======= Running Dataset: dataset_034aFJ1JlFjW0i8diDH0zi_0 =======
2026-10-05 01:17:33,312	INFO logging_progress.py:225 -- Total Progress: 0/?
2026-10-05 01:17:33,313	INFO logging_progress.py:227 -- Active & requested resources: 1/1 CPU, 59.0B/60.0MiB object store
2026-10-05 01:17:33,313	INFO logging_progress.py:181 -- 
2026-10-05 01:17:33,314	INFO logging_progress.py:231 -- ListFiles: 1/1
2026-10-05 01:17:33,314	INFO logging_progress.py:233 --   Tasks: 0; Actors: 0; Queued blocks: 0 (0.0B); Resources: 0.0 CPU, 59.0B object store
2026-10-05 01:17:33,314	INFO logging_progress.py:231 -- ReadFilesParquetV2->MapBatches(remove_required_nulls)->MapBatches(remove_duplicates)->...->Project: 0/1
2026-10-05 01:17:33,314	INFO logging_progress.py:233 --   Tasks: 1 [backpressured:tasks(ResourceBudget)]; Actors: 0; Queued blocks: 0 (0.0B); Resources: 1.0 CPU, 0.0B object store
2026-10-05 01:17:33,314	INFO logging_progress.py:231 -- Write: 0/1
2026-10-05 01:17:33,314	INFO logging_progress.py:233 --   Tasks: 0 [backpressured:tasks(ResourceBudget)]; Actors: 0; Queued blocks: 0 (0.0B); Resources: 0.0 CPU, 0.0B object store
2026-10-05 01:17:33,314	INFO logging_progress.py:192 -- =================================================================
/home/sidhartha/miniconda/envs/spark-ray-a3/lib/python3.11/site-packages/ray/data/_internal/execution/operators/task_pool_map_operator.py:273: UserWarning: The maximum number of concurrent tasks for 'Write' is set to 2, but the operator only received 1 input(s). This means that the operator can launch at most 1 task(s), which is less than the concurrency limit. You might be able to increase the number of concurrent tasks by configuring `override_num_blocks` earlier in the pipeline.
  warnings.warn(
2026-10-05 01:17:43,468	INFO logging_progress.py:174 -- ======= Running Dataset: dataset_034aFJ1JlFjW0i8diDH0zi_0 =======
2026-10-05 01:17:43,468	INFO logging_progress.py:225 -- Total Progress: 0/?
2026-10-05 01:17:43,468	INFO logging_progress.py:227 -- Active & requested resources: 1/1 CPU, 803.2MiB/60.0MiB object store
2026-10-05 01:17:43,468	INFO logging_progress.py:181 -- 
2026-10-05 01:17:43,468	INFO logging_progress.py:231 -- ListFiles: 1/1
2026-10-05 01:17:43,468	INFO logging_progress.py:233 --   Tasks: 0; Actors: 0; Queued blocks: 0 (0.0B); Resources: 0.0 CPU, 0.0B object store
2026-10-05 01:17:43,468	INFO logging_progress.py:231 -- ReadFilesParquetV2->MapBatches(remove_required_nulls)->MapBatches(remove_duplicates)->...->Project: 3592555/3592555
2026-10-05 01:17:43,468	INFO logging_progress.py:233 --   Tasks: 0; Actors: 0; Queued blocks: 0 (0.0B); Resources: 0.0 CPU, 803.2MiB object store
2026-10-05 01:17:43,468	INFO logging_progress.py:231 -- Write: 0/1
2026-10-05 01:17:43,468	INFO logging_progress.py:233 --   Tasks: 1 [backpressured:tasks(ResourceBudget)]; Actors: 0; Queued blocks: 0 (0.0B); Resources: 1.0 CPU, 0.0B object store
2026-10-05 01:17:43,469	INFO logging_progress.py:192 -- =================================================================
2026-10-05 01:17:53,580	INFO logging_progress.py:174 -- ======= Running Dataset: dataset_034aFJ1JlFjW0i8diDH0zi_0 =======
2026-10-05 01:17:53,580	INFO logging_progress.py:225 -- Total Progress: 0/?
2026-10-05 01:17:53,580	INFO logging_progress.py:227 -- Active & requested resources: 1/1 CPU, 803.2MiB/60.0MiB object store
2026-10-05 01:17:53,581	INFO logging_progress.py:181 -- 
2026-10-05 01:17:53,581	INFO logging_progress.py:231 -- ListFiles: 1/1
2026-10-05 01:17:53,581	INFO logging_progress.py:233 --   Tasks: 0; Actors: 0; Queued blocks: 0 (0.0B); Resources: 0.0 CPU, 0.0B object store
2026-10-05 01:17:53,581	INFO logging_progress.py:231 -- ReadFilesParquetV2->MapBatches(remove_required_nulls)->MapBatches(remove_duplicates)->...->Project: 3592555/3592555
2026-10-05 01:17:53,581	INFO logging_progress.py:233 --   Tasks: 0; Actors: 0; Queued blocks: 0 (0.0B); Resources: 0.0 CPU, 803.2MiB object store
2026-10-05 01:17:53,581	INFO logging_progress.py:231 -- Write: 0/1
2026-10-05 01:17:53,581	INFO logging_progress.py:233 --   Tasks: 1 [backpressured:tasks(ResourceBudget)]; Actors: 0; Queued blocks: 0 (0.0B); Resources: 1.0 CPU, 0.0B object store
2026-10-05 01:17:53,581	INFO logging_progress.py:192 -- =================================================================
2026-10-05 01:17:54,374	INFO streaming_executor.py:365 -- ✔️  Dataset dataset_034aFJ1JlFjW0i8diDH0zi_0 execution finished in 51.23 seconds
2026-10-05 01:17:54,519	INFO dataset.py:6680 -- Data sink Parquet finished. 3592555 rows and 800.7MiB data written.
2026-10-05 01:17:54,607	INFO streaming_executor.py:214 -- Starting execution of Dataset dataset_034aFKKFkkKg29tTh5NUkE_0. Full logs are in /home/sidhartha/raytmp/session/session_2026-10-05_01-05-09_595998_75883/logs/ray-data
2026-10-05 01:17:54,607	INFO streaming_executor.py:215 -- Execution plan of Dataset dataset_034aFKKFkkKg29tTh5NUkE_0: InputDataBuffer[Input] -> TaskPoolMapOperator[ListFiles] -> TaskPoolMapOperator[ReadFilesParquetV2->MapBatches(remove_required_nulls)->MapBatches(remove_duplicates)->MapBatches(filter_invalid_trips)->MapBatches(add_timestamp_features)->MapBatches(join_location_lookup)->MapBatches(add_average_speed)->Project] -> TaskPoolMapOperator[Write]
2026-10-05 01:17:54,647	INFO logging_progress.py:174 -- ======= Running Dataset: dataset_034aFKKFkkKg29tTh5NUkE_0 =======
2026-10-05 01:17:54,647	INFO logging_progress.py:225 -- Total Progress: 0/?
2026-10-05 01:17:54,647	INFO logging_progress.py:227 -- Active & requested resources: 0/0 CPU, 0.0B/0.0B object store
2026-10-05 01:17:54,647	INFO logging_progress.py:181 -- 
2026-10-05 01:17:54,648	INFO logging_progress.py:231 -- ListFiles: 0/1
2026-10-05 01:17:54,648	INFO logging_progress.py:233 --   Tasks: 1; Actors: 0; Queued blocks: 0 (0.0B); Resources: 1.0 CPU, 0.0B object store
2026-10-05 01:17:54,648	INFO logging_progress.py:231 -- ReadFilesParquetV2->MapBatches(remove_required_nulls)->MapBatches(remove_duplicates)->...->Project: 0/1
2026-10-05 01:17:54,648	INFO logging_progress.py:233 --   Tasks: 0 [backpressured:tasks(ResourceBudget)]; Actors: 0; Queued blocks: 0 (0.0B); Resources: 0.0 CPU, 0.0B object store
2026-10-05 01:17:54,648	INFO logging_progress.py:231 -- Write: 0/1
2026-10-05 01:17:54,648	INFO logging_progress.py:233 --   Tasks: 0 [backpressured:tasks(ResourceBudget)]; Actors: 0; Queued blocks: 0 (0.0B); Resources: 0.0 CPU, 0.0B object store
2026-10-05 01:17:54,648	INFO logging_progress.py:192 -- =================================================================
2026-10-05 01:18:04,706	INFO logging_progress.py:174 -- ======= Running Dataset: dataset_034aFKKFkkKg29tTh5NUkE_0 =======
2026-10-05 01:18:04,706	INFO logging_progress.py:225 -- Total Progress: 0/?
2026-10-05 01:18:04,706	INFO logging_progress.py:227 -- Active & requested resources: 1/1 CPU, 59.0B/60.0MiB object store
2026-10-05 01:18:04,706	INFO logging_progress.py:181 -- 
2026-10-05 01:18:04,706	INFO logging_progress.py:231 -- ListFiles: 1/1
2026-10-05 01:18:04,706	INFO logging_progress.py:233 --   Tasks: 0; Actors: 0; Queued blocks: 0 (0.0B); Resources: 0.0 CPU, 59.0B object store
2026-10-05 01:18:04,707	INFO logging_progress.py:231 -- ReadFilesParquetV2->MapBatches(remove_required_nulls)->MapBatches(remove_duplicates)->...->Project: 0/1
2026-10-05 01:18:04,707	INFO logging_progress.py:233 --   Tasks: 1 [backpressured:tasks(ResourceBudget)]; Actors: 0; Queued blocks: 0 (0.0B); Resources: 1.0 CPU, 0.0B object store
2026-10-05 01:18:04,707	INFO logging_progress.py:231 -- Write: 0/1
2026-10-05 01:18:04,707	INFO logging_progress.py:233 --   Tasks: 0 [backpressured:tasks(ResourceBudget)]; Actors: 0; Queued blocks: 0 (0.0B); Resources: 0.0 CPU, 0.0B object store
2026-10-05 01:18:04,707	INFO logging_progress.py:192 -- =================================================================
2026-10-05 01:18:14,713	INFO logging_progress.py:174 -- ======= Running Dataset: dataset_034aFKKFkkKg29tTh5NUkE_0 =======
2026-10-05 01:18:14,713	INFO logging_progress.py:225 -- Total Progress: 0/?
2026-10-05 01:18:14,713	INFO logging_progress.py:227 -- Active & requested resources: 1/1 CPU, 59.0B/60.0MiB object store
2026-10-05 01:18:14,713	INFO logging_progress.py:181 -- 
2026-10-05 01:18:14,714	INFO logging_progress.py:231 -- ListFiles: 1/1
2026-10-05 01:18:14,714	INFO logging_progress.py:233 --   Tasks: 0; Actors: 0; Queued blocks: 0 (0.0B); Resources: 0.0 CPU, 59.0B object store
2026-10-05 01:18:14,714	INFO logging_progress.py:231 -- ReadFilesParquetV2->MapBatches(remove_required_nulls)->MapBatches(remove_duplicates)->...->Project: 0/1
2026-10-05 01:18:14,714	INFO logging_progress.py:233 --   Tasks: 1 [backpressured:tasks(ResourceBudget)]; Actors: 0; Queued blocks: 0 (0.0B); Resources: 1.0 CPU, 0.0B object store
2026-10-05 01:18:14,714	INFO logging_progress.py:231 -- Write: 0/1
2026-10-05 01:18:14,715	INFO logging_progress.py:233 --   Tasks: 0 [backpressured:tasks(ResourceBudget)]; Actors: 0; Queued blocks: 0 (0.0B); Resources: 0.0 CPU, 0.0B object store
2026-10-05 01:18:14,715	INFO logging_progress.py:192 -- =================================================================
2026-10-05 01:18:24,902	INFO logging_progress.py:174 -- ======= Running Dataset: dataset_034aFKKFkkKg29tTh5NUkE_0 =======
2026-10-05 01:18:24,902	INFO logging_progress.py:225 -- Total Progress: 0/?
2026-10-05 01:18:24,903	INFO logging_progress.py:227 -- Active & requested resources: 1/1 CPU, 59.0B/60.0MiB object store
2026-10-05 01:18:24,903	INFO logging_progress.py:181 -- 
2026-10-05 01:18:24,903	INFO logging_progress.py:231 -- ListFiles: 1/1
2026-10-05 01:18:24,903	INFO logging_progress.py:233 --   Tasks: 0; Actors: 0; Queued blocks: 0 (0.0B); Resources: 0.0 CPU, 59.0B object store
2026-10-05 01:18:24,903	INFO logging_progress.py:231 -- ReadFilesParquetV2->MapBatches(remove_required_nulls)->MapBatches(remove_duplicates)->...->Project: 0/1
2026-10-05 01:18:24,903	INFO logging_progress.py:233 --   Tasks: 1 [backpressured:tasks(ResourceBudget)]; Actors: 0; Queued blocks: 0 (0.0B); Resources: 1.0 CPU, 0.0B object store
2026-10-05 01:18:24,903	INFO logging_progress.py:231 -- Write: 0/1
2026-10-05 01:18:24,903	INFO logging_progress.py:233 --   Tasks: 0 [backpressured:tasks(ResourceBudget)]; Actors: 0; Queued blocks: 0 (0.0B); Resources: 0.0 CPU, 0.0B object store
2026-10-05 01:18:24,908	INFO logging_progress.py:192 -- =================================================================
2026-10-05 01:18:37,117	INFO logging_progress.py:174 -- ======= Running Dataset: dataset_034aFKKFkkKg29tTh5NUkE_0 =======
2026-10-05 01:18:37,117	INFO logging_progress.py:225 -- Total Progress: 0/?
2026-10-05 01:18:37,117	INFO logging_progress.py:227 -- Active & requested resources: 1/1 CPU, 59.0B/60.0MiB object store
2026-10-05 01:18:37,118	INFO logging_progress.py:181 -- 
2026-10-05 01:18:37,118	INFO logging_progress.py:231 -- ListFiles: 1/1
2026-10-05 01:18:37,118	INFO logging_progress.py:233 --   Tasks: 0; Actors: 0; Queued blocks: 0 (0.0B); Resources: 0.0 CPU, 59.0B object store
2026-10-05 01:18:37,118	INFO logging_progress.py:231 -- ReadFilesParquetV2->MapBatches(remove_required_nulls)->MapBatches(remove_duplicates)->...->Project: 0/1
2026-10-05 01:18:37,118	INFO logging_progress.py:233 --   Tasks: 1 [backpressured:tasks(ResourceBudget)]; Actors: 0; Queued blocks: 0 (0.0B); Resources: 1.0 CPU, 0.0B object store
2026-10-05 01:18:37,118	INFO logging_progress.py:231 -- Write: 0/1
2026-10-05 01:18:37,118	INFO logging_progress.py:233 --   Tasks: 0 [backpressured:tasks(ResourceBudget)]; Actors: 0; Queued blocks: 0 (0.0B); Resources: 0.0 CPU, 0.0B object store
2026-10-05 01:18:37,118	INFO logging_progress.py:192 -- =================================================================
/home/sidhartha/miniconda/envs/spark-ray-a3/lib/python3.11/site-packages/ray/data/_internal/execution/operators/task_pool_map_operator.py:273: UserWarning: The maximum number of concurrent tasks for 'Write' is set to 2, but the operator only received 1 input(s). This means that the operator can launch at most 1 task(s), which is less than the concurrency limit. You might be able to increase the number of concurrent tasks by configuring `override_num_blocks` earlier in the pipeline.
  warnings.warn(
2026-10-05 01:18:44,543	INFO streaming_executor.py:365 -- ✔️  Dataset dataset_034aFKKFkkKg29tTh5NUkE_0 execution finished in 49.94 seconds
2026-10-05 01:18:44,714	INFO dataset.py:6680 -- Data sink Parquet finished. 3382974 rows and 754.3MiB data written.
2026-10-05 01:18:44,820	INFO streaming_executor.py:214 -- Starting execution of Dataset dataset_034aFLbCJWDvKzbW4vvjY9_0. Full logs are in /home/sidhartha/raytmp/session/session_2026-10-05_01-05-09_595998_75883/logs/ray-data
2026-10-05 01:18:44,820	INFO streaming_executor.py:215 -- Execution plan of Dataset dataset_034aFLbCJWDvKzbW4vvjY9_0: InputDataBuffer[Input] -> TaskPoolMapOperator[ListFiles] -> TaskPoolMapOperator[ReadFilesParquetV2->MapBatches(remove_required_nulls)->MapBatches(remove_duplicates)->MapBatches(filter_invalid_trips)->MapBatches(add_timestamp_features)->MapBatches(join_location_lookup)->MapBatches(add_average_speed)->Project] -> TaskPoolMapOperator[Write]
2026-10-05 01:18:44,876	INFO logging_progress.py:174 -- ======= Running Dataset: dataset_034aFLbCJWDvKzbW4vvjY9_0 =======
2026-10-05 01:18:44,876	INFO logging_progress.py:225 -- Total Progress: 0/?
2026-10-05 01:18:44,877	INFO logging_progress.py:227 -- Active & requested resources: 0/0 CPU, 0.0B/0.0B object store
2026-10-05 01:18:44,877	INFO logging_progress.py:181 -- 
2026-10-05 01:18:44,877	INFO logging_progress.py:231 -- ListFiles: 0/1
2026-10-05 01:18:44,877	INFO logging_progress.py:233 --   Tasks: 1; Actors: 0; Queued blocks: 0 (0.0B); Resources: 1.0 CPU, 0.0B object store
2026-10-05 01:18:44,877	INFO logging_progress.py:231 -- ReadFilesParquetV2->MapBatches(remove_required_nulls)->MapBatches(remove_duplicates)->...->Project: 0/1
2026-10-05 01:18:44,877	INFO logging_progress.py:233 --   Tasks: 0 [backpressured:tasks(ResourceBudget)]; Actors: 0; Queued blocks: 0 (0.0B); Resources: 0.0 CPU, 0.0B object store
2026-10-05 01:18:44,877	INFO logging_progress.py:231 -- Write: 0/1
2026-10-05 01:18:44,877	INFO logging_progress.py:233 --   Tasks: 0 [backpressured:tasks(ResourceBudget)]; Actors: 0; Queued blocks: 0 (0.0B); Resources: 0.0 CPU, 0.0B object store
2026-10-05 01:18:44,877	INFO logging_progress.py:192 -- =================================================================
2026-10-05 01:18:54,921	INFO logging_progress.py:174 -- ======= Running Dataset: dataset_034aFLbCJWDvKzbW4vvjY9_0 =======
2026-10-05 01:18:54,921	INFO logging_progress.py:225 -- Total Progress: 0/?
2026-10-05 01:18:54,921	INFO logging_progress.py:227 -- Active & requested resources: 1/1 CPU, 59.0B/60.0MiB object store
2026-10-05 01:18:54,921	INFO logging_progress.py:181 -- 
2026-10-05 01:18:54,921	INFO logging_progress.py:231 -- ListFiles: 1/1
2026-10-05 01:18:54,921	INFO logging_progress.py:233 --   Tasks: 0; Actors: 0; Queued blocks: 0 (0.0B); Resources: 0.0 CPU, 59.0B object store
2026-10-05 01:18:54,921	INFO logging_progress.py:231 -- ReadFilesParquetV2->MapBatches(remove_required_nulls)->MapBatches(remove_duplicates)->...->Project: 0/1
2026-10-05 01:18:54,922	INFO logging_progress.py:233 --   Tasks: 1 [backpressured:tasks(ResourceBudget)]; Actors: 0; Queued blocks: 0 (0.0B); Resources: 1.0 CPU, 0.0B object store
2026-10-05 01:18:54,922	INFO logging_progress.py:231 -- Write: 0/1
2026-10-05 01:18:54,922	INFO logging_progress.py:233 --   Tasks: 0 [backpressured:tasks(ResourceBudget)]; Actors: 0; Queued blocks: 0 (0.0B); Resources: 0.0 CPU, 0.0B object store
2026-10-05 01:18:54,922	INFO logging_progress.py:192 -- =================================================================
2026-10-05 01:19:04,950	INFO logging_progress.py:174 -- ======= Running Dataset: dataset_034aFLbCJWDvKzbW4vvjY9_0 =======
2026-10-05 01:19:04,954	INFO logging_progress.py:225 -- Total Progress: 0/?
2026-10-05 01:19:04,954	INFO logging_progress.py:227 -- Active & requested resources: 1/1 CPU, 59.0B/60.0MiB object store
2026-10-05 01:19:04,954	INFO logging_progress.py:181 -- 
2026-10-05 01:19:04,954	INFO logging_progress.py:231 -- ListFiles: 1/1
2026-10-05 01:19:04,954	INFO logging_progress.py:233 --   Tasks: 0; Actors: 0; Queued blocks: 0 (0.0B); Resources: 0.0 CPU, 59.0B object store
2026-10-05 01:19:04,954	INFO logging_progress.py:231 -- ReadFilesParquetV2->MapBatches(remove_required_nulls)->MapBatches(remove_duplicates)->...->Project: 0/1
2026-10-05 01:19:04,954	INFO logging_progress.py:233 --   Tasks: 1 [backpressured:tasks(ResourceBudget)]; Actors: 0; Queued blocks: 0 (0.0B); Resources: 1.0 CPU, 0.0B object store
2026-10-05 01:19:04,954	INFO logging_progress.py:231 -- Write: 0/1
2026-10-05 01:19:04,954	INFO logging_progress.py:233 --   Tasks: 0 [backpressured:tasks(ResourceBudget)]; Actors: 0; Queued blocks: 0 (0.0B); Resources: 0.0 CPU, 0.0B object store
2026-10-05 01:19:04,954	INFO logging_progress.py:192 -- =================================================================
2026-10-05 01:19:15,829	INFO logging_progress.py:174 -- ======= Running Dataset: dataset_034aFLbCJWDvKzbW4vvjY9_0 =======
2026-10-05 01:19:15,833	INFO logging_progress.py:225 -- Total Progress: 0/?
2026-10-05 01:19:15,833	INFO logging_progress.py:227 -- Active & requested resources: 1/1 CPU, 59.0B/60.0MiB object store
2026-10-05 01:19:15,833	INFO logging_progress.py:181 -- 
2026-10-05 01:19:15,833	INFO logging_progress.py:231 -- ListFiles: 1/1
2026-10-05 01:19:15,834	INFO logging_progress.py:233 --   Tasks: 0; Actors: 0; Queued blocks: 0 (0.0B); Resources: 0.0 CPU, 59.0B object store
2026-10-05 01:19:15,912	INFO logging_progress.py:231 -- ReadFilesParquetV2->MapBatches(remove_required_nulls)->MapBatches(remove_duplicates)->...->Project: 0/1
2026-10-05 01:19:15,912	INFO logging_progress.py:233 --   Tasks: 1 [backpressured:tasks(ResourceBudget)]; Actors: 0; Queued blocks: 0 (0.0B); Resources: 1.0 CPU, 0.0B object store
2026-10-05 01:19:15,912	INFO logging_progress.py:231 -- Write: 0/1
2026-10-05 01:19:15,912	INFO logging_progress.py:233 --   Tasks: 0 [backpressured:tasks(ResourceBudget)]; Actors: 0; Queued blocks: 0 (0.0B); Resources: 0.0 CPU, 0.0B object store
2026-10-05 01:19:15,912	INFO logging_progress.py:192 -- =================================================================
2026-10-05 01:19:30,294	INFO logging_progress.py:174 -- ======= Running Dataset: dataset_034aFLbCJWDvKzbW4vvjY9_0 =======
2026-10-05 01:19:30,294	INFO logging_progress.py:225 -- Total Progress: 0/?
2026-10-05 01:19:30,294	INFO logging_progress.py:227 -- Active & requested resources: 1/1 CPU, 59.0B/60.0MiB object store
2026-10-05 01:19:30,294	INFO logging_progress.py:181 -- 
2026-10-05 01:19:30,294	INFO logging_progress.py:231 -- ListFiles: 1/1
2026-10-05 01:19:30,294	INFO logging_progress.py:233 --   Tasks: 0; Actors: 0; Queued blocks: 0 (0.0B); Resources: 0.0 CPU, 59.0B object store
2026-10-05 01:19:30,294	INFO logging_progress.py:231 -- ReadFilesParquetV2->MapBatches(remove_required_nulls)->MapBatches(remove_duplicates)->...->Project: 0/1
2026-10-05 01:19:30,295	INFO logging_progress.py:233 --   Tasks: 1 [backpressured:tasks(ResourceBudget)]; Actors: 0; Queued blocks: 0 (0.0B); Resources: 1.0 CPU, 0.0B object store
2026-10-05 01:19:30,295	INFO logging_progress.py:231 -- Write: 0/1
2026-10-05 01:19:30,295	INFO logging_progress.py:233 --   Tasks: 0 [backpressured:tasks(ResourceBudget)]; Actors: 0; Queued blocks: 0 (0.0B); Resources: 0.0 CPU, 0.0B object store
2026-10-05 01:19:30,295	INFO logging_progress.py:192 -- =================================================================
/home/sidhartha/miniconda/envs/spark-ray-a3/lib/python3.11/site-packages/ray/data/_internal/execution/operators/task_pool_map_operator.py:273: UserWarning: The maximum number of concurrent tasks for 'Write' is set to 2, but the operator only received 1 input(s). This means that the operator can launch at most 1 task(s), which is less than the concurrency limit. You might be able to increase the number of concurrent tasks by configuring `override_num_blocks` earlier in the pipeline.
  warnings.warn(
2026-10-05 01:19:36,927	INFO streaming_executor.py:365 -- ✔️  Dataset dataset_034aFLbCJWDvKzbW4vvjY9_0 execution finished in 52.11 seconds
2026-10-05 01:19:37,397	INFO dataset.py:6680 -- Data sink Parquet finished. 3473274 rows and 773.8MiB data written.
2026-10-05 01:19:37,553	INFO streaming_executor.py:214 -- Starting execution of Dataset dataset_034aFMw6DjLGOk4sJ1l0px_0. Full logs are in /home/sidhartha/raytmp/session/session_2026-10-05_01-05-09_595998_75883/logs/ray-data
2026-10-05 01:19:37,554	INFO streaming_executor.py:215 -- Execution plan of Dataset dataset_034aFMw6DjLGOk4sJ1l0px_0: InputDataBuffer[Input] -> TaskPoolMapOperator[ListFiles] -> TaskPoolMapOperator[ReadFilesParquetV2->MapBatches(remove_required_nulls)->MapBatches(remove_duplicates)->MapBatches(filter_invalid_trips)->MapBatches(add_timestamp_features)->MapBatches(join_location_lookup)->MapBatches(add_average_speed)->Project] -> TaskPoolMapOperator[Write]
2026-10-05 01:19:37,629	INFO logging_progress.py:174 -- ======= Running Dataset: dataset_034aFMw6DjLGOk4sJ1l0px_0 =======
2026-10-05 01:19:37,630	INFO logging_progress.py:225 -- Total Progress: 0/?
2026-10-05 01:19:37,630	INFO logging_progress.py:227 -- Active & requested resources: 0/0 CPU, 0.0B/0.0B object store
2026-10-05 01:19:37,630	INFO logging_progress.py:181 -- 
2026-10-05 01:19:37,630	INFO logging_progress.py:231 -- ListFiles: 0/1
2026-10-05 01:19:37,630	INFO logging_progress.py:233 --   Tasks: 1; Actors: 0; Queued blocks: 0 (0.0B); Resources: 1.0 CPU, 0.0B object store
2026-10-05 01:19:37,630	INFO logging_progress.py:231 -- ReadFilesParquetV2->MapBatches(remove_required_nulls)->MapBatches(remove_duplicates)->...->Project: 0/1
2026-10-05 01:19:37,630	INFO logging_progress.py:233 --   Tasks: 0 [backpressured:tasks(ResourceBudget)]; Actors: 0; Queued blocks: 0 (0.0B); Resources: 0.0 CPU, 0.0B object store
2026-10-05 01:19:37,630	INFO logging_progress.py:231 -- Write: 0/1
2026-10-05 01:19:37,630	INFO logging_progress.py:233 --   Tasks: 0 [backpressured:tasks(ResourceBudget)]; Actors: 0; Queued blocks: 0 (0.0B); Resources: 0.0 CPU, 0.0B object store
2026-10-05 01:19:37,630	INFO logging_progress.py:192 -- =================================================================
2026-10-05 01:19:47,656	INFO logging_progress.py:174 -- ======= Running Dataset: dataset_034aFMw6DjLGOk4sJ1l0px_0 =======
2026-10-05 01:19:47,656	INFO logging_progress.py:225 -- Total Progress: 0/?
2026-10-05 01:19:47,656	INFO logging_progress.py:227 -- Active & requested resources: 1/1 CPU, 59.0B/60.0MiB object store
2026-10-05 01:19:47,656	INFO logging_progress.py:181 -- 
2026-10-05 01:19:47,656	INFO logging_progress.py:231 -- ListFiles: 1/1
2026-10-05 01:19:47,656	INFO logging_progress.py:233 --   Tasks: 0; Actors: 0; Queued blocks: 0 (0.0B); Resources: 0.0 CPU, 59.0B object store
2026-10-05 01:19:47,656	INFO logging_progress.py:231 -- ReadFilesParquetV2->MapBatches(remove_required_nulls)->MapBatches(remove_duplicates)->...->Project: 0/1
2026-10-05 01:19:47,657	INFO logging_progress.py:233 --   Tasks: 1 [backpressured:tasks(ResourceBudget)]; Actors: 0; Queued blocks: 0 (0.0B); Resources: 1.0 CPU, 0.0B object store
2026-10-05 01:19:47,657	INFO logging_progress.py:231 -- Write: 0/1
2026-10-05 01:19:47,657	INFO logging_progress.py:233 --   Tasks: 0 [backpressured:tasks(ResourceBudget)]; Actors: 0; Queued blocks: 0 (0.0B); Resources: 0.0 CPU, 0.0B object store
2026-10-05 01:19:47,657	INFO logging_progress.py:192 -- =================================================================
2026-10-05 01:19:57,711	INFO logging_progress.py:174 -- ======= Running Dataset: dataset_034aFMw6DjLGOk4sJ1l0px_0 =======
2026-10-05 01:19:57,711	INFO logging_progress.py:225 -- Total Progress: 0/?
2026-10-05 01:19:57,711	INFO logging_progress.py:227 -- Active & requested resources: 1/1 CPU, 59.0B/60.0MiB object store
2026-10-05 01:19:57,711	INFO logging_progress.py:181 -- 
2026-10-05 01:19:57,712	INFO logging_progress.py:231 -- ListFiles: 1/1
2026-10-05 01:19:57,712	INFO logging_progress.py:233 --   Tasks: 0; Actors: 0; Queued blocks: 0 (0.0B); Resources: 0.0 CPU, 59.0B object store
2026-10-05 01:19:57,712	INFO logging_progress.py:231 -- ReadFilesParquetV2->MapBatches(remove_required_nulls)->MapBatches(remove_duplicates)->...->Project: 0/1
2026-10-05 01:19:57,712	INFO logging_progress.py:233 --   Tasks: 1 [backpressured:tasks(ResourceBudget)]; Actors: 0; Queued blocks: 0 (0.0B); Resources: 1.0 CPU, 0.0B object store
2026-10-05 01:19:57,712	INFO logging_progress.py:231 -- Write: 0/1
2026-10-05 01:19:57,712	INFO logging_progress.py:233 --   Tasks: 0 [backpressured:tasks(ResourceBudget)]; Actors: 0; Queued blocks: 0 (0.0B); Resources: 0.0 CPU, 0.0B object store
2026-10-05 01:19:57,712	INFO logging_progress.py:192 -- =================================================================
2026-10-05 01:20:07,803	INFO logging_progress.py:174 -- ======= Running Dataset: dataset_034aFMw6DjLGOk4sJ1l0px_0 =======
2026-10-05 01:20:07,803	INFO logging_progress.py:225 -- Total Progress: 0/?
2026-10-05 01:20:07,803	INFO logging_progress.py:227 -- Active & requested resources: 1/1 CPU, 59.0B/60.0MiB object store
2026-10-05 01:20:07,804	INFO logging_progress.py:181 -- 
2026-10-05 01:20:07,808	INFO logging_progress.py:231 -- ListFiles: 1/1
2026-10-05 01:20:07,808	INFO logging_progress.py:233 --   Tasks: 0; Actors: 0; Queued blocks: 0 (0.0B); Resources: 0.0 CPU, 59.0B object store
2026-10-05 01:20:07,808	INFO logging_progress.py:231 -- ReadFilesParquetV2->MapBatches(remove_required_nulls)->MapBatches(remove_duplicates)->...->Project: 0/1
2026-10-05 01:20:07,808	INFO logging_progress.py:233 --   Tasks: 1 [backpressured:tasks(ResourceBudget)]; Actors: 0; Queued blocks: 0 (0.0B); Resources: 1.0 CPU, 0.0B object store
2026-10-05 01:20:07,808	INFO logging_progress.py:231 -- Write: 0/1
2026-10-05 01:20:07,808	INFO logging_progress.py:233 --   Tasks: 0 [backpressured:tasks(ResourceBudget)]; Actors: 0; Queued blocks: 0 (0.0B); Resources: 0.0 CPU, 0.0B object store
2026-10-05 01:20:07,868	INFO logging_progress.py:192 -- =================================================================
2026-10-05 01:20:19,296	INFO logging_progress.py:174 -- ======= Running Dataset: dataset_034aFMw6DjLGOk4sJ1l0px_0 =======
2026-10-05 01:20:19,296	INFO logging_progress.py:225 -- Total Progress: 0/?
2026-10-05 01:20:19,297	INFO logging_progress.py:227 -- Active & requested resources: 1/1 CPU, 59.0B/60.0MiB object store
2026-10-05 01:20:19,297	INFO logging_progress.py:181 -- 
2026-10-05 01:20:19,297	INFO logging_progress.py:231 -- ListFiles: 1/1
2026-10-05 01:20:19,297	INFO logging_progress.py:233 --   Tasks: 0; Actors: 0; Queued blocks: 0 (0.0B); Resources: 0.0 CPU, 59.0B object store
2026-10-05 01:20:19,297	INFO logging_progress.py:231 -- ReadFilesParquetV2->MapBatches(remove_required_nulls)->MapBatches(remove_duplicates)->...->Project: 0/1
2026-10-05 01:20:19,297	INFO logging_progress.py:233 --   Tasks: 1 [backpressured:tasks(ResourceBudget)]; Actors: 0; Queued blocks: 0 (0.0B); Resources: 1.0 CPU, 0.0B object store
2026-10-05 01:20:19,297	INFO logging_progress.py:231 -- Write: 0/1
2026-10-05 01:20:19,297	INFO logging_progress.py:233 --   Tasks: 0 [backpressured:tasks(ResourceBudget)]; Actors: 0; Queued blocks: 0 (0.0B); Resources: 0.0 CPU, 0.0B object store
2026-10-05 01:20:19,297	INFO logging_progress.py:192 -- =================================================================
/home/sidhartha/miniconda/envs/spark-ray-a3/lib/python3.11/site-packages/ray/data/_internal/execution/operators/task_pool_map_operator.py:273: UserWarning: The maximum number of concurrent tasks for 'Write' is set to 2, but the operator only received 1 input(s). This means that the operator can launch at most 1 task(s), which is less than the concurrency limit. You might be able to increase the number of concurrent tasks by configuring `override_num_blocks` earlier in the pipeline.
  warnings.warn(
2026-10-05 01:20:29,380	INFO logging_progress.py:174 -- ======= Running Dataset: dataset_034aFMw6DjLGOk4sJ1l0px_0 =======
2026-10-05 01:20:29,381	INFO logging_progress.py:225 -- Total Progress: 0/?
2026-10-05 01:20:29,381	INFO logging_progress.py:227 -- Active & requested resources: 1/1 CPU, 897.7MiB/60.0MiB object store
2026-10-05 01:20:29,381	INFO logging_progress.py:181 -- 
2026-10-05 01:20:29,382	INFO logging_progress.py:231 -- ListFiles: 1/1
2026-10-05 01:20:29,383	INFO logging_progress.py:233 --   Tasks: 0; Actors: 0; Queued blocks: 0 (0.0B); Resources: 0.0 CPU, 0.0B object store
2026-10-05 01:20:29,383	INFO logging_progress.py:231 -- ReadFilesParquetV2->MapBatches(remove_required_nulls)->MapBatches(remove_duplicates)->...->Project: 4020017/4020017
2026-10-05 01:20:29,383	INFO logging_progress.py:233 --   Tasks: 0; Actors: 0; Queued blocks: 0 (0.0B); Resources: 0.0 CPU, 897.7MiB object store
2026-10-05 01:20:29,383	INFO logging_progress.py:231 -- Write: 0/1
2026-10-05 01:20:29,383	INFO logging_progress.py:233 --   Tasks: 1 [backpressured:tasks(ResourceBudget)]; Actors: 0; Queued blocks: 0 (0.0B); Resources: 1.0 CPU, 0.0B object store
2026-10-05 01:20:29,383	INFO logging_progress.py:192 -- =================================================================
2026-10-05 01:20:39,436	INFO logging_progress.py:174 -- ======= Running Dataset: dataset_034aFMw6DjLGOk4sJ1l0px_0 =======
2026-10-05 01:20:39,437	INFO logging_progress.py:225 -- Total Progress: 0/?
2026-10-05 01:20:39,437	INFO logging_progress.py:227 -- Active & requested resources: 1/1 CPU, 897.7MiB/60.0MiB object store
2026-10-05 01:20:39,437	INFO logging_progress.py:181 -- 
2026-10-05 01:20:39,437	INFO logging_progress.py:231 -- ListFiles: 1/1
2026-10-05 01:20:39,437	INFO logging_progress.py:233 --   Tasks: 0; Actors: 0; Queued blocks: 0 (0.0B); Resources: 0.0 CPU, 0.0B object store
2026-10-05 01:20:39,438	INFO logging_progress.py:231 -- ReadFilesParquetV2->MapBatches(remove_required_nulls)->MapBatches(remove_duplicates)->...->Project: 4020017/4020017
2026-10-05 01:20:39,438	INFO logging_progress.py:233 --   Tasks: 0; Actors: 0; Queued blocks: 0 (0.0B); Resources: 0.0 CPU, 897.7MiB object store
2026-10-05 01:20:39,438	INFO logging_progress.py:231 -- Write: 0/1
2026-10-05 01:20:39,438	INFO logging_progress.py:233 --   Tasks: 1 [backpressured:tasks(ResourceBudget)]; Actors: 0; Queued blocks: 0 (0.0B); Resources: 1.0 CPU, 0.0B object store
2026-10-05 01:20:39,438	INFO logging_progress.py:192 -- =================================================================
2026-10-05 01:20:43,746	INFO streaming_executor.py:365 -- ✔️  Dataset dataset_034aFMw6DjLGOk4sJ1l0px_0 execution finished in 66.19 seconds
2026-10-05 01:20:44,097	INFO dataset.py:6680 -- Data sink Parquet finished. 4020017 rows and 894.8MiB data written.
2026-10-05 01:20:44,218	INFO streaming_executor.py:214 -- Starting execution of Dataset dataset_034aFOctntFpq2srGxJRlO_0. Full logs are in /home/sidhartha/raytmp/session/session_2026-10-05_01-05-09_595998_75883/logs/ray-data
2026-10-05 01:20:44,219	INFO streaming_executor.py:215 -- Execution plan of Dataset dataset_034aFOctntFpq2srGxJRlO_0: InputDataBuffer[Input] -> TaskPoolMapOperator[ListFiles] -> TaskPoolMapOperator[ReadFilesParquetV2->MapBatches(remove_required_nulls)->MapBatches(remove_duplicates)->MapBatches(filter_invalid_trips)->MapBatches(add_timestamp_features)->MapBatches(join_location_lookup)->MapBatches(add_average_speed)->Project] -> TaskPoolMapOperator[Write]
2026-10-05 01:20:44,278	INFO logging_progress.py:174 -- ======= Running Dataset: dataset_034aFOctntFpq2srGxJRlO_0 =======
2026-10-05 01:20:44,279	INFO logging_progress.py:225 -- Total Progress: 0/?
2026-10-05 01:20:44,279	INFO logging_progress.py:227 -- Active & requested resources: 0/0 CPU, 0.0B/0.0B object store
2026-10-05 01:20:44,279	INFO logging_progress.py:181 -- 
2026-10-05 01:20:44,279	INFO logging_progress.py:231 -- ListFiles: 0/1
2026-10-05 01:20:44,279	INFO logging_progress.py:233 --   Tasks: 1; Actors: 0; Queued blocks: 0 (0.0B); Resources: 1.0 CPU, 0.0B object store
2026-10-05 01:20:44,279	INFO logging_progress.py:231 -- ReadFilesParquetV2->MapBatches(remove_required_nulls)->MapBatches(remove_duplicates)->...->Project: 0/1
2026-10-05 01:20:44,279	INFO logging_progress.py:233 --   Tasks: 0 [backpressured:tasks(ResourceBudget)]; Actors: 0; Queued blocks: 0 (0.0B); Resources: 0.0 CPU, 0.0B object store
2026-10-05 01:20:44,279	INFO logging_progress.py:231 -- Write: 0/1
2026-10-05 01:20:44,279	INFO logging_progress.py:233 --   Tasks: 0 [backpressured:tasks(ResourceBudget)]; Actors: 0; Queued blocks: 0 (0.0B); Resources: 0.0 CPU, 0.0B object store
2026-10-05 01:20:44,279	INFO logging_progress.py:192 -- =================================================================
2026-10-05 01:20:54,359	INFO logging_progress.py:174 -- ======= Running Dataset: dataset_034aFOctntFpq2srGxJRlO_0 =======
2026-10-05 01:20:54,359	INFO logging_progress.py:225 -- Total Progress: 0/?
2026-10-05 01:20:54,359	INFO logging_progress.py:227 -- Active & requested resources: 1/1 CPU, 59.0B/60.0MiB object store
2026-10-05 01:20:54,360	INFO logging_progress.py:181 -- 
2026-10-05 01:20:54,360	INFO logging_progress.py:231 -- ListFiles: 1/1
2026-10-05 01:20:54,360	INFO logging_progress.py:233 --   Tasks: 0; Actors: 0; Queued blocks: 0 (0.0B); Resources: 0.0 CPU, 59.0B object store
2026-10-05 01:20:54,360	INFO logging_progress.py:231 -- ReadFilesParquetV2->MapBatches(remove_required_nulls)->MapBatches(remove_duplicates)->...->Project: 0/1
2026-10-05 01:20:54,360	INFO logging_progress.py:233 --   Tasks: 1 [backpressured:tasks(ResourceBudget)]; Actors: 0; Queued blocks: 0 (0.0B); Resources: 1.0 CPU, 0.0B object store
2026-10-05 01:20:54,360	INFO logging_progress.py:231 -- Write: 0/1
2026-10-05 01:20:54,360	INFO logging_progress.py:233 --   Tasks: 0 [backpressured:tasks(ResourceBudget)]; Actors: 0; Queued blocks: 0 (0.0B); Resources: 0.0 CPU, 0.0B object store
2026-10-05 01:20:54,360	INFO logging_progress.py:192 -- =================================================================
2026-10-05 01:21:04,415	INFO logging_progress.py:174 -- ======= Running Dataset: dataset_034aFOctntFpq2srGxJRlO_0 =======
2026-10-05 01:21:04,415	INFO logging_progress.py:225 -- Total Progress: 0/?
2026-10-05 01:21:04,416	INFO logging_progress.py:227 -- Active & requested resources: 1/1 CPU, 59.0B/60.0MiB object store
2026-10-05 01:21:04,416	INFO logging_progress.py:181 -- 
2026-10-05 01:21:04,416	INFO logging_progress.py:231 -- ListFiles: 1/1
2026-10-05 01:21:04,416	INFO logging_progress.py:233 --   Tasks: 0; Actors: 0; Queued blocks: 0 (0.0B); Resources: 0.0 CPU, 59.0B object store
2026-10-05 01:21:04,416	INFO logging_progress.py:231 -- ReadFilesParquetV2->MapBatches(remove_required_nulls)->MapBatches(remove_duplicates)->...->Project: 0/1
2026-10-05 01:21:04,416	INFO logging_progress.py:233 --   Tasks: 1 [backpressured:tasks(ResourceBudget)]; Actors: 0; Queued blocks: 0 (0.0B); Resources: 1.0 CPU, 0.0B object store
2026-10-05 01:21:04,417	INFO logging_progress.py:231 -- Write: 0/1
2026-10-05 01:21:04,417	INFO logging_progress.py:233 --   Tasks: 0 [backpressured:tasks(ResourceBudget)]; Actors: 0; Queued blocks: 0 (0.0B); Resources: 0.0 CPU, 0.0B object store
2026-10-05 01:21:04,417	INFO logging_progress.py:192 -- =================================================================
2026-10-05 01:21:14,460	INFO logging_progress.py:174 -- ======= Running Dataset: dataset_034aFOctntFpq2srGxJRlO_0 =======
2026-10-05 01:21:14,460	INFO logging_progress.py:225 -- Total Progress: 0/?
2026-10-05 01:21:14,461	INFO logging_progress.py:227 -- Active & requested resources: 1/1 CPU, 59.0B/60.0MiB object store
2026-10-05 01:21:14,461	INFO logging_progress.py:181 -- 
2026-10-05 01:21:14,461	INFO logging_progress.py:231 -- ListFiles: 1/1
2026-10-05 01:21:14,461	INFO logging_progress.py:233 --   Tasks: 0; Actors: 0; Queued blocks: 0 (0.0B); Resources: 0.0 CPU, 59.0B object store
2026-10-05 01:21:14,461	INFO logging_progress.py:231 -- ReadFilesParquetV2->MapBatches(remove_required_nulls)->MapBatches(remove_duplicates)->...->Project: 0/1
2026-10-05 01:21:14,461	INFO logging_progress.py:233 --   Tasks: 1 [backpressured:tasks(ResourceBudget)]; Actors: 0; Queued blocks: 0 (0.0B); Resources: 1.0 CPU, 0.0B object store
2026-10-05 01:21:14,461	INFO logging_progress.py:231 -- Write: 0/1
2026-10-05 01:21:14,461	INFO logging_progress.py:233 --   Tasks: 0 [backpressured:tasks(ResourceBudget)]; Actors: 0; Queued blocks: 0 (0.0B); Resources: 0.0 CPU, 0.0B object store
2026-10-05 01:21:14,461	INFO logging_progress.py:192 -- =================================================================
2026-10-05 01:21:34,235	INFO logging_progress.py:174 -- ======= Running Dataset: dataset_034aFOctntFpq2srGxJRlO_0 =======
2026-10-05 01:21:34,235	INFO logging_progress.py:225 -- Total Progress: 0/?
2026-10-05 01:21:34,236	INFO logging_progress.py:227 -- Active & requested resources: 1/1 CPU, 59.0B/60.0MiB object store
2026-10-05 01:21:34,236	INFO logging_progress.py:181 -- 
2026-10-05 01:21:34,240	INFO logging_progress.py:231 -- ListFiles: 1/1
2026-10-05 01:21:34,243	INFO logging_progress.py:233 --   Tasks: 0; Actors: 0; Queued blocks: 0 (0.0B); Resources: 0.0 CPU, 59.0B object store
2026-10-05 01:21:34,243	INFO logging_progress.py:231 -- ReadFilesParquetV2->MapBatches(remove_required_nulls)->MapBatches(remove_duplicates)->...->Project: 0/1
2026-10-05 01:21:34,243	INFO logging_progress.py:233 --   Tasks: 1 [backpressured:tasks(ResourceBudget)]; Actors: 0; Queued blocks: 0 (0.0B); Resources: 1.0 CPU, 0.0B object store
2026-10-05 01:21:34,244	INFO logging_progress.py:231 -- Write: 0/1
2026-10-05 01:21:34,244	INFO logging_progress.py:233 --   Tasks: 0 [backpressured:tasks(ResourceBudget)]; Actors: 0; Queued blocks: 0 (0.0B); Resources: 0.0 CPU, 0.0B object store
2026-10-05 01:21:34,244	INFO logging_progress.py:192 -- =================================================================
/home/sidhartha/miniconda/envs/spark-ray-a3/lib/python3.11/site-packages/ray/data/_internal/execution/operators/task_pool_map_operator.py:273: UserWarning: The maximum number of concurrent tasks for 'Write' is set to 2, but the operator only received 1 input(s). This means that the operator can launch at most 1 task(s), which is less than the concurrency limit. You might be able to increase the number of concurrent tasks by configuring `override_num_blocks` earlier in the pipeline.
  warnings.warn(
2026-10-05 01:21:44,394	INFO logging_progress.py:174 -- ======= Running Dataset: dataset_034aFOctntFpq2srGxJRlO_0 =======
2026-10-05 01:21:44,395	INFO logging_progress.py:225 -- Total Progress: 0/?
2026-10-05 01:21:44,395	INFO logging_progress.py:227 -- Active & requested resources: 1/1 CPU, 859.2MiB/60.0MiB object store
2026-10-05 01:21:44,395	INFO logging_progress.py:181 -- 
2026-10-05 01:21:44,395	INFO logging_progress.py:231 -- ListFiles: 1/1
2026-10-05 01:21:44,395	INFO logging_progress.py:233 --   Tasks: 0; Actors: 0; Queued blocks: 0 (0.0B); Resources: 0.0 CPU, 0.0B object store
2026-10-05 01:21:44,395	INFO logging_progress.py:231 -- ReadFilesParquetV2->MapBatches(remove_required_nulls)->MapBatches(remove_duplicates)->...->Project: 3845182/3845182
2026-10-05 01:21:44,395	INFO logging_progress.py:233 --   Tasks: 0; Actors: 0; Queued blocks: 0 (0.0B); Resources: 0.0 CPU, 859.2MiB object store
2026-10-05 01:21:44,395	INFO logging_progress.py:231 -- Write: 0/1
2026-10-05 01:21:44,395	INFO logging_progress.py:233 --   Tasks: 1 [backpressured:tasks(ResourceBudget)]; Actors: 0; Queued blocks: 0 (0.0B); Resources: 1.0 CPU, 0.0B object store
2026-10-05 01:21:44,395	INFO logging_progress.py:192 -- =================================================================
2026-10-05 01:21:53,434	INFO streaming_executor.py:365 -- ✔️  Dataset dataset_034aFOctntFpq2srGxJRlO_0 execution finished in 69.21 seconds
2026-10-05 01:21:53,814	INFO dataset.py:6680 -- Data sink Parquet finished. 3845182 rows and 856.4MiB data written.
2026-10-05 01:21:53,975	INFO streaming_executor.py:214 -- Starting execution of Dataset dataset_034aFQOaVBOHVYroesShaS_0. Full logs are in /home/sidhartha/raytmp/session/session_2026-10-05_01-05-09_595998_75883/logs/ray-data
2026-10-05 01:21:53,975	INFO streaming_executor.py:215 -- Execution plan of Dataset dataset_034aFQOaVBOHVYroesShaS_0: InputDataBuffer[Input] -> TaskPoolMapOperator[ListFiles] -> TaskPoolMapOperator[ReadFilesParquetV2->MapBatches(remove_required_nulls)->MapBatches(remove_duplicates)->MapBatches(filter_invalid_trips)->MapBatches(add_timestamp_features)->MapBatches(join_location_lookup)->MapBatches(add_average_speed)->Project] -> TaskPoolMapOperator[Write]
2026-10-05 01:21:54,035	INFO logging_progress.py:174 -- ======= Running Dataset: dataset_034aFQOaVBOHVYroesShaS_0 =======
2026-10-05 01:21:54,035	INFO logging_progress.py:225 -- Total Progress: 0/?
2026-10-05 01:21:54,035	INFO logging_progress.py:227 -- Active & requested resources: 0/0 CPU, 0.0B/0.0B object store
2026-10-05 01:21:54,035	INFO logging_progress.py:181 -- 
2026-10-05 01:21:54,035	INFO logging_progress.py:231 -- ListFiles: 0/1
2026-10-05 01:21:54,035	INFO logging_progress.py:233 --   Tasks: 1; Actors: 0; Queued blocks: 0 (0.0B); Resources: 1.0 CPU, 0.0B object store
2026-10-05 01:21:54,035	INFO logging_progress.py:231 -- ReadFilesParquetV2->MapBatches(remove_required_nulls)->MapBatches(remove_duplicates)->...->Project: 0/1
2026-10-05 01:21:54,036	INFO logging_progress.py:233 --   Tasks: 0 [backpressured:tasks(ResourceBudget)]; Actors: 0; Queued blocks: 0 (0.0B); Resources: 0.0 CPU, 0.0B object store
2026-10-05 01:21:54,036	INFO logging_progress.py:231 -- Write: 0/1
2026-10-05 01:21:54,036	INFO logging_progress.py:233 --   Tasks: 0 [backpressured:tasks(ResourceBudget)]; Actors: 0; Queued blocks: 0 (0.0B); Resources: 0.0 CPU, 0.0B object store
2026-10-05 01:21:54,036	INFO logging_progress.py:192 -- =================================================================
2026-10-05 01:22:04,105	INFO logging_progress.py:174 -- ======= Running Dataset: dataset_034aFQOaVBOHVYroesShaS_0 =======
2026-10-05 01:22:04,105	INFO logging_progress.py:225 -- Total Progress: 0/?
2026-10-05 01:22:04,105	INFO logging_progress.py:227 -- Active & requested resources: 1/1 CPU, 59.0B/60.0MiB object store
2026-10-05 01:22:04,105	INFO logging_progress.py:181 -- 
2026-10-05 01:22:04,105	INFO logging_progress.py:231 -- ListFiles: 1/1
2026-10-05 01:22:04,105	INFO logging_progress.py:233 --   Tasks: 0; Actors: 0; Queued blocks: 0 (0.0B); Resources: 0.0 CPU, 59.0B object store
2026-10-05 01:22:04,105	INFO logging_progress.py:231 -- ReadFilesParquetV2->MapBatches(remove_required_nulls)->MapBatches(remove_duplicates)->...->Project: 0/1
2026-10-05 01:22:04,105	INFO logging_progress.py:233 --   Tasks: 1 [backpressured:tasks(ResourceBudget)]; Actors: 0; Queued blocks: 0 (0.0B); Resources: 1.0 CPU, 0.0B object store
2026-10-05 01:22:04,106	INFO logging_progress.py:231 -- Write: 0/1
2026-10-05 01:22:04,106	INFO logging_progress.py:233 --   Tasks: 0 [backpressured:tasks(ResourceBudget)]; Actors: 0; Queued blocks: 0 (0.0B); Resources: 0.0 CPU, 0.0B object store
2026-10-05 01:22:04,106	INFO logging_progress.py:192 -- =================================================================
2026-10-05 01:22:14,189	INFO logging_progress.py:174 -- ======= Running Dataset: dataset_034aFQOaVBOHVYroesShaS_0 =======
2026-10-05 01:22:14,190	INFO logging_progress.py:225 -- Total Progress: 0/?
2026-10-05 01:22:14,190	INFO logging_progress.py:227 -- Active & requested resources: 1/1 CPU, 59.0B/60.0MiB object store
2026-10-05 01:22:14,190	INFO logging_progress.py:181 -- 
2026-10-05 01:22:14,190	INFO logging_progress.py:231 -- ListFiles: 1/1
2026-10-05 01:22:14,190	INFO logging_progress.py:233 --   Tasks: 0; Actors: 0; Queued blocks: 0 (0.0B); Resources: 0.0 CPU, 59.0B object store
2026-10-05 01:22:14,190	INFO logging_progress.py:231 -- ReadFilesParquetV2->MapBatches(remove_required_nulls)->MapBatches(remove_duplicates)->...->Project: 0/1
2026-10-05 01:22:14,190	INFO logging_progress.py:233 --   Tasks: 1 [backpressured:tasks(ResourceBudget)]; Actors: 0; Queued blocks: 0 (0.0B); Resources: 1.0 CPU, 0.0B object store
2026-10-05 01:22:14,190	INFO logging_progress.py:231 -- Write: 0/1
2026-10-05 01:22:14,190	INFO logging_progress.py:233 --   Tasks: 0 [backpressured:tasks(ResourceBudget)]; Actors: 0; Queued blocks: 0 (0.0B); Resources: 0.0 CPU, 0.0B object store
2026-10-05 01:22:14,190	INFO logging_progress.py:192 -- =================================================================
2026-10-05 01:22:24,280	INFO logging_progress.py:174 -- ======= Running Dataset: dataset_034aFQOaVBOHVYroesShaS_0 =======
2026-10-05 01:22:24,281	INFO logging_progress.py:225 -- Total Progress: 0/?
2026-10-05 01:22:24,281	INFO logging_progress.py:227 -- Active & requested resources: 1/1 CPU, 59.0B/60.0MiB object store
2026-10-05 01:22:24,281	INFO logging_progress.py:181 -- 
2026-10-05 01:22:24,281	INFO logging_progress.py:231 -- ListFiles: 1/1
2026-10-05 01:22:24,281	INFO logging_progress.py:233 --   Tasks: 0; Actors: 0; Queued blocks: 0 (0.0B); Resources: 0.0 CPU, 59.0B object store
2026-10-05 01:22:24,281	INFO logging_progress.py:231 -- ReadFilesParquetV2->MapBatches(remove_required_nulls)->MapBatches(remove_duplicates)->...->Project: 0/1
2026-10-05 01:22:24,281	INFO logging_progress.py:233 --   Tasks: 1 [backpressured:tasks(ResourceBudget)]; Actors: 0; Queued blocks: 0 (0.0B); Resources: 1.0 CPU, 0.0B object store
2026-10-05 01:22:24,281	INFO logging_progress.py:231 -- Write: 0/1
2026-10-05 01:22:24,282	INFO logging_progress.py:233 --   Tasks: 0 [backpressured:tasks(ResourceBudget)]; Actors: 0; Queued blocks: 0 (0.0B); Resources: 0.0 CPU, 0.0B object store
2026-10-05 01:22:24,282	INFO logging_progress.py:192 -- =================================================================
2026-10-05 01:22:41,794	INFO logging_progress.py:174 -- ======= Running Dataset: dataset_034aFQOaVBOHVYroesShaS_0 =======
2026-10-05 01:22:41,796	INFO logging_progress.py:225 -- Total Progress: 0/?
2026-10-05 01:22:41,796	INFO logging_progress.py:227 -- Active & requested resources: 1/1 CPU, 59.0B/60.0MiB object store
2026-10-05 01:22:41,796	INFO logging_progress.py:181 -- 
2026-10-05 01:22:41,796	INFO logging_progress.py:231 -- ListFiles: 1/1
2026-10-05 01:22:41,796	INFO logging_progress.py:233 --   Tasks: 0; Actors: 0; Queued blocks: 0 (0.0B); Resources: 0.0 CPU, 59.0B object store
2026-10-05 01:22:41,796	INFO logging_progress.py:231 -- ReadFilesParquetV2->MapBatches(remove_required_nulls)->MapBatches(remove_duplicates)->...->Project: 0/1
2026-10-05 01:22:41,796	INFO logging_progress.py:233 --   Tasks: 1 [backpressured:tasks(ResourceBudget)]; Actors: 0; Queued blocks: 0 (0.0B); Resources: 1.0 CPU, 0.0B object store
2026-10-05 01:22:41,796	INFO logging_progress.py:231 -- Write: 0/1
2026-10-05 01:22:41,797	INFO logging_progress.py:233 --   Tasks: 0 [backpressured:tasks(ResourceBudget)]; Actors: 0; Queued blocks: 0 (0.0B); Resources: 0.0 CPU, 0.0B object store
2026-10-05 01:22:41,797	INFO logging_progress.py:192 -- =================================================================
2026-10-05 01:22:51,850	INFO logging_progress.py:174 -- ======= Running Dataset: dataset_034aFQOaVBOHVYroesShaS_0 =======
2026-10-05 01:22:51,850	INFO logging_progress.py:225 -- Total Progress: 0/?
2026-10-05 01:22:51,851	INFO logging_progress.py:227 -- Active & requested resources: 1/1 CPU, 59.0B/60.0MiB object store
2026-10-05 01:22:51,851	INFO logging_progress.py:181 -- 
2026-10-05 01:22:51,851	INFO logging_progress.py:231 -- ListFiles: 1/1
2026-10-05 01:22:51,851	INFO logging_progress.py:233 --   Tasks: 0; Actors: 0; Queued blocks: 0 (0.0B); Resources: 0.0 CPU, 59.0B object store
2026-10-05 01:22:51,851	INFO logging_progress.py:231 -- ReadFilesParquetV2->MapBatches(remove_required_nulls)->MapBatches(remove_duplicates)->...->Project: 0/1
2026-10-05 01:22:51,851	INFO logging_progress.py:233 --   Tasks: 1 [backpressured:tasks(ResourceBudget)]; Actors: 0; Queued blocks: 0 (0.0B); Resources: 1.0 CPU, 0.0B object store
2026-10-05 01:22:51,851	INFO logging_progress.py:231 -- Write: 0/1
2026-10-05 01:22:51,851	INFO logging_progress.py:233 --   Tasks: 0 [backpressured:tasks(ResourceBudget)]; Actors: 0; Queued blocks: 0 (0.0B); Resources: 0.0 CPU, 0.0B object store
2026-10-05 01:22:51,851	INFO logging_progress.py:192 -- =================================================================
/home/sidhartha/miniconda/envs/spark-ray-a3/lib/python3.11/site-packages/ray/data/_internal/execution/operators/task_pool_map_operator.py:273: UserWarning: The maximum number of concurrent tasks for 'Write' is set to 2, but the operator only received 1 input(s). This means that the operator can launch at most 1 task(s), which is less than the concurrency limit. You might be able to increase the number of concurrent tasks by configuring `override_num_blocks` earlier in the pipeline.
  warnings.warn(
2026-10-05 01:23:01,959	INFO logging_progress.py:174 -- ======= Running Dataset: dataset_034aFQOaVBOHVYroesShaS_0 =======
2026-10-05 01:23:01,959	INFO logging_progress.py:225 -- Total Progress: 0/?
2026-10-05 01:23:01,959	INFO logging_progress.py:227 -- Active & requested resources: 1/1 CPU, 979.5MiB/60.0MiB object store
2026-10-05 01:23:01,959	INFO logging_progress.py:181 -- 
2026-10-05 01:23:01,960	INFO logging_progress.py:231 -- ListFiles: 1/1
2026-10-05 01:23:01,960	INFO logging_progress.py:233 --   Tasks: 0; Actors: 0; Queued blocks: 0 (0.0B); Resources: 0.0 CPU, 0.0B object store
2026-10-05 01:23:01,960	INFO logging_progress.py:231 -- ReadFilesParquetV2->MapBatches(remove_required_nulls)->MapBatches(remove_duplicates)->...->Project: 4387975/4387975
2026-10-05 01:23:01,960	INFO logging_progress.py:233 --   Tasks: 0; Actors: 0; Queued blocks: 0 (0.0B); Resources: 0.0 CPU, 979.5MiB object store
2026-10-05 01:23:01,960	INFO logging_progress.py:231 -- Write: 0/1
2026-10-05 01:23:01,960	INFO logging_progress.py:233 --   Tasks: 1 [backpressured:tasks(ResourceBudget)]; Actors: 0; Queued blocks: 0 (0.0B); Resources: 1.0 CPU, 0.0B object store
2026-10-05 01:23:01,960	INFO logging_progress.py:192 -- =================================================================
2026-10-05 01:23:08,985	INFO streaming_executor.py:365 -- ✔️  Dataset dataset_034aFQOaVBOHVYroesShaS_0 execution finished in 75.01 seconds
2026-10-05 01:23:09,234	INFO dataset.py:6680 -- Data sink Parquet finished. 4387975 rows and 976.3MiB data written.
2026-10-05 01:23:09,365	INFO streaming_executor.py:214 -- Starting execution of Dataset dataset_034aFSJ8kzKqeonvsTuI8q_0. Full logs are in /home/sidhartha/raytmp/session/session_2026-10-05_01-05-09_595998_75883/logs/ray-data
2026-10-05 01:23:09,365	INFO streaming_executor.py:215 -- Execution plan of Dataset dataset_034aFSJ8kzKqeonvsTuI8q_0: InputDataBuffer[Input] -> TaskPoolMapOperator[ListFiles] -> TaskPoolMapOperator[ReadFilesParquetV2->MapBatches(remove_required_nulls)->MapBatches(remove_duplicates)->MapBatches(filter_invalid_trips)->MapBatches(add_timestamp_features)->MapBatches(join_location_lookup)->MapBatches(add_average_speed)->Project] -> TaskPoolMapOperator[Write]
2026-10-05 01:23:09,437	INFO logging_progress.py:174 -- ======= Running Dataset: dataset_034aFSJ8kzKqeonvsTuI8q_0 =======
2026-10-05 01:23:09,437	INFO logging_progress.py:225 -- Total Progress: 0/?
2026-10-05 01:23:09,437	INFO logging_progress.py:227 -- Active & requested resources: 0/0 CPU, 0.0B/0.0B object store
2026-10-05 01:23:09,437	INFO logging_progress.py:181 -- 
2026-10-05 01:23:09,437	INFO logging_progress.py:231 -- ListFiles: 0/1
2026-10-05 01:23:09,437	INFO logging_progress.py:233 --   Tasks: 1; Actors: 0; Queued blocks: 0 (0.0B); Resources: 1.0 CPU, 0.0B object store
2026-10-05 01:23:09,437	INFO logging_progress.py:231 -- ReadFilesParquetV2->MapBatches(remove_required_nulls)->MapBatches(remove_duplicates)->...->Project: 0/1
2026-10-05 01:23:09,437	INFO logging_progress.py:233 --   Tasks: 0 [backpressured:tasks(ResourceBudget)]; Actors: 0; Queued blocks: 0 (0.0B); Resources: 0.0 CPU, 0.0B object store
2026-10-05 01:23:09,437	INFO logging_progress.py:231 -- Write: 0/1
2026-10-05 01:23:09,437	INFO logging_progress.py:233 --   Tasks: 0 [backpressured:tasks(ResourceBudget)]; Actors: 0; Queued blocks: 0 (0.0B); Resources: 0.0 CPU, 0.0B object store
2026-10-05 01:23:09,438	INFO logging_progress.py:192 -- =================================================================
2026-10-05 01:23:19,538	INFO logging_progress.py:174 -- ======= Running Dataset: dataset_034aFSJ8kzKqeonvsTuI8q_0 =======
2026-10-05 01:23:19,539	INFO logging_progress.py:225 -- Total Progress: 0/?
2026-10-05 01:23:19,539	INFO logging_progress.py:227 -- Active & requested resources: 1/1 CPU, 59.0B/60.0MiB object store
2026-10-05 01:23:19,539	INFO logging_progress.py:181 -- 
2026-10-05 01:23:19,539	INFO logging_progress.py:231 -- ListFiles: 1/1
2026-10-05 01:23:19,539	INFO logging_progress.py:233 --   Tasks: 0; Actors: 0; Queued blocks: 0 (0.0B); Resources: 0.0 CPU, 59.0B object store
2026-10-05 01:23:19,539	INFO logging_progress.py:231 -- ReadFilesParquetV2->MapBatches(remove_required_nulls)->MapBatches(remove_duplicates)->...->Project: 0/1
2026-10-05 01:23:19,539	INFO logging_progress.py:233 --   Tasks: 1 [backpressured:tasks(ResourceBudget)]; Actors: 0; Queued blocks: 0 (0.0B); Resources: 1.0 CPU, 0.0B object store
2026-10-05 01:23:19,539	INFO logging_progress.py:231 -- Write: 0/1
2026-10-05 01:23:19,539	INFO logging_progress.py:233 --   Tasks: 0 [backpressured:tasks(ResourceBudget)]; Actors: 0; Queued blocks: 0 (0.0B); Resources: 0.0 CPU, 0.0B object store
2026-10-05 01:23:19,540	INFO logging_progress.py:192 -- =================================================================
2026-10-05 01:23:29,631	INFO logging_progress.py:174 -- ======= Running Dataset: dataset_034aFSJ8kzKqeonvsTuI8q_0 =======
2026-10-05 01:23:29,632	INFO logging_progress.py:225 -- Total Progress: 0/?
2026-10-05 01:23:29,632	INFO logging_progress.py:227 -- Active & requested resources: 1/1 CPU, 59.0B/60.0MiB object store
2026-10-05 01:23:29,632	INFO logging_progress.py:181 -- 
2026-10-05 01:23:29,632	INFO logging_progress.py:231 -- ListFiles: 1/1
2026-10-05 01:23:29,632	INFO logging_progress.py:233 --   Tasks: 0; Actors: 0; Queued blocks: 0 (0.0B); Resources: 0.0 CPU, 59.0B object store
2026-10-05 01:23:29,632	INFO logging_progress.py:231 -- ReadFilesParquetV2->MapBatches(remove_required_nulls)->MapBatches(remove_duplicates)->...->Project: 0/1
2026-10-05 01:23:29,632	INFO logging_progress.py:233 --   Tasks: 1 [backpressured:tasks(ResourceBudget)]; Actors: 0; Queued blocks: 0 (0.0B); Resources: 1.0 CPU, 0.0B object store
2026-10-05 01:23:29,632	INFO logging_progress.py:231 -- Write: 0/1
2026-10-05 01:23:29,632	INFO logging_progress.py:233 --   Tasks: 0 [backpressured:tasks(ResourceBudget)]; Actors: 0; Queued blocks: 0 (0.0B); Resources: 0.0 CPU, 0.0B object store
2026-10-05 01:23:29,633	INFO logging_progress.py:192 -- =================================================================
2026-10-05 01:23:39,726	INFO logging_progress.py:174 -- ======= Running Dataset: dataset_034aFSJ8kzKqeonvsTuI8q_0 =======
2026-10-05 01:23:39,726	INFO logging_progress.py:225 -- Total Progress: 0/?
2026-10-05 01:23:39,726	INFO logging_progress.py:227 -- Active & requested resources: 1/1 CPU, 59.0B/60.0MiB object store
2026-10-05 01:23:39,726	INFO logging_progress.py:181 -- 
2026-10-05 01:23:39,726	INFO logging_progress.py:231 -- ListFiles: 1/1
2026-10-05 01:23:39,726	INFO logging_progress.py:233 --   Tasks: 0; Actors: 0; Queued blocks: 0 (0.0B); Resources: 0.0 CPU, 59.0B object store
2026-10-05 01:23:39,727	INFO logging_progress.py:231 -- ReadFilesParquetV2->MapBatches(remove_required_nulls)->MapBatches(remove_duplicates)->...->Project: 0/1
2026-10-05 01:23:39,727	INFO logging_progress.py:233 --   Tasks: 1 [backpressured:tasks(ResourceBudget)]; Actors: 0; Queued blocks: 0 (0.0B); Resources: 1.0 CPU, 0.0B object store
2026-10-05 01:23:39,727	INFO logging_progress.py:231 -- Write: 0/1
2026-10-05 01:23:39,727	INFO logging_progress.py:233 --   Tasks: 0 [backpressured:tasks(ResourceBudget)]; Actors: 0; Queued blocks: 0 (0.0B); Resources: 0.0 CPU, 0.0B object store
2026-10-05 01:23:39,727	INFO logging_progress.py:192 -- =================================================================
2026-10-05 01:23:54,300	INFO logging_progress.py:174 -- ======= Running Dataset: dataset_034aFSJ8kzKqeonvsTuI8q_0 =======
2026-10-05 01:23:54,300	INFO logging_progress.py:225 -- Total Progress: 0/?
2026-10-05 01:23:54,300	INFO logging_progress.py:227 -- Active & requested resources: 1/1 CPU, 59.0B/60.0MiB object store
2026-10-05 01:23:54,304	INFO logging_progress.py:181 -- 
2026-10-05 01:23:54,304	INFO logging_progress.py:231 -- ListFiles: 1/1
2026-10-05 01:23:54,304	INFO logging_progress.py:233 --   Tasks: 0; Actors: 0; Queued blocks: 0 (0.0B); Resources: 0.0 CPU, 59.0B object store
2026-10-05 01:23:54,304	INFO logging_progress.py:231 -- ReadFilesParquetV2->MapBatches(remove_required_nulls)->MapBatches(remove_duplicates)->...->Project: 0/1
2026-10-05 01:23:54,305	INFO logging_progress.py:233 --   Tasks: 1 [backpressured:tasks(ResourceBudget)]; Actors: 0; Queued blocks: 0 (0.0B); Resources: 1.0 CPU, 0.0B object store
2026-10-05 01:23:54,305	INFO logging_progress.py:231 -- Write: 0/1
2026-10-05 01:23:54,305	INFO logging_progress.py:233 --   Tasks: 0 [backpressured:tasks(ResourceBudget)]; Actors: 0; Queued blocks: 0 (0.0B); Resources: 0.0 CPU, 0.0B object store
2026-10-05 01:23:54,305	INFO logging_progress.py:192 -- =================================================================
2026-10-05 01:24:04,378	INFO logging_progress.py:174 -- ======= Running Dataset: dataset_034aFSJ8kzKqeonvsTuI8q_0 =======
2026-10-05 01:24:04,388	INFO logging_progress.py:225 -- Total Progress: 0/?
2026-10-05 01:24:04,389	INFO logging_progress.py:227 -- Active & requested resources: 0/1 CPU, 919.7MiB/60.0MiB object store
2026-10-05 01:24:04,390	INFO logging_progress.py:181 -- 
2026-10-05 01:24:04,390	INFO logging_progress.py:231 -- ListFiles: 1/1
2026-10-05 01:24:04,390	INFO logging_progress.py:233 --   Tasks: 0; Actors: 0; Queued blocks: 0 (0.0B); Resources: 0.0 CPU, 0.0B object store
2026-10-05 01:24:04,390	INFO logging_progress.py:231 -- ReadFilesParquetV2->MapBatches(remove_required_nulls)->MapBatches(remove_duplicates)->...->Project: 4121495/4121495
2026-10-05 01:24:04,390	INFO logging_progress.py:233 --   Tasks: 0; Actors: 0; Queued blocks: 0 (0.0B); Resources: 0.0 CPU, 919.7MiB object store
2026-10-05 01:24:04,390	INFO logging_progress.py:231 -- Write: 0/1
2026-10-05 01:24:04,390	INFO logging_progress.py:233 --   Tasks: 1; Actors: 0; Queued blocks: 0 (0.0B); Resources: 1.0 CPU, 0.0B object store
2026-10-05 01:24:04,391	INFO logging_progress.py:192 -- =================================================================
/home/sidhartha/miniconda/envs/spark-ray-a3/lib/python3.11/site-packages/ray/data/_internal/execution/operators/task_pool_map_operator.py:273: UserWarning: The maximum number of concurrent tasks for 'Write' is set to 2, but the operator only received 1 input(s). This means that the operator can launch at most 1 task(s), which is less than the concurrency limit. You might be able to increase the number of concurrent tasks by configuring `override_num_blocks` earlier in the pipeline.
  warnings.warn(
2026-10-05 01:24:14,452	INFO logging_progress.py:174 -- ======= Running Dataset: dataset_034aFSJ8kzKqeonvsTuI8q_0 =======
2026-10-05 01:24:14,464	INFO logging_progress.py:225 -- Total Progress: 0/?
2026-10-05 01:24:14,464	INFO logging_progress.py:227 -- Active & requested resources: 1/1 CPU, 919.7MiB/60.0MiB object store
2026-10-05 01:24:14,464	INFO logging_progress.py:181 -- 
2026-10-05 01:24:14,464	INFO logging_progress.py:231 -- ListFiles: 1/1
2026-10-05 01:24:14,464	INFO logging_progress.py:233 --   Tasks: 0; Actors: 0; Queued blocks: 0 (0.0B); Resources: 0.0 CPU, 0.0B object store
2026-10-05 01:24:14,464	INFO logging_progress.py:231 -- ReadFilesParquetV2->MapBatches(remove_required_nulls)->MapBatches(remove_duplicates)->...->Project: 4121495/4121495
2026-10-05 01:24:14,464	INFO logging_progress.py:233 --   Tasks: 0; Actors: 0; Queued blocks: 0 (0.0B); Resources: 0.0 CPU, 919.7MiB object store
2026-10-05 01:24:14,464	INFO logging_progress.py:231 -- Write: 0/1
2026-10-05 01:24:14,464	INFO logging_progress.py:233 --   Tasks: 1 [backpressured:tasks(ResourceBudget)]; Actors: 0; Queued blocks: 0 (0.0B); Resources: 1.0 CPU, 0.0B object store
2026-10-05 01:24:14,465	INFO logging_progress.py:192 -- =================================================================
2026-10-05 01:24:18,218	INFO streaming_executor.py:365 -- ✔️  Dataset dataset_034aFSJ8kzKqeonvsTuI8q_0 execution finished in 68.85 seconds
2026-10-05 01:24:18,458	INFO dataset.py:6680 -- Data sink Parquet finished. 4121495 rows and 916.5MiB data written.
2026-10-05 01:24:18,611	INFO streaming_executor.py:214 -- Starting execution of Dataset dataset_034aFU3ykKWGRrX5CdDVD0_0. Full logs are in /home/sidhartha/raytmp/session/session_2026-10-05_01-05-09_595998_75883/logs/ray-data
2026-10-05 01:24:18,611	INFO streaming_executor.py:215 -- Execution plan of Dataset dataset_034aFU3ykKWGRrX5CdDVD0_0: InputDataBuffer[Input] -> TaskPoolMapOperator[ListFiles] -> TaskPoolMapOperator[ReadFilesParquetV2->MapBatches(remove_required_nulls)->MapBatches(remove_duplicates)->MapBatches(filter_invalid_trips)->MapBatches(add_timestamp_features)->MapBatches(join_location_lookup)->MapBatches(add_average_speed)->Project] -> TaskPoolMapOperator[Write]
2026-10-05 01:24:18,690	INFO logging_progress.py:174 -- ======= Running Dataset: dataset_034aFU3ykKWGRrX5CdDVD0_0 =======
2026-10-05 01:24:18,690	INFO logging_progress.py:225 -- Total Progress: 0/?
2026-10-05 01:24:18,690	INFO logging_progress.py:227 -- Active & requested resources: 0/0 CPU, 0.0B/0.0B object store
2026-10-05 01:24:18,690	INFO logging_progress.py:181 -- 
2026-10-05 01:24:18,690	INFO logging_progress.py:231 -- ListFiles: 0/1
2026-10-05 01:24:18,690	INFO logging_progress.py:233 --   Tasks: 1; Actors: 0; Queued blocks: 0 (0.0B); Resources: 1.0 CPU, 0.0B object store
2026-10-05 01:24:18,690	INFO logging_progress.py:231 -- ReadFilesParquetV2->MapBatches(remove_required_nulls)->MapBatches(remove_duplicates)->...->Project: 0/1
2026-10-05 01:24:18,691	INFO logging_progress.py:233 --   Tasks: 0 [backpressured:tasks(ResourceBudget)]; Actors: 0; Queued blocks: 0 (0.0B); Resources: 0.0 CPU, 0.0B object store
2026-10-05 01:24:18,691	INFO logging_progress.py:231 -- Write: 0/1
2026-10-05 01:24:18,691	INFO logging_progress.py:233 --   Tasks: 0 [backpressured:tasks(ResourceBudget)]; Actors: 0; Queued blocks: 0 (0.0B); Resources: 0.0 CPU, 0.0B object store
2026-10-05 01:24:18,691	INFO logging_progress.py:192 -- =================================================================
2026-10-05 01:24:28,717	INFO logging_progress.py:174 -- ======= Running Dataset: dataset_034aFU3ykKWGRrX5CdDVD0_0 =======
2026-10-05 01:24:28,717	INFO logging_progress.py:225 -- Total Progress: 0/?
2026-10-05 01:24:28,717	INFO logging_progress.py:227 -- Active & requested resources: 1/1 CPU, 59.0B/60.0MiB object store
2026-10-05 01:24:28,717	INFO logging_progress.py:181 -- 
2026-10-05 01:24:28,717	INFO logging_progress.py:231 -- ListFiles: 1/1
2026-10-05 01:24:28,717	INFO logging_progress.py:233 --   Tasks: 0; Actors: 0; Queued blocks: 0 (0.0B); Resources: 0.0 CPU, 59.0B object store
2026-10-05 01:24:28,717	INFO logging_progress.py:231 -- ReadFilesParquetV2->MapBatches(remove_required_nulls)->MapBatches(remove_duplicates)->...->Project: 0/1
2026-10-05 01:24:28,718	INFO logging_progress.py:233 --   Tasks: 1 [backpressured:tasks(ResourceBudget)]; Actors: 0; Queued blocks: 0 (0.0B); Resources: 1.0 CPU, 0.0B object store
2026-10-05 01:24:28,718	INFO logging_progress.py:231 -- Write: 0/1
2026-10-05 01:24:28,718	INFO logging_progress.py:233 --   Tasks: 0 [backpressured:tasks(ResourceBudget)]; Actors: 0; Queued blocks: 0 (0.0B); Resources: 0.0 CPU, 0.0B object store
2026-10-05 01:24:28,718	INFO logging_progress.py:192 -- =================================================================
2026-10-05 01:24:38,762	INFO logging_progress.py:174 -- ======= Running Dataset: dataset_034aFU3ykKWGRrX5CdDVD0_0 =======
2026-10-05 01:24:38,763	INFO logging_progress.py:225 -- Total Progress: 0/?
2026-10-05 01:24:38,763	INFO logging_progress.py:227 -- Active & requested resources: 1/1 CPU, 59.0B/60.0MiB object store
2026-10-05 01:24:38,763	INFO logging_progress.py:181 -- 
2026-10-05 01:24:38,763	INFO logging_progress.py:231 -- ListFiles: 1/1
2026-10-05 01:24:38,763	INFO logging_progress.py:233 --   Tasks: 0; Actors: 0; Queued blocks: 0 (0.0B); Resources: 0.0 CPU, 59.0B object store
2026-10-05 01:24:38,763	INFO logging_progress.py:231 -- ReadFilesParquetV2->MapBatches(remove_required_nulls)->MapBatches(remove_duplicates)->...->Project: 0/1
2026-10-05 01:24:38,766	INFO logging_progress.py:233 --   Tasks: 1 [backpressured:tasks(ResourceBudget)]; Actors: 0; Queued blocks: 0 (0.0B); Resources: 1.0 CPU, 0.0B object store
2026-10-05 01:24:38,767	INFO logging_progress.py:231 -- Write: 0/1
2026-10-05 01:24:38,767	INFO logging_progress.py:233 --   Tasks: 0 [backpressured:tasks(ResourceBudget)]; Actors: 0; Queued blocks: 0 (0.0B); Resources: 0.0 CPU, 0.0B object store
2026-10-05 01:24:38,768	INFO logging_progress.py:192 -- =================================================================
2026-10-05 01:24:49,338	INFO logging_progress.py:174 -- ======= Running Dataset: dataset_034aFU3ykKWGRrX5CdDVD0_0 =======
2026-10-05 01:24:49,338	INFO logging_progress.py:225 -- Total Progress: 0/?
2026-10-05 01:24:49,338	INFO logging_progress.py:227 -- Active & requested resources: 1/1 CPU, 59.0B/60.0MiB object store
2026-10-05 01:24:49,338	INFO logging_progress.py:181 -- 
2026-10-05 01:24:49,338	INFO logging_progress.py:231 -- ListFiles: 1/1
2026-10-05 01:24:49,338	INFO logging_progress.py:233 --   Tasks: 0; Actors: 0; Queued blocks: 0 (0.0B); Resources: 0.0 CPU, 59.0B object store
2026-10-05 01:24:49,338	INFO logging_progress.py:231 -- ReadFilesParquetV2->MapBatches(remove_required_nulls)->MapBatches(remove_duplicates)->...->Project: 0/1
2026-10-05 01:24:49,338	INFO logging_progress.py:233 --   Tasks: 1 [backpressured:tasks(ResourceBudget)]; Actors: 0; Queued blocks: 0 (0.0B); Resources: 1.0 CPU, 0.0B object store
2026-10-05 01:24:49,338	INFO logging_progress.py:231 -- Write: 0/1
2026-10-05 01:24:49,339	INFO logging_progress.py:233 --   Tasks: 0 [backpressured:tasks(ResourceBudget)]; Actors: 0; Queued blocks: 0 (0.0B); Resources: 0.0 CPU, 0.0B object store
2026-10-05 01:24:49,339	INFO logging_progress.py:192 -- =================================================================
2026-10-05 01:24:59,921	INFO logging_progress.py:174 -- ======= Running Dataset: dataset_034aFU3ykKWGRrX5CdDVD0_0 =======
2026-10-05 01:24:59,922	INFO logging_progress.py:225 -- Total Progress: 0/?
2026-10-05 01:24:59,922	INFO logging_progress.py:227 -- Active & requested resources: 1/1 CPU, 59.0B/60.0MiB object store
2026-10-05 01:24:59,922	INFO logging_progress.py:181 -- 
2026-10-05 01:24:59,922	INFO logging_progress.py:231 -- ListFiles: 1/1
2026-10-05 01:24:59,922	INFO logging_progress.py:233 --   Tasks: 0; Actors: 0; Queued blocks: 0 (0.0B); Resources: 0.0 CPU, 59.0B object store
2026-10-05 01:24:59,922	INFO logging_progress.py:231 -- ReadFilesParquetV2->MapBatches(remove_required_nulls)->MapBatches(remove_duplicates)->...->Project: 0/1
2026-10-05 01:24:59,923	INFO logging_progress.py:233 --   Tasks: 1 [backpressured:tasks(ResourceBudget)]; Actors: 0; Queued blocks: 0 (0.0B); Resources: 1.0 CPU, 0.0B object store
2026-10-05 01:24:59,923	INFO logging_progress.py:231 -- Write: 0/1
2026-10-05 01:24:59,923	INFO logging_progress.py:233 --   Tasks: 0 [backpressured:tasks(ResourceBudget)]; Actors: 0; Queued blocks: 0 (0.0B); Resources: 0.0 CPU, 0.0B object store
2026-10-05 01:24:59,923	INFO logging_progress.py:192 -- =================================================================
/home/sidhartha/miniconda/envs/spark-ray-a3/lib/python3.11/site-packages/ray/data/_internal/execution/operators/task_pool_map_operator.py:273: UserWarning: The maximum number of concurrent tasks for 'Write' is set to 2, but the operator only received 1 input(s). This means that the operator can launch at most 1 task(s), which is less than the concurrency limit. You might be able to increase the number of concurrent tasks by configuring `override_num_blocks` earlier in the pipeline.
  warnings.warn(
2026-10-05 01:25:09,942	INFO logging_progress.py:174 -- ======= Running Dataset: dataset_034aFU3ykKWGRrX5CdDVD0_0 =======
2026-10-05 01:25:09,943	INFO logging_progress.py:225 -- Total Progress: 0/?
2026-10-05 01:25:09,943	INFO logging_progress.py:227 -- Active & requested resources: 1/1 CPU, 829.7MiB/60.0MiB object store
2026-10-05 01:25:09,943	INFO logging_progress.py:181 -- 
2026-10-05 01:25:09,943	INFO logging_progress.py:231 -- ListFiles: 1/1
2026-10-05 01:25:09,943	INFO logging_progress.py:233 --   Tasks: 0; Actors: 0; Queued blocks: 0 (0.0B); Resources: 0.0 CPU, 0.0B object store
2026-10-05 01:25:09,944	INFO logging_progress.py:231 -- ReadFilesParquetV2->MapBatches(remove_required_nulls)->MapBatches(remove_duplicates)->...->Project: 3720634/3720634
2026-10-05 01:25:09,944	INFO logging_progress.py:233 --   Tasks: 0; Actors: 0; Queued blocks: 0 (0.0B); Resources: 0.0 CPU, 829.7MiB object store
2026-10-05 01:25:09,944	INFO logging_progress.py:231 -- Write: 0/1
2026-10-05 01:25:09,944	INFO logging_progress.py:233 --   Tasks: 1 [backpressured:tasks(ResourceBudget)]; Actors: 0; Queued blocks: 0 (0.0B); Resources: 1.0 CPU, 0.0B object store
2026-10-05 01:25:09,944	INFO logging_progress.py:192 -- =================================================================
2026-10-05 01:25:20,024	INFO logging_progress.py:174 -- ======= Running Dataset: dataset_034aFU3ykKWGRrX5CdDVD0_0 =======
2026-10-05 01:25:20,025	INFO logging_progress.py:225 -- Total Progress: 0/?
2026-10-05 01:25:20,025	INFO logging_progress.py:227 -- Active & requested resources: 1/1 CPU, 829.7MiB/60.0MiB object store
2026-10-05 01:25:20,025	INFO logging_progress.py:181 -- 
2026-10-05 01:25:20,025	INFO logging_progress.py:231 -- ListFiles: 1/1
2026-10-05 01:25:20,026	INFO logging_progress.py:233 --   Tasks: 0; Actors: 0; Queued blocks: 0 (0.0B); Resources: 0.0 CPU, 0.0B object store
2026-10-05 01:25:20,026	INFO logging_progress.py:231 -- ReadFilesParquetV2->MapBatches(remove_required_nulls)->MapBatches(remove_duplicates)->...->Project: 3720634/3720634
2026-10-05 01:25:20,026	INFO logging_progress.py:233 --   Tasks: 0; Actors: 0; Queued blocks: 0 (0.0B); Resources: 0.0 CPU, 829.7MiB object store
2026-10-05 01:25:20,026	INFO logging_progress.py:231 -- Write: 0/1
2026-10-05 01:25:20,026	INFO logging_progress.py:233 --   Tasks: 1 [backpressured:tasks(ResourceBudget)]; Actors: 0; Queued blocks: 0 (0.0B); Resources: 1.0 CPU, 0.0B object store
2026-10-05 01:25:20,026	INFO logging_progress.py:192 -- =================================================================
2026-10-05 01:25:20,526	INFO streaming_executor.py:365 -- ✔️  Dataset dataset_034aFU3ykKWGRrX5CdDVD0_0 execution finished in 61.91 seconds
2026-10-05 01:25:20,690	INFO dataset.py:6680 -- Data sink Parquet finished. 3720634 rows and 826.8MiB data written.
2026-10-05 01:25:20,827	INFO streaming_executor.py:214 -- Starting execution of Dataset dataset_034aFVdn9nKugN45IuvVdo_0. Full logs are in /home/sidhartha/raytmp/session/session_2026-10-05_01-05-09_595998_75883/logs/ray-data
2026-10-05 01:25:20,827	INFO streaming_executor.py:215 -- Execution plan of Dataset dataset_034aFVdn9nKugN45IuvVdo_0: InputDataBuffer[Input] -> TaskPoolMapOperator[ListFiles] -> TaskPoolMapOperator[ReadFilesParquetV2->MapBatches(remove_required_nulls)->MapBatches(remove_duplicates)->MapBatches(filter_invalid_trips)->MapBatches(add_timestamp_features)->MapBatches(join_location_lookup)->MapBatches(add_average_speed)->Project] -> TaskPoolMapOperator[Write]
2026-10-05 01:25:20,907	INFO logging_progress.py:174 -- ======= Running Dataset: dataset_034aFVdn9nKugN45IuvVdo_0 =======
2026-10-05 01:25:20,907	INFO logging_progress.py:225 -- Total Progress: 0/?
2026-10-05 01:25:20,907	INFO logging_progress.py:227 -- Active & requested resources: 0/0 CPU, 0.0B/0.0B object store
2026-10-05 01:25:20,907	INFO logging_progress.py:181 -- 
2026-10-05 01:25:20,907	INFO logging_progress.py:231 -- ListFiles: 0/1
2026-10-05 01:25:20,907	INFO logging_progress.py:233 --   Tasks: 1; Actors: 0; Queued blocks: 0 (0.0B); Resources: 1.0 CPU, 0.0B object store
2026-10-05 01:25:20,907	INFO logging_progress.py:231 -- ReadFilesParquetV2->MapBatches(remove_required_nulls)->MapBatches(remove_duplicates)->...->Project: 0/1
2026-10-05 01:25:20,907	INFO logging_progress.py:233 --   Tasks: 0 [backpressured:tasks(ResourceBudget)]; Actors: 0; Queued blocks: 0 (0.0B); Resources: 0.0 CPU, 0.0B object store
2026-10-05 01:25:20,907	INFO logging_progress.py:231 -- Write: 0/1
2026-10-05 01:25:20,907	INFO logging_progress.py:233 --   Tasks: 0 [backpressured:tasks(ResourceBudget)]; Actors: 0; Queued blocks: 0 (0.0B); Resources: 0.0 CPU, 0.0B object store
2026-10-05 01:25:20,907	INFO logging_progress.py:192 -- =================================================================
2026-10-05 01:25:31,003	INFO logging_progress.py:174 -- ======= Running Dataset: dataset_034aFVdn9nKugN45IuvVdo_0 =======
2026-10-05 01:25:31,008	INFO logging_progress.py:225 -- Total Progress: 0/?
2026-10-05 01:25:31,008	INFO logging_progress.py:227 -- Active & requested resources: 1/1 CPU, 59.0B/60.0MiB object store
2026-10-05 01:25:31,008	INFO logging_progress.py:181 -- 
2026-10-05 01:25:31,008	INFO logging_progress.py:231 -- ListFiles: 1/1
2026-10-05 01:25:31,008	INFO logging_progress.py:233 --   Tasks: 0; Actors: 0; Queued blocks: 0 (0.0B); Resources: 0.0 CPU, 59.0B object store
2026-10-05 01:25:31,008	INFO logging_progress.py:231 -- ReadFilesParquetV2->MapBatches(remove_required_nulls)->MapBatches(remove_duplicates)->...->Project: 0/1
2026-10-05 01:25:31,009	INFO logging_progress.py:233 --   Tasks: 1 [backpressured:tasks(ResourceBudget)]; Actors: 0; Queued blocks: 0 (0.0B); Resources: 1.0 CPU, 0.0B object store
2026-10-05 01:25:31,009	INFO logging_progress.py:231 -- Write: 0/1
2026-10-05 01:25:31,009	INFO logging_progress.py:233 --   Tasks: 0 [backpressured:tasks(ResourceBudget)]; Actors: 0; Queued blocks: 0 (0.0B); Resources: 0.0 CPU, 0.0B object store
2026-10-05 01:25:31,009	INFO logging_progress.py:192 -- =================================================================
2026-10-05 01:25:41,050	INFO logging_progress.py:174 -- ======= Running Dataset: dataset_034aFVdn9nKugN45IuvVdo_0 =======
2026-10-05 01:25:41,050	INFO logging_progress.py:225 -- Total Progress: 0/?
2026-10-05 01:25:41,050	INFO logging_progress.py:227 -- Active & requested resources: 1/1 CPU, 59.0B/60.0MiB object store
2026-10-05 01:25:41,050	INFO logging_progress.py:181 -- 
2026-10-05 01:25:41,050	INFO logging_progress.py:231 -- ListFiles: 1/1
2026-10-05 01:25:41,050	INFO logging_progress.py:233 --   Tasks: 0; Actors: 0; Queued blocks: 0 (0.0B); Resources: 0.0 CPU, 59.0B object store
2026-10-05 01:25:41,050	INFO logging_progress.py:231 -- ReadFilesParquetV2->MapBatches(remove_required_nulls)->MapBatches(remove_duplicates)->...->Project: 0/1
2026-10-05 01:25:41,050	INFO logging_progress.py:233 --   Tasks: 1 [backpressured:tasks(ResourceBudget)]; Actors: 0; Queued blocks: 0 (0.0B); Resources: 1.0 CPU, 0.0B object store
2026-10-05 01:25:41,050	INFO logging_progress.py:231 -- Write: 0/1
2026-10-05 01:25:41,050	INFO logging_progress.py:233 --   Tasks: 0 [backpressured:tasks(ResourceBudget)]; Actors: 0; Queued blocks: 0 (0.0B); Resources: 0.0 CPU, 0.0B object store
2026-10-05 01:25:41,050	INFO logging_progress.py:192 -- =================================================================
2026-10-05 01:25:51,147	INFO logging_progress.py:174 -- ======= Running Dataset: dataset_034aFVdn9nKugN45IuvVdo_0 =======
2026-10-05 01:25:51,148	INFO logging_progress.py:225 -- Total Progress: 0/?
2026-10-05 01:25:51,148	INFO logging_progress.py:227 -- Active & requested resources: 1/1 CPU, 59.0B/60.0MiB object store
2026-10-05 01:25:51,148	INFO logging_progress.py:181 -- 
2026-10-05 01:25:51,148	INFO logging_progress.py:231 -- ListFiles: 1/1
2026-10-05 01:25:51,148	INFO logging_progress.py:233 --   Tasks: 0; Actors: 0; Queued blocks: 0 (0.0B); Resources: 0.0 CPU, 59.0B object store
2026-10-05 01:25:51,148	INFO logging_progress.py:231 -- ReadFilesParquetV2->MapBatches(remove_required_nulls)->MapBatches(remove_duplicates)->...->Project: 0/1
2026-10-05 01:25:51,148	INFO logging_progress.py:233 --   Tasks: 1 [backpressured:tasks(ResourceBudget)]; Actors: 0; Queued blocks: 0 (0.0B); Resources: 1.0 CPU, 0.0B object store
2026-10-05 01:25:51,149	INFO logging_progress.py:231 -- Write: 0/1
2026-10-05 01:25:51,149	INFO logging_progress.py:233 --   Tasks: 0 [backpressured:tasks(ResourceBudget)]; Actors: 0; Queued blocks: 0 (0.0B); Resources: 0.0 CPU, 0.0B object store
2026-10-05 01:25:51,149	INFO logging_progress.py:192 -- =================================================================
2026-10-05 01:26:01,223	INFO logging_progress.py:174 -- ======= Running Dataset: dataset_034aFVdn9nKugN45IuvVdo_0 =======
2026-10-05 01:26:01,224	INFO logging_progress.py:225 -- Total Progress: 0/?
2026-10-05 01:26:01,224	INFO logging_progress.py:227 -- Active & requested resources: 1/1 CPU, 59.0B/60.0MiB object store
2026-10-05 01:26:01,224	INFO logging_progress.py:181 -- 
2026-10-05 01:26:01,224	INFO logging_progress.py:231 -- ListFiles: 1/1
2026-10-05 01:26:01,224	INFO logging_progress.py:233 --   Tasks: 0; Actors: 0; Queued blocks: 0 (0.0B); Resources: 0.0 CPU, 59.0B object store
2026-10-05 01:26:01,224	INFO logging_progress.py:231 -- ReadFilesParquetV2->MapBatches(remove_required_nulls)->MapBatches(remove_duplicates)->...->Project: 0/1
2026-10-05 01:26:01,224	INFO logging_progress.py:233 --   Tasks: 1 [backpressured:tasks(ResourceBudget)]; Actors: 0; Queued blocks: 0 (0.0B); Resources: 1.0 CPU, 0.0B object store
2026-10-05 01:26:01,225	INFO logging_progress.py:231 -- Write: 0/1
2026-10-05 01:26:01,225	INFO logging_progress.py:233 --   Tasks: 0 [backpressured:tasks(ResourceBudget)]; Actors: 0; Queued blocks: 0 (0.0B); Resources: 0.0 CPU, 0.0B object store
2026-10-05 01:26:01,225	INFO logging_progress.py:192 -- =================================================================
2026-10-05 01:26:11,385	INFO logging_progress.py:174 -- ======= Running Dataset: dataset_034aFVdn9nKugN45IuvVdo_0 =======
2026-10-05 01:26:11,391	INFO logging_progress.py:225 -- Total Progress: 0/?
2026-10-05 01:26:11,391	INFO logging_progress.py:227 -- Active & requested resources: 1/1 CPU, 2.2GiB/60.0MiB object store
2026-10-05 01:26:11,391	INFO logging_progress.py:181 -- 
2026-10-05 01:26:11,391	INFO logging_progress.py:231 -- ListFiles: 1/1
2026-10-05 01:26:11,391	INFO logging_progress.py:233 --   Tasks: 0; Actors: 0; Queued blocks: 0 (0.0B); Resources: 0.0 CPU, 59.0B object store
2026-10-05 01:26:11,392	INFO logging_progress.py:231 -- ReadFilesParquetV2->MapBatches(remove_required_nulls)->MapBatches(remove_duplicates)->...->Project: 3422739/1
2026-10-05 01:26:11,392	INFO logging_progress.py:233 --   Tasks: 1 [backpressured:tasks(ResourceBudget)]; Actors: 0; Queued blocks: 0 (0.0B); Resources: 1.0 CPU, 2.2GiB object store
2026-10-05 01:26:11,392	INFO logging_progress.py:231 -- Write: 0/1
2026-10-05 01:26:11,392	INFO logging_progress.py:233 --   Tasks: 0 [backpressured:tasks(ResourceBudget)]; Actors: 0; Queued blocks: 1 (762.7MiB); Resources: 0.0 CPU, 0.0B object store
2026-10-05 01:26:11,392	INFO logging_progress.py:192 -- =================================================================
/home/sidhartha/miniconda/envs/spark-ray-a3/lib/python3.11/site-packages/ray/data/_internal/execution/operators/task_pool_map_operator.py:273: UserWarning: The maximum number of concurrent tasks for 'Write' is set to 2, but the operator only received 1 input(s). This means that the operator can launch at most 1 task(s), which is less than the concurrency limit. You might be able to increase the number of concurrent tasks by configuring `override_num_blocks` earlier in the pipeline.
  warnings.warn(
2026-10-05 01:26:21,460	INFO logging_progress.py:174 -- ======= Running Dataset: dataset_034aFVdn9nKugN45IuvVdo_0 =======
2026-10-05 01:26:21,461	INFO logging_progress.py:225 -- Total Progress: 0/?
2026-10-05 01:26:21,461	INFO logging_progress.py:227 -- Active & requested resources: 1/1 CPU, 762.7MiB/60.0MiB object store
2026-10-05 01:26:21,461	INFO logging_progress.py:181 -- 
2026-10-05 01:26:21,461	INFO logging_progress.py:231 -- ListFiles: 1/1
2026-10-05 01:26:21,462	INFO logging_progress.py:233 --   Tasks: 0; Actors: 0; Queued blocks: 0 (0.0B); Resources: 0.0 CPU, 0.0B object store
2026-10-05 01:26:21,462	INFO logging_progress.py:231 -- ReadFilesParquetV2->MapBatches(remove_required_nulls)->MapBatches(remove_duplicates)->...->Project: 3422739/3422739
2026-10-05 01:26:21,462	INFO logging_progress.py:233 --   Tasks: 0; Actors: 0; Queued blocks: 0 (0.0B); Resources: 0.0 CPU, 762.7MiB object store
2026-10-05 01:26:21,462	INFO logging_progress.py:231 -- Write: 0/1
2026-10-05 01:26:21,462	INFO logging_progress.py:233 --   Tasks: 1 [backpressured:tasks(ResourceBudget)]; Actors: 0; Queued blocks: 0 (0.0B); Resources: 1.0 CPU, 0.0B object store
2026-10-05 01:26:21,462	INFO logging_progress.py:192 -- =================================================================
2026-10-05 01:26:29,402	INFO streaming_executor.py:365 -- ✔️  Dataset dataset_034aFVdn9nKugN45IuvVdo_0 execution finished in 68.56 seconds
2026-10-05 01:26:30,004	INFO dataset.py:6680 -- Data sink Parquet finished. 3422739 rows and 760.0MiB data written.
2026-10-05 01:26:30,253	INFO streaming_executor.py:214 -- Starting execution of Dataset dataset_034aFXOtndvnl6S1AivY7I_0. Full logs are in /home/sidhartha/raytmp/session/session_2026-10-05_01-05-09_595998_75883/logs/ray-data
2026-10-05 01:26:30,253	INFO streaming_executor.py:215 -- Execution plan of Dataset dataset_034aFXOtndvnl6S1AivY7I_0: InputDataBuffer[Input] -> TaskPoolMapOperator[ListFiles] -> TaskPoolMapOperator[ReadFilesParquetV2->MapBatches(remove_required_nulls)->MapBatches(remove_duplicates)->MapBatches(filter_invalid_trips)->MapBatches(add_timestamp_features)->MapBatches(join_location_lookup)->MapBatches(add_average_speed)->Project] -> TaskPoolMapOperator[Write]
2026-10-05 01:26:30,394	INFO logging_progress.py:174 -- ======= Running Dataset: dataset_034aFXOtndvnl6S1AivY7I_0 =======
2026-10-05 01:26:30,394	INFO logging_progress.py:225 -- Total Progress: 0/?
2026-10-05 01:26:30,394	INFO logging_progress.py:227 -- Active & requested resources: 0/0 CPU, 0.0B/0.0B object store
2026-10-05 01:26:30,394	INFO logging_progress.py:181 -- 
2026-10-05 01:26:30,394	INFO logging_progress.py:231 -- ListFiles: 0/1
2026-10-05 01:26:30,394	INFO logging_progress.py:233 --   Tasks: 1; Actors: 0; Queued blocks: 0 (0.0B); Resources: 1.0 CPU, 0.0B object store
2026-10-05 01:26:30,394	INFO logging_progress.py:231 -- ReadFilesParquetV2->MapBatches(remove_required_nulls)->MapBatches(remove_duplicates)->...->Project: 0/1
2026-10-05 01:26:30,394	INFO logging_progress.py:233 --   Tasks: 0 [backpressured:tasks(ResourceBudget)]; Actors: 0; Queued blocks: 0 (0.0B); Resources: 0.0 CPU, 0.0B object store
2026-10-05 01:26:30,394	INFO logging_progress.py:231 -- Write: 0/1
2026-10-05 01:26:30,394	INFO logging_progress.py:233 --   Tasks: 0 [backpressured:tasks(ResourceBudget)]; Actors: 0; Queued blocks: 0 (0.0B); Resources: 0.0 CPU, 0.0B object store
2026-10-05 01:26:30,394	INFO logging_progress.py:192 -- =================================================================
2026-10-05 01:26:40,434	INFO logging_progress.py:174 -- ======= Running Dataset: dataset_034aFXOtndvnl6S1AivY7I_0 =======
2026-10-05 01:26:40,435	INFO logging_progress.py:225 -- Total Progress: 0/?
2026-10-05 01:26:40,435	INFO logging_progress.py:227 -- Active & requested resources: 1/1 CPU, 59.0B/60.0MiB object store
2026-10-05 01:26:40,435	INFO logging_progress.py:181 -- 
2026-10-05 01:26:40,435	INFO logging_progress.py:231 -- ListFiles: 1/1
2026-10-05 01:26:40,435	INFO logging_progress.py:233 --   Tasks: 0; Actors: 0; Queued blocks: 0 (0.0B); Resources: 0.0 CPU, 59.0B object store
2026-10-05 01:26:40,435	INFO logging_progress.py:231 -- ReadFilesParquetV2->MapBatches(remove_required_nulls)->MapBatches(remove_duplicates)->...->Project: 0/1
2026-10-05 01:26:40,435	INFO logging_progress.py:233 --   Tasks: 1 [backpressured:tasks(ResourceBudget)]; Actors: 0; Queued blocks: 0 (0.0B); Resources: 1.0 CPU, 0.0B object store
2026-10-05 01:26:40,435	INFO logging_progress.py:231 -- Write: 0/1
2026-10-05 01:26:40,435	INFO logging_progress.py:233 --   Tasks: 0 [backpressured:tasks(ResourceBudget)]; Actors: 0; Queued blocks: 0 (0.0B); Resources: 0.0 CPU, 0.0B object store
2026-10-05 01:26:40,435	INFO logging_progress.py:192 -- =================================================================
2026-10-05 01:26:50,487	INFO logging_progress.py:174 -- ======= Running Dataset: dataset_034aFXOtndvnl6S1AivY7I_0 =======
2026-10-05 01:26:50,488	INFO logging_progress.py:225 -- Total Progress: 0/?
2026-10-05 01:26:50,488	INFO logging_progress.py:227 -- Active & requested resources: 1/1 CPU, 59.0B/60.0MiB object store
2026-10-05 01:26:50,488	INFO logging_progress.py:181 -- 
2026-10-05 01:26:50,488	INFO logging_progress.py:231 -- ListFiles: 1/1
2026-10-05 01:26:50,488	INFO logging_progress.py:233 --   Tasks: 0; Actors: 0; Queued blocks: 0 (0.0B); Resources: 0.0 CPU, 59.0B object store
2026-10-05 01:26:50,489	INFO logging_progress.py:231 -- ReadFilesParquetV2->MapBatches(remove_required_nulls)->MapBatches(remove_duplicates)->...->Project: 0/1
2026-10-05 01:26:50,489	INFO logging_progress.py:233 --   Tasks: 1 [backpressured:tasks(ResourceBudget)]; Actors: 0; Queued blocks: 0 (0.0B); Resources: 1.0 CPU, 0.0B object store
2026-10-05 01:26:50,489	INFO logging_progress.py:231 -- Write: 0/1
2026-10-05 01:26:50,489	INFO logging_progress.py:233 --   Tasks: 0 [backpressured:tasks(ResourceBudget)]; Actors: 0; Queued blocks: 0 (0.0B); Resources: 0.0 CPU, 0.0B object store
2026-10-05 01:26:50,489	INFO logging_progress.py:192 -- =================================================================
2026-10-05 01:27:00,546	INFO logging_progress.py:174 -- ======= Running Dataset: dataset_034aFXOtndvnl6S1AivY7I_0 =======
2026-10-05 01:27:00,546	INFO logging_progress.py:225 -- Total Progress: 0/?
2026-10-05 01:27:00,546	INFO logging_progress.py:227 -- Active & requested resources: 1/1 CPU, 59.0B/60.0MiB object store
2026-10-05 01:27:00,546	INFO logging_progress.py:181 -- 
2026-10-05 01:27:00,546	INFO logging_progress.py:231 -- ListFiles: 1/1
2026-10-05 01:27:00,546	INFO logging_progress.py:233 --   Tasks: 0; Actors: 0; Queued blocks: 0 (0.0B); Resources: 0.0 CPU, 59.0B object store
2026-10-05 01:27:00,546	INFO logging_progress.py:231 -- ReadFilesParquetV2->MapBatches(remove_required_nulls)->MapBatches(remove_duplicates)->...->Project: 0/1
2026-10-05 01:27:00,546	INFO logging_progress.py:233 --   Tasks: 1 [backpressured:tasks(ResourceBudget)]; Actors: 0; Queued blocks: 0 (0.0B); Resources: 1.0 CPU, 0.0B object store
2026-10-05 01:27:00,547	INFO logging_progress.py:231 -- Write: 0/1
2026-10-05 01:27:00,547	INFO logging_progress.py:233 --   Tasks: 0 [backpressured:tasks(ResourceBudget)]; Actors: 0; Queued blocks: 0 (0.0B); Resources: 0.0 CPU, 0.0B object store
2026-10-05 01:27:00,547	INFO logging_progress.py:192 -- =================================================================
2026-10-05 01:27:10,608	INFO logging_progress.py:174 -- ======= Running Dataset: dataset_034aFXOtndvnl6S1AivY7I_0 =======
2026-10-05 01:27:10,608	INFO logging_progress.py:225 -- Total Progress: 0/?
2026-10-05 01:27:10,608	INFO logging_progress.py:227 -- Active & requested resources: 1/1 CPU, 59.0B/60.0MiB object store
2026-10-05 01:27:10,608	INFO logging_progress.py:181 -- 
2026-10-05 01:27:10,608	INFO logging_progress.py:231 -- ListFiles: 1/1
2026-10-05 01:27:10,610	INFO logging_progress.py:233 --   Tasks: 0; Actors: 0; Queued blocks: 0 (0.0B); Resources: 0.0 CPU, 59.0B object store
2026-10-05 01:27:10,610	INFO logging_progress.py:231 -- ReadFilesParquetV2->MapBatches(remove_required_nulls)->MapBatches(remove_duplicates)->...->Project: 0/1
2026-10-05 01:27:10,611	INFO logging_progress.py:233 --   Tasks: 1 [backpressured:tasks(ResourceBudget)]; Actors: 0; Queued blocks: 0 (0.0B); Resources: 1.0 CPU, 0.0B object store
2026-10-05 01:27:10,612	INFO logging_progress.py:231 -- Write: 0/1
2026-10-05 01:27:10,612	INFO logging_progress.py:233 --   Tasks: 0 [backpressured:tasks(ResourceBudget)]; Actors: 0; Queued blocks: 0 (0.0B); Resources: 0.0 CPU, 0.0B object store
2026-10-05 01:27:10,617	INFO logging_progress.py:192 -- =================================================================
2026-10-05 01:27:22,668	INFO logging_progress.py:174 -- ======= Running Dataset: dataset_034aFXOtndvnl6S1AivY7I_0 =======
2026-10-05 01:27:22,668	INFO logging_progress.py:225 -- Total Progress: 0/?
2026-10-05 01:27:22,668	INFO logging_progress.py:227 -- Active & requested resources: 1/1 CPU, 59.0B/60.0MiB object store
2026-10-05 01:27:22,668	INFO logging_progress.py:181 -- 
2026-10-05 01:27:22,668	INFO logging_progress.py:231 -- ListFiles: 1/1
2026-10-05 01:27:22,668	INFO logging_progress.py:233 --   Tasks: 0; Actors: 0; Queued blocks: 0 (0.0B); Resources: 0.0 CPU, 59.0B object store
2026-10-05 01:27:22,668	INFO logging_progress.py:231 -- ReadFilesParquetV2->MapBatches(remove_required_nulls)->MapBatches(remove_duplicates)->...->Project: 0/1
2026-10-05 01:27:22,669	INFO logging_progress.py:233 --   Tasks: 1 [backpressured:tasks(ResourceBudget)]; Actors: 0; Queued blocks: 0 (0.0B); Resources: 1.0 CPU, 0.0B object store
2026-10-05 01:27:22,669	INFO logging_progress.py:231 -- Write: 0/1
2026-10-05 01:27:22,669	INFO logging_progress.py:233 --   Tasks: 0 [backpressured:tasks(ResourceBudget)]; Actors: 0; Queued blocks: 0 (0.0B); Resources: 0.0 CPU, 0.0B object store
2026-10-05 01:27:22,669	INFO logging_progress.py:192 -- =================================================================
2026-10-05 01:27:32,718	INFO logging_progress.py:174 -- ======= Running Dataset: dataset_034aFXOtndvnl6S1AivY7I_0 =======
2026-10-05 01:27:32,739	INFO logging_progress.py:225 -- Total Progress: 0/?
2026-10-05 01:27:32,739	INFO logging_progress.py:227 -- Active & requested resources: 1/1 CPU, 59.0B/60.0MiB object store
2026-10-05 01:27:32,739	INFO logging_progress.py:181 -- 
2026-10-05 01:27:32,739	INFO logging_progress.py:231 -- ListFiles: 1/1
2026-10-05 01:27:32,739	INFO logging_progress.py:233 --   Tasks: 0; Actors: 0; Queued blocks: 0 (0.0B); Resources: 0.0 CPU, 59.0B object store
2026-10-05 01:27:32,739	INFO logging_progress.py:231 -- ReadFilesParquetV2->MapBatches(remove_required_nulls)->MapBatches(remove_duplicates)->...->Project: 0/1
2026-10-05 01:27:32,739	INFO logging_progress.py:233 --   Tasks: 1 [backpressured:tasks(ResourceBudget)]; Actors: 0; Queued blocks: 0 (0.0B); Resources: 1.0 CPU, 0.0B object store
2026-10-05 01:27:32,739	INFO logging_progress.py:231 -- Write: 0/1
2026-10-05 01:27:32,739	INFO logging_progress.py:233 --   Tasks: 0 [backpressured:tasks(ResourceBudget)]; Actors: 0; Queued blocks: 0 (0.0B); Resources: 0.0 CPU, 0.0B object store
2026-10-05 01:27:32,739	INFO logging_progress.py:192 -- =================================================================
/home/sidhartha/miniconda/envs/spark-ray-a3/lib/python3.11/site-packages/ray/data/_internal/execution/operators/task_pool_map_operator.py:273: UserWarning: The maximum number of concurrent tasks for 'Write' is set to 2, but the operator only received 1 input(s). This means that the operator can launch at most 1 task(s), which is less than the concurrency limit. You might be able to increase the number of concurrent tasks by configuring `override_num_blocks` earlier in the pipeline.
  warnings.warn(
[36m(raylet)[0m Spilled 16662 MiB, 21 objects, write throughput 157 MiB/s.
2026-10-05 01:27:42,812	INFO logging_progress.py:174 -- ======= Running Dataset: dataset_034aFXOtndvnl6S1AivY7I_0 =======
2026-10-05 01:27:42,815	INFO logging_progress.py:225 -- Total Progress: 0/?
2026-10-05 01:27:42,819	INFO logging_progress.py:227 -- Active & requested resources: 1/1 CPU, 908.8MiB/60.0MiB object store
2026-10-05 01:27:42,819	INFO logging_progress.py:181 -- 
2026-10-05 01:27:42,825	INFO logging_progress.py:231 -- ListFiles: 1/1
2026-10-05 01:27:42,829	INFO logging_progress.py:233 --   Tasks: 0; Actors: 0; Queued blocks: 0 (0.0B); Resources: 0.0 CPU, 0.0B object store
2026-10-05 01:27:42,830	INFO logging_progress.py:231 -- ReadFilesParquetV2->MapBatches(remove_required_nulls)->MapBatches(remove_duplicates)->...->Project: 4070556/4070556
2026-10-05 01:27:42,830	INFO logging_progress.py:233 --   Tasks: 0; Actors: 0; Queued blocks: 0 (0.0B); Resources: 0.0 CPU, 908.8MiB object store
2026-10-05 01:27:42,830	INFO logging_progress.py:231 -- Write: 0/1
2026-10-05 01:27:42,830	INFO logging_progress.py:233 --   Tasks: 1 [backpressured:tasks(ResourceBudget)]; Actors: 0; Queued blocks: 0 (0.0B); Resources: 1.0 CPU, 0.0B object store
2026-10-05 01:27:42,830	INFO logging_progress.py:192 -- =================================================================
2026-10-05 01:27:49,004	INFO streaming_executor.py:365 -- ✔️  Dataset dataset_034aFXOtndvnl6S1AivY7I_0 execution finished in 78.75 seconds
2026-10-05 01:27:49,354	INFO dataset.py:6680 -- Data sink Parquet finished. 4070556 rows and 905.9MiB data written.
2026-10-05 01:27:49,493	INFO streaming_executor.py:214 -- Starting execution of Dataset dataset_034aFZPYgaCjQXHADB5bza_0. Full logs are in /home/sidhartha/raytmp/session/session_2026-10-05_01-05-09_595998_75883/logs/ray-data
2026-10-05 01:27:49,493	INFO streaming_executor.py:215 -- Execution plan of Dataset dataset_034aFZPYgaCjQXHADB5bza_0: InputDataBuffer[Input] -> TaskPoolMapOperator[ListFiles] -> TaskPoolMapOperator[ReadFilesParquetV2->MapBatches(remove_required_nulls)->MapBatches(remove_duplicates)->MapBatches(filter_invalid_trips)->MapBatches(add_timestamp_features)->MapBatches(join_location_lookup)->MapBatches(add_average_speed)->Project] -> TaskPoolMapOperator[Write]
2026-10-05 01:27:49,572	INFO logging_progress.py:174 -- ======= Running Dataset: dataset_034aFZPYgaCjQXHADB5bza_0 =======
2026-10-05 01:27:49,572	INFO logging_progress.py:225 -- Total Progress: 0/?
2026-10-05 01:27:49,572	INFO logging_progress.py:227 -- Active & requested resources: 0/0 CPU, 0.0B/0.0B object store
2026-10-05 01:27:49,572	INFO logging_progress.py:181 -- 
2026-10-05 01:27:49,572	INFO logging_progress.py:231 -- ListFiles: 0/1
2026-10-05 01:27:49,573	INFO logging_progress.py:233 --   Tasks: 1; Actors: 0; Queued blocks: 0 (0.0B); Resources: 1.0 CPU, 0.0B object store
2026-10-05 01:27:49,573	INFO logging_progress.py:231 -- ReadFilesParquetV2->MapBatches(remove_required_nulls)->MapBatches(remove_duplicates)->...->Project: 0/1
2026-10-05 01:27:49,573	INFO logging_progress.py:233 --   Tasks: 0 [backpressured:tasks(ResourceBudget)]; Actors: 0; Queued blocks: 0 (0.0B); Resources: 0.0 CPU, 0.0B object store
2026-10-05 01:27:49,573	INFO logging_progress.py:231 -- Write: 0/1
2026-10-05 01:27:49,573	INFO logging_progress.py:233 --   Tasks: 0 [backpressured:tasks(ResourceBudget)]; Actors: 0; Queued blocks: 0 (0.0B); Resources: 0.0 CPU, 0.0B object store
2026-10-05 01:27:49,573	INFO logging_progress.py:192 -- =================================================================
2026-10-05 01:27:59,612	INFO logging_progress.py:174 -- ======= Running Dataset: dataset_034aFZPYgaCjQXHADB5bza_0 =======
2026-10-05 01:27:59,613	INFO logging_progress.py:225 -- Total Progress: 0/?
2026-10-05 01:27:59,613	INFO logging_progress.py:227 -- Active & requested resources: 1/1 CPU, 59.0B/60.0MiB object store
2026-10-05 01:27:59,613	INFO logging_progress.py:181 -- 
2026-10-05 01:27:59,613	INFO logging_progress.py:231 -- ListFiles: 1/1
2026-10-05 01:27:59,613	INFO logging_progress.py:233 --   Tasks: 0; Actors: 0; Queued blocks: 0 (0.0B); Resources: 0.0 CPU, 59.0B object store
2026-10-05 01:27:59,613	INFO logging_progress.py:231 -- ReadFilesParquetV2->MapBatches(remove_required_nulls)->MapBatches(remove_duplicates)->...->Project: 0/1
2026-10-05 01:27:59,613	INFO logging_progress.py:233 --   Tasks: 1 [backpressured:tasks(ResourceBudget)]; Actors: 0; Queued blocks: 0 (0.0B); Resources: 1.0 CPU, 0.0B object store
2026-10-05 01:27:59,613	INFO logging_progress.py:231 -- Write: 0/1
2026-10-05 01:27:59,613	INFO logging_progress.py:233 --   Tasks: 0 [backpressured:tasks(ResourceBudget)]; Actors: 0; Queued blocks: 0 (0.0B); Resources: 0.0 CPU, 0.0B object store
2026-10-05 01:27:59,613	INFO logging_progress.py:192 -- =================================================================
2026-10-05 01:28:09,689	INFO logging_progress.py:174 -- ======= Running Dataset: dataset_034aFZPYgaCjQXHADB5bza_0 =======
2026-10-05 01:28:09,689	INFO logging_progress.py:225 -- Total Progress: 0/?
2026-10-05 01:28:09,689	INFO logging_progress.py:227 -- Active & requested resources: 1/1 CPU, 59.0B/60.0MiB object store
2026-10-05 01:28:09,689	INFO logging_progress.py:181 -- 
2026-10-05 01:28:09,690	INFO logging_progress.py:231 -- ListFiles: 1/1
2026-10-05 01:28:09,690	INFO logging_progress.py:233 --   Tasks: 0; Actors: 0; Queued blocks: 0 (0.0B); Resources: 0.0 CPU, 59.0B object store
2026-10-05 01:28:09,690	INFO logging_progress.py:231 -- ReadFilesParquetV2->MapBatches(remove_required_nulls)->MapBatches(remove_duplicates)->...->Project: 0/1
2026-10-05 01:28:09,690	INFO logging_progress.py:233 --   Tasks: 1 [backpressured:tasks(ResourceBudget)]; Actors: 0; Queued blocks: 0 (0.0B); Resources: 1.0 CPU, 0.0B object store
2026-10-05 01:28:09,690	INFO logging_progress.py:231 -- Write: 0/1
2026-10-05 01:28:09,690	INFO logging_progress.py:233 --   Tasks: 0 [backpressured:tasks(ResourceBudget)]; Actors: 0; Queued blocks: 0 (0.0B); Resources: 0.0 CPU, 0.0B object store
2026-10-05 01:28:09,690	INFO logging_progress.py:192 -- =================================================================
2026-10-05 01:28:19,789	INFO logging_progress.py:174 -- ======= Running Dataset: dataset_034aFZPYgaCjQXHADB5bza_0 =======
2026-10-05 01:28:19,789	INFO logging_progress.py:225 -- Total Progress: 0/?
2026-10-05 01:28:19,789	INFO logging_progress.py:227 -- Active & requested resources: 1/1 CPU, 59.0B/60.0MiB object store
2026-10-05 01:28:19,789	INFO logging_progress.py:181 -- 
2026-10-05 01:28:19,789	INFO logging_progress.py:231 -- ListFiles: 1/1
2026-10-05 01:28:19,789	INFO logging_progress.py:233 --   Tasks: 0; Actors: 0; Queued blocks: 0 (0.0B); Resources: 0.0 CPU, 59.0B object store
2026-10-05 01:28:19,789	INFO logging_progress.py:231 -- ReadFilesParquetV2->MapBatches(remove_required_nulls)->MapBatches(remove_duplicates)->...->Project: 0/1
2026-10-05 01:28:19,790	INFO logging_progress.py:233 --   Tasks: 1 [backpressured:tasks(ResourceBudget)]; Actors: 0; Queued blocks: 0 (0.0B); Resources: 1.0 CPU, 0.0B object store
2026-10-05 01:28:19,790	INFO logging_progress.py:231 -- Write: 0/1
2026-10-05 01:28:19,790	INFO logging_progress.py:233 --   Tasks: 0 [backpressured:tasks(ResourceBudget)]; Actors: 0; Queued blocks: 0 (0.0B); Resources: 0.0 CPU, 0.0B object store
2026-10-05 01:28:19,790	INFO logging_progress.py:192 -- =================================================================
2026-10-05 01:28:35,240	INFO logging_progress.py:174 -- ======= Running Dataset: dataset_034aFZPYgaCjQXHADB5bza_0 =======
2026-10-05 01:28:35,241	INFO logging_progress.py:225 -- Total Progress: 0/?
2026-10-05 01:28:35,241	INFO logging_progress.py:227 -- Active & requested resources: 1/1 CPU, 59.0B/60.0MiB object store
2026-10-05 01:28:35,241	INFO logging_progress.py:181 -- 
2026-10-05 01:28:35,241	INFO logging_progress.py:231 -- ListFiles: 1/1
2026-10-05 01:28:35,241	INFO logging_progress.py:233 --   Tasks: 0; Actors: 0; Queued blocks: 0 (0.0B); Resources: 0.0 CPU, 59.0B object store
2026-10-05 01:28:35,241	INFO logging_progress.py:231 -- ReadFilesParquetV2->MapBatches(remove_required_nulls)->MapBatches(remove_duplicates)->...->Project: 0/1
2026-10-05 01:28:35,241	INFO logging_progress.py:233 --   Tasks: 1 [backpressured:tasks(ResourceBudget)]; Actors: 0; Queued blocks: 0 (0.0B); Resources: 1.0 CPU, 0.0B object store
2026-10-05 01:28:35,241	INFO logging_progress.py:231 -- Write: 0/1
2026-10-05 01:28:35,241	INFO logging_progress.py:233 --   Tasks: 0 [backpressured:tasks(ResourceBudget)]; Actors: 0; Queued blocks: 0 (0.0B); Resources: 0.0 CPU, 0.0B object store
2026-10-05 01:28:35,241	INFO logging_progress.py:192 -- =================================================================
2026-10-05 01:28:45,338	INFO logging_progress.py:174 -- ======= Running Dataset: dataset_034aFZPYgaCjQXHADB5bza_0 =======
2026-10-05 01:28:45,338	INFO logging_progress.py:225 -- Total Progress: 0/?
2026-10-05 01:28:45,338	INFO logging_progress.py:227 -- Active & requested resources: 1/1 CPU, 59.0B/60.0MiB object store
2026-10-05 01:28:45,338	INFO logging_progress.py:181 -- 
2026-10-05 01:28:45,338	INFO logging_progress.py:231 -- ListFiles: 1/1
2026-10-05 01:28:45,339	INFO logging_progress.py:233 --   Tasks: 0; Actors: 0; Queued blocks: 0 (0.0B); Resources: 0.0 CPU, 59.0B object store
2026-10-05 01:28:45,339	INFO logging_progress.py:231 -- ReadFilesParquetV2->MapBatches(remove_required_nulls)->MapBatches(remove_duplicates)->...->Project: 0/1
2026-10-05 01:28:45,339	INFO logging_progress.py:233 --   Tasks: 1 [backpressured:tasks(ResourceBudget)]; Actors: 0; Queued blocks: 0 (0.0B); Resources: 1.0 CPU, 0.0B object store
2026-10-05 01:28:45,339	INFO logging_progress.py:231 -- Write: 0/1
2026-10-05 01:28:45,339	INFO logging_progress.py:233 --   Tasks: 0 [backpressured:tasks(ResourceBudget)]; Actors: 0; Queued blocks: 0 (0.0B); Resources: 0.0 CPU, 0.0B object store
2026-10-05 01:28:45,339	INFO logging_progress.py:192 -- =================================================================
/home/sidhartha/miniconda/envs/spark-ray-a3/lib/python3.11/site-packages/ray/data/_internal/execution/operators/task_pool_map_operator.py:273: UserWarning: The maximum number of concurrent tasks for 'Write' is set to 2, but the operator only received 1 input(s). This means that the operator can launch at most 1 task(s), which is less than the concurrency limit. You might be able to increase the number of concurrent tasks by configuring `override_num_blocks` earlier in the pipeline.
  warnings.warn(
2026-10-05 01:28:55,518	INFO logging_progress.py:174 -- ======= Running Dataset: dataset_034aFZPYgaCjQXHADB5bza_0 =======
2026-10-05 01:28:55,542	INFO logging_progress.py:225 -- Total Progress: 0/?
2026-10-05 01:28:55,542	INFO logging_progress.py:227 -- Active & requested resources: 1/1 CPU, 946.2MiB/60.0MiB object store
2026-10-05 01:28:55,542	INFO logging_progress.py:181 -- 
2026-10-05 01:28:55,542	INFO logging_progress.py:231 -- ListFiles: 1/1
2026-10-05 01:28:55,542	INFO logging_progress.py:233 --   Tasks: 0; Actors: 0; Queued blocks: 0 (0.0B); Resources: 0.0 CPU, 0.0B object store
2026-10-05 01:28:55,542	INFO logging_progress.py:231 -- ReadFilesParquetV2->MapBatches(remove_required_nulls)->MapBatches(remove_duplicates)->...->Project: 4236467/4236467
2026-10-05 01:28:55,542	INFO logging_progress.py:233 --   Tasks: 0; Actors: 0; Queued blocks: 0 (0.0B); Resources: 0.0 CPU, 946.2MiB object store
2026-10-05 01:28:55,542	INFO logging_progress.py:231 -- Write: 0/1
2026-10-05 01:28:55,543	INFO logging_progress.py:233 --   Tasks: 1 [backpressured:tasks(ResourceBudget)]; Actors: 0; Queued blocks: 0 (0.0B); Resources: 1.0 CPU, 0.0B object store
2026-10-05 01:28:55,543	INFO logging_progress.py:192 -- =================================================================
2026-10-05 01:29:04,288	INFO streaming_executor.py:365 -- ✔️  Dataset dataset_034aFZPYgaCjQXHADB5bza_0 execution finished in 74.79 seconds
2026-10-05 01:29:05,503	INFO dataset.py:6680 -- Data sink Parquet finished. 4236467 rows and 943.2MiB data written.
2026-10-05 01:29:05,691	INFO streaming_executor.py:214 -- Starting execution of Dataset dataset_034aFbLLofJdPxp7mBvWKA_0. Full logs are in /home/sidhartha/raytmp/session/session_2026-10-05_01-05-09_595998_75883/logs/ray-data
2026-10-05 01:29:05,691	INFO streaming_executor.py:215 -- Execution plan of Dataset dataset_034aFbLLofJdPxp7mBvWKA_0: InputDataBuffer[Input] -> TaskPoolMapOperator[ListFiles] -> TaskPoolMapOperator[ReadFilesParquetV2->MapBatches(remove_required_nulls)->MapBatches(remove_duplicates)->MapBatches(filter_invalid_trips)->MapBatches(add_timestamp_features)->MapBatches(join_location_lookup)->MapBatches(add_average_speed)->Project] -> TaskPoolMapOperator[Write]
2026-10-05 01:29:05,768	INFO logging_progress.py:174 -- ======= Running Dataset: dataset_034aFbLLofJdPxp7mBvWKA_0 =======
2026-10-05 01:29:05,769	INFO logging_progress.py:225 -- Total Progress: 0/?
2026-10-05 01:29:05,769	INFO logging_progress.py:227 -- Active & requested resources: 0/0 CPU, 0.0B/0.0B object store
2026-10-05 01:29:05,769	INFO logging_progress.py:181 -- 
2026-10-05 01:29:05,769	INFO logging_progress.py:231 -- ListFiles: 0/1
2026-10-05 01:29:05,769	INFO logging_progress.py:233 --   Tasks: 1; Actors: 0; Queued blocks: 0 (0.0B); Resources: 1.0 CPU, 0.0B object store
2026-10-05 01:29:05,769	INFO logging_progress.py:231 -- ReadFilesParquetV2->MapBatches(remove_required_nulls)->MapBatches(remove_duplicates)->...->Project: 0/1
2026-10-05 01:29:05,769	INFO logging_progress.py:233 --   Tasks: 0 [backpressured:tasks(ResourceBudget)]; Actors: 0; Queued blocks: 0 (0.0B); Resources: 0.0 CPU, 0.0B object store
2026-10-05 01:29:05,769	INFO logging_progress.py:231 -- Write: 0/1
2026-10-05 01:29:05,769	INFO logging_progress.py:233 --   Tasks: 0 [backpressured:tasks(ResourceBudget)]; Actors: 0; Queued blocks: 0 (0.0B); Resources: 0.0 CPU, 0.0B object store
2026-10-05 01:29:05,769	INFO logging_progress.py:192 -- =================================================================
2026-10-05 01:29:15,792	INFO logging_progress.py:174 -- ======= Running Dataset: dataset_034aFbLLofJdPxp7mBvWKA_0 =======
2026-10-05 01:29:15,792	INFO logging_progress.py:225 -- Total Progress: 0/?
2026-10-05 01:29:15,792	INFO logging_progress.py:227 -- Active & requested resources: 1/1 CPU, 59.0B/60.0MiB object store
2026-10-05 01:29:15,792	INFO logging_progress.py:181 -- 
2026-10-05 01:29:15,792	INFO logging_progress.py:231 -- ListFiles: 1/1
2026-10-05 01:29:15,792	INFO logging_progress.py:233 --   Tasks: 0; Actors: 0; Queued blocks: 0 (0.0B); Resources: 0.0 CPU, 59.0B object store
2026-10-05 01:29:15,792	INFO logging_progress.py:231 -- ReadFilesParquetV2->MapBatches(remove_required_nulls)->MapBatches(remove_duplicates)->...->Project: 0/1
2026-10-05 01:29:15,792	INFO logging_progress.py:233 --   Tasks: 1 [backpressured:tasks(ResourceBudget)]; Actors: 0; Queued blocks: 0 (0.0B); Resources: 1.0 CPU, 0.0B object store
2026-10-05 01:29:15,793	INFO logging_progress.py:231 -- Write: 0/1
2026-10-05 01:29:15,793	INFO logging_progress.py:233 --   Tasks: 0 [backpressured:tasks(ResourceBudget)]; Actors: 0; Queued blocks: 0 (0.0B); Resources: 0.0 CPU, 0.0B object store
2026-10-05 01:29:15,793	INFO logging_progress.py:192 -- =================================================================
2026-10-05 01:29:25,853	INFO logging_progress.py:174 -- ======= Running Dataset: dataset_034aFbLLofJdPxp7mBvWKA_0 =======
2026-10-05 01:29:25,853	INFO logging_progress.py:225 -- Total Progress: 0/?
2026-10-05 01:29:25,853	INFO logging_progress.py:227 -- Active & requested resources: 1/1 CPU, 59.0B/60.0MiB object store
2026-10-05 01:29:25,853	INFO logging_progress.py:181 -- 
2026-10-05 01:29:25,853	INFO logging_progress.py:231 -- ListFiles: 1/1
2026-10-05 01:29:25,853	INFO logging_progress.py:233 --   Tasks: 0; Actors: 0; Queued blocks: 0 (0.0B); Resources: 0.0 CPU, 59.0B object store
2026-10-05 01:29:25,853	INFO logging_progress.py:231 -- ReadFilesParquetV2->MapBatches(remove_required_nulls)->MapBatches(remove_duplicates)->...->Project: 0/1
2026-10-05 01:29:25,853	INFO logging_progress.py:233 --   Tasks: 1 [backpressured:tasks(ResourceBudget)]; Actors: 0; Queued blocks: 0 (0.0B); Resources: 1.0 CPU, 0.0B object store
2026-10-05 01:29:25,853	INFO logging_progress.py:231 -- Write: 0/1
2026-10-05 01:29:25,854	INFO logging_progress.py:233 --   Tasks: 0 [backpressured:tasks(ResourceBudget)]; Actors: 0; Queued blocks: 0 (0.0B); Resources: 0.0 CPU, 0.0B object store
2026-10-05 01:29:25,854	INFO logging_progress.py:192 -- =================================================================
2026-10-05 01:29:35,925	INFO logging_progress.py:174 -- ======= Running Dataset: dataset_034aFbLLofJdPxp7mBvWKA_0 =======
2026-10-05 01:29:35,925	INFO logging_progress.py:225 -- Total Progress: 0/?
2026-10-05 01:29:35,925	INFO logging_progress.py:227 -- Active & requested resources: 1/1 CPU, 59.0B/60.0MiB object store
2026-10-05 01:29:35,925	INFO logging_progress.py:181 -- 
2026-10-05 01:29:35,926	INFO logging_progress.py:231 -- ListFiles: 1/1
2026-10-05 01:29:35,926	INFO logging_progress.py:233 --   Tasks: 0; Actors: 0; Queued blocks: 0 (0.0B); Resources: 0.0 CPU, 59.0B object store
2026-10-05 01:29:35,926	INFO logging_progress.py:231 -- ReadFilesParquetV2->MapBatches(remove_required_nulls)->MapBatches(remove_duplicates)->...->Project: 0/1
2026-10-05 01:29:35,926	INFO logging_progress.py:233 --   Tasks: 1 [backpressured:tasks(ResourceBudget)]; Actors: 0; Queued blocks: 0 (0.0B); Resources: 1.0 CPU, 0.0B object store
2026-10-05 01:29:35,926	INFO logging_progress.py:231 -- Write: 0/1
2026-10-05 01:29:35,926	INFO logging_progress.py:233 --   Tasks: 0 [backpressured:tasks(ResourceBudget)]; Actors: 0; Queued blocks: 0 (0.0B); Resources: 0.0 CPU, 0.0B object store
2026-10-05 01:29:35,926	INFO logging_progress.py:192 -- =================================================================
2026-10-05 01:29:49,504	INFO logging_progress.py:174 -- ======= Running Dataset: dataset_034aFbLLofJdPxp7mBvWKA_0 =======
2026-10-05 01:29:49,508	INFO logging_progress.py:225 -- Total Progress: 0/?
2026-10-05 01:29:49,508	INFO logging_progress.py:227 -- Active & requested resources: 1/1 CPU, 59.0B/60.0MiB object store
2026-10-05 01:29:49,508	INFO logging_progress.py:181 -- 
2026-10-05 01:29:49,508	INFO logging_progress.py:231 -- ListFiles: 1/1
2026-10-05 01:29:49,508	INFO logging_progress.py:233 --   Tasks: 0; Actors: 0; Queued blocks: 0 (0.0B); Resources: 0.0 CPU, 59.0B object store
2026-10-05 01:29:49,508	INFO logging_progress.py:231 -- ReadFilesParquetV2->MapBatches(remove_required_nulls)->MapBatches(remove_duplicates)->...->Project: 0/1
2026-10-05 01:29:49,509	INFO logging_progress.py:233 --   Tasks: 1 [backpressured:tasks(ResourceBudget)]; Actors: 0; Queued blocks: 0 (0.0B); Resources: 1.0 CPU, 0.0B object store
2026-10-05 01:29:49,509	INFO logging_progress.py:231 -- Write: 0/1
2026-10-05 01:29:49,509	INFO logging_progress.py:233 --   Tasks: 0 [backpressured:tasks(ResourceBudget)]; Actors: 0; Queued blocks: 0 (0.0B); Resources: 0.0 CPU, 0.0B object store
2026-10-05 01:29:49,509	INFO logging_progress.py:192 -- =================================================================
2026-10-05 01:30:07,382	INFO logging_progress.py:174 -- ======= Running Dataset: dataset_034aFbLLofJdPxp7mBvWKA_0 =======
2026-10-05 01:30:07,383	INFO logging_progress.py:225 -- Total Progress: 0/?
2026-10-05 01:30:07,383	INFO logging_progress.py:227 -- Active & requested resources: 1/1 CPU, 59.0B/60.0MiB object store
2026-10-05 01:30:07,383	INFO logging_progress.py:181 -- 
2026-10-05 01:30:07,383	INFO logging_progress.py:231 -- ListFiles: 1/1
2026-10-05 01:30:07,384	INFO logging_progress.py:233 --   Tasks: 0; Actors: 0; Queued blocks: 0 (0.0B); Resources: 0.0 CPU, 59.0B object store
2026-10-05 01:30:07,384	INFO logging_progress.py:231 -- ReadFilesParquetV2->MapBatches(remove_required_nulls)->MapBatches(remove_duplicates)->...->Project: 0/1
2026-10-05 01:30:07,384	INFO logging_progress.py:233 --   Tasks: 1 [backpressured:tasks(ResourceBudget)]; Actors: 0; Queued blocks: 0 (0.0B); Resources: 1.0 CPU, 0.0B object store
2026-10-05 01:30:07,384	INFO logging_progress.py:231 -- Write: 0/1
2026-10-05 01:30:07,386	INFO logging_progress.py:233 --   Tasks: 0 [backpressured:tasks(ResourceBudget)]; Actors: 0; Queued blocks: 0 (0.0B); Resources: 0.0 CPU, 0.0B object store
2026-10-05 01:30:07,394	INFO logging_progress.py:192 -- =================================================================
/home/sidhartha/miniconda/envs/spark-ray-a3/lib/python3.11/site-packages/ray/data/_internal/execution/operators/task_pool_map_operator.py:273: UserWarning: The maximum number of concurrent tasks for 'Write' is set to 2, but the operator only received 1 input(s). This means that the operator can launch at most 1 task(s), which is less than the concurrency limit. You might be able to increase the number of concurrent tasks by configuring `override_num_blocks` earlier in the pipeline.
  warnings.warn(
2026-10-05 01:30:17,845	INFO logging_progress.py:174 -- ======= Running Dataset: dataset_034aFbLLofJdPxp7mBvWKA_0 =======
2026-10-05 01:30:17,849	INFO logging_progress.py:225 -- Total Progress: 0/?
2026-10-05 01:30:17,849	INFO logging_progress.py:227 -- Active & requested resources: 1/1 CPU, 896.0MiB/60.0MiB object store
2026-10-05 01:30:17,850	INFO logging_progress.py:181 -- 
2026-10-05 01:30:17,850	INFO logging_progress.py:231 -- ListFiles: 1/1
2026-10-05 01:30:17,851	INFO logging_progress.py:233 --   Tasks: 0; Actors: 0; Queued blocks: 0 (0.0B); Resources: 0.0 CPU, 0.0B object store
2026-10-05 01:30:17,856	INFO logging_progress.py:231 -- ReadFilesParquetV2->MapBatches(remove_required_nulls)->MapBatches(remove_duplicates)->...->Project: 4011193/4011193
2026-10-05 01:30:17,858	INFO logging_progress.py:233 --   Tasks: 0; Actors: 0; Queued blocks: 0 (0.0B); Resources: 0.0 CPU, 896.0MiB object store
2026-10-05 01:30:17,872	INFO logging_progress.py:231 -- Write: 0/1
2026-10-05 01:30:17,878	INFO logging_progress.py:233 --   Tasks: 1 [backpressured:tasks(ResourceBudget)]; Actors: 0; Queued blocks: 0 (0.0B); Resources: 1.0 CPU, 0.0B object store
2026-10-05 01:30:17,878	INFO logging_progress.py:192 -- =================================================================
2026-10-05 01:30:19,082	INFO streaming_executor.py:365 -- ✔️  Dataset dataset_034aFbLLofJdPxp7mBvWKA_0 execution finished in 73.39 seconds
2026-10-05 01:30:19,654	INFO dataset.py:6680 -- Data sink Parquet finished. 4011193 rows and 893.1MiB data written.
2026-10-05 01:30:19,962	INFO streaming_executor.py:214 -- Starting execution of Dataset dataset_034aFdE2IjzVvJguzeUD4v_0. Full logs are in /home/sidhartha/raytmp/session/session_2026-10-05_01-05-09_595998_75883/logs/ray-data
2026-10-05 01:30:19,962	INFO streaming_executor.py:215 -- Execution plan of Dataset dataset_034aFdE2IjzVvJguzeUD4v_0: InputDataBuffer[Input] -> TaskPoolMapOperator[ListFiles] -> TaskPoolMapOperator[ReadFilesParquetV2->MapBatches(remove_required_nulls)->MapBatches(remove_duplicates)->MapBatches(filter_invalid_trips)->MapBatches(add_timestamp_features)->MapBatches(join_location_lookup)->MapBatches(add_average_speed)->Project] -> TaskPoolMapOperator[Write]
2026-10-05 01:30:20,320	INFO logging_progress.py:174 -- ======= Running Dataset: dataset_034aFdE2IjzVvJguzeUD4v_0 =======
2026-10-05 01:30:20,320	INFO logging_progress.py:225 -- Total Progress: 0/?
2026-10-05 01:30:20,320	INFO logging_progress.py:227 -- Active & requested resources: 0/0 CPU, 0.0B/0.0B object store
2026-10-05 01:30:20,320	INFO logging_progress.py:181 -- 
2026-10-05 01:30:20,321	INFO logging_progress.py:231 -- ListFiles: 0/1
2026-10-05 01:30:20,321	INFO logging_progress.py:233 --   Tasks: 1; Actors: 0; Queued blocks: 0 (0.0B); Resources: 1.0 CPU, 0.0B object store
2026-10-05 01:30:20,321	INFO logging_progress.py:231 -- ReadFilesParquetV2->MapBatches(remove_required_nulls)->MapBatches(remove_duplicates)->...->Project: 0/1
2026-10-05 01:30:20,321	INFO logging_progress.py:233 --   Tasks: 0 [backpressured:tasks(ResourceBudget)]; Actors: 0; Queued blocks: 0 (0.0B); Resources: 0.0 CPU, 0.0B object store
2026-10-05 01:30:20,321	INFO logging_progress.py:231 -- Write: 0/1
2026-10-05 01:30:20,321	INFO logging_progress.py:233 --   Tasks: 0 [backpressured:tasks(ResourceBudget)]; Actors: 0; Queued blocks: 0 (0.0B); Resources: 0.0 CPU, 0.0B object store
2026-10-05 01:30:20,321	INFO logging_progress.py:192 -- =================================================================
2026-10-05 01:30:30,338	INFO logging_progress.py:174 -- ======= Running Dataset: dataset_034aFdE2IjzVvJguzeUD4v_0 =======
2026-10-05 01:30:30,338	INFO logging_progress.py:225 -- Total Progress: 0/?
2026-10-05 01:30:30,338	INFO logging_progress.py:227 -- Active & requested resources: 1/1 CPU, 59.0B/60.0MiB object store
2026-10-05 01:30:30,339	INFO logging_progress.py:181 -- 
2026-10-05 01:30:30,339	INFO logging_progress.py:231 -- ListFiles: 1/1
2026-10-05 01:30:30,339	INFO logging_progress.py:233 --   Tasks: 0; Actors: 0; Queued blocks: 0 (0.0B); Resources: 0.0 CPU, 59.0B object store
2026-10-05 01:30:30,339	INFO logging_progress.py:231 -- ReadFilesParquetV2->MapBatches(remove_required_nulls)->MapBatches(remove_duplicates)->...->Project: 0/1
2026-10-05 01:30:30,339	INFO logging_progress.py:233 --   Tasks: 1 [backpressured:tasks(ResourceBudget)]; Actors: 0; Queued blocks: 0 (0.0B); Resources: 1.0 CPU, 0.0B object store
2026-10-05 01:30:30,339	INFO logging_progress.py:231 -- Write: 0/1
2026-10-05 01:30:30,339	INFO logging_progress.py:233 --   Tasks: 0 [backpressured:tasks(ResourceBudget)]; Actors: 0; Queued blocks: 0 (0.0B); Resources: 0.0 CPU, 0.0B object store
2026-10-05 01:30:30,339	INFO logging_progress.py:192 -- =================================================================
2026-10-05 01:30:40,406	INFO logging_progress.py:174 -- ======= Running Dataset: dataset_034aFdE2IjzVvJguzeUD4v_0 =======
2026-10-05 01:30:40,407	INFO logging_progress.py:225 -- Total Progress: 0/?
2026-10-05 01:30:40,407	INFO logging_progress.py:227 -- Active & requested resources: 1/1 CPU, 59.0B/60.0MiB object store
2026-10-05 01:30:40,407	INFO logging_progress.py:181 -- 
2026-10-05 01:30:40,407	INFO logging_progress.py:231 -- ListFiles: 1/1
2026-10-05 01:30:40,407	INFO logging_progress.py:233 --   Tasks: 0; Actors: 0; Queued blocks: 0 (0.0B); Resources: 0.0 CPU, 59.0B object store
2026-10-05 01:30:40,407	INFO logging_progress.py:231 -- ReadFilesParquetV2->MapBatches(remove_required_nulls)->MapBatches(remove_duplicates)->...->Project: 0/1
2026-10-05 01:30:40,407	INFO logging_progress.py:233 --   Tasks: 1 [backpressured:tasks(ResourceBudget)]; Actors: 0; Queued blocks: 0 (0.0B); Resources: 1.0 CPU, 0.0B object store
2026-10-05 01:30:40,407	INFO logging_progress.py:231 -- Write: 0/1
2026-10-05 01:30:40,407	INFO logging_progress.py:233 --   Tasks: 0 [backpressured:tasks(ResourceBudget)]; Actors: 0; Queued blocks: 0 (0.0B); Resources: 0.0 CPU, 0.0B object store
2026-10-05 01:30:40,407	INFO logging_progress.py:192 -- =================================================================
2026-10-05 01:30:50,500	INFO logging_progress.py:174 -- ======= Running Dataset: dataset_034aFdE2IjzVvJguzeUD4v_0 =======
2026-10-05 01:30:50,500	INFO logging_progress.py:225 -- Total Progress: 0/?
2026-10-05 01:30:50,500	INFO logging_progress.py:227 -- Active & requested resources: 1/1 CPU, 59.0B/60.0MiB object store
2026-10-05 01:30:50,500	INFO logging_progress.py:181 -- 
2026-10-05 01:30:50,501	INFO logging_progress.py:231 -- ListFiles: 1/1
2026-10-05 01:30:50,501	INFO logging_progress.py:233 --   Tasks: 0; Actors: 0; Queued blocks: 0 (0.0B); Resources: 0.0 CPU, 59.0B object store
2026-10-05 01:30:50,501	INFO logging_progress.py:231 -- ReadFilesParquetV2->MapBatches(remove_required_nulls)->MapBatches(remove_duplicates)->...->Project: 0/1
2026-10-05 01:30:50,501	INFO logging_progress.py:233 --   Tasks: 1 [backpressured:tasks(ResourceBudget)]; Actors: 0; Queued blocks: 0 (0.0B); Resources: 1.0 CPU, 0.0B object store
2026-10-05 01:30:50,501	INFO logging_progress.py:231 -- Write: 0/1
2026-10-05 01:30:50,501	INFO logging_progress.py:233 --   Tasks: 0 [backpressured:tasks(ResourceBudget)]; Actors: 0; Queued blocks: 0 (0.0B); Resources: 0.0 CPU, 0.0B object store
2026-10-05 01:30:50,501	INFO logging_progress.py:192 -- =================================================================
2026-10-05 01:31:14,899	INFO logging_progress.py:174 -- ======= Running Dataset: dataset_034aFdE2IjzVvJguzeUD4v_0 =======
2026-10-05 01:31:14,923	INFO logging_progress.py:225 -- Total Progress: 0/?
2026-10-05 01:31:14,923	INFO logging_progress.py:227 -- Active & requested resources: 1/1 CPU, 59.0B/60.0MiB object store
2026-10-05 01:31:14,923	INFO logging_progress.py:181 -- 
2026-10-05 01:31:14,923	INFO logging_progress.py:231 -- ListFiles: 1/1
2026-10-05 01:31:14,924	INFO logging_progress.py:233 --   Tasks: 0; Actors: 0; Queued blocks: 0 (0.0B); Resources: 0.0 CPU, 59.0B object store
2026-10-05 01:31:14,924	INFO logging_progress.py:231 -- ReadFilesParquetV2->MapBatches(remove_required_nulls)->MapBatches(remove_duplicates)->...->Project: 0/1
2026-10-05 01:31:14,924	INFO logging_progress.py:233 --   Tasks: 1 [backpressured:tasks(ResourceBudget)]; Actors: 0; Queued blocks: 0 (0.0B); Resources: 1.0 CPU, 0.0B object store
2026-10-05 01:31:14,924	INFO logging_progress.py:231 -- Write: 0/1
2026-10-05 01:31:14,924	INFO logging_progress.py:233 --   Tasks: 0 [backpressured:tasks(ResourceBudget)]; Actors: 0; Queued blocks: 0 (0.0B); Resources: 0.0 CPU, 0.0B object store
2026-10-05 01:31:14,924	INFO logging_progress.py:192 -- =================================================================
2026-10-05 01:31:24,990	INFO logging_progress.py:174 -- ======= Running Dataset: dataset_034aFdE2IjzVvJguzeUD4v_0 =======
2026-10-05 01:31:24,990	INFO logging_progress.py:225 -- Total Progress: 0/?
2026-10-05 01:31:24,991	INFO logging_progress.py:227 -- Active & requested resources: 1/1 CPU, 59.0B/60.0MiB object store
2026-10-05 01:31:24,991	INFO logging_progress.py:181 -- 
2026-10-05 01:31:24,993	INFO logging_progress.py:231 -- ListFiles: 1/1
2026-10-05 01:31:24,993	INFO logging_progress.py:233 --   Tasks: 0; Actors: 0; Queued blocks: 0 (0.0B); Resources: 0.0 CPU, 59.0B object store
2026-10-05 01:31:24,994	INFO logging_progress.py:231 -- ReadFilesParquetV2->MapBatches(remove_required_nulls)->MapBatches(remove_duplicates)->...->Project: 0/1
2026-10-05 01:31:24,994	INFO logging_progress.py:233 --   Tasks: 1 [backpressured:tasks(ResourceBudget)]; Actors: 0; Queued blocks: 0 (0.0B); Resources: 1.0 CPU, 0.0B object store
2026-10-05 01:31:24,995	INFO logging_progress.py:231 -- Write: 0/1
2026-10-05 01:31:24,995	INFO logging_progress.py:233 --   Tasks: 0 [backpressured:tasks(ResourceBudget)]; Actors: 0; Queued blocks: 0 (0.0B); Resources: 0.0 CPU, 0.0B object store
2026-10-05 01:31:24,995	INFO logging_progress.py:192 -- =================================================================
/home/sidhartha/miniconda/envs/spark-ray-a3/lib/python3.11/site-packages/ray/data/_internal/execution/operators/task_pool_map_operator.py:273: UserWarning: The maximum number of concurrent tasks for 'Write' is set to 2, but the operator only received 1 input(s). This means that the operator can launch at most 1 task(s), which is less than the concurrency limit. You might be able to increase the number of concurrent tasks by configuring `override_num_blocks` earlier in the pipeline.
  warnings.warn(
[33m(raylet)[0m [2026-10-05 01:31:31,478 E 76289 76301] (raylet) file_system_monitor.cc:116: /home/sidhartha/raytmp/spill is over 95% full, available space: 1.89946 GB; capacity: 38.0393 GB. Object creation will fail if spilling is required.
2026-10-05 01:31:35,078	INFO logging_progress.py:174 -- ======= Running Dataset: dataset_034aFdE2IjzVvJguzeUD4v_0 =======
2026-10-05 01:31:35,079	INFO logging_progress.py:225 -- Total Progress: 0/?
2026-10-05 01:31:35,079	INFO logging_progress.py:227 -- Active & requested resources: 1/1 CPU, 915.2MiB/60.0MiB object store
2026-10-05 01:31:35,079	INFO logging_progress.py:181 -- 
2026-10-05 01:31:35,079	INFO logging_progress.py:231 -- ListFiles: 1/1
2026-10-05 01:31:35,080	INFO logging_progress.py:233 --   Tasks: 0; Actors: 0; Queued blocks: 0 (0.0B); Resources: 0.0 CPU, 0.0B object store
2026-10-05 01:31:35,080	INFO logging_progress.py:231 -- ReadFilesParquetV2->MapBatches(remove_required_nulls)->MapBatches(remove_duplicates)->...->Project: 4096385/4096385
2026-10-05 01:31:35,080	INFO logging_progress.py:233 --   Tasks: 0; Actors: 0; Queued blocks: 0 (0.0B); Resources: 0.0 CPU, 915.2MiB object store
2026-10-05 01:31:35,080	INFO logging_progress.py:231 -- Write: 0/1
2026-10-05 01:31:35,080	INFO logging_progress.py:233 --   Tasks: 1 [backpressured:tasks(ResourceBudget)]; Actors: 0; Queued blocks: 0 (0.0B); Resources: 1.0 CPU, 0.0B object store
2026-10-05 01:31:35,080	INFO logging_progress.py:192 -- =================================================================
2026-10-05 01:31:36,364	INFO streaming_executor.py:365 -- ✔️  Dataset dataset_034aFdE2IjzVvJguzeUD4v_0 execution finished in 76.40 seconds
2026-10-05 01:31:36,793	INFO dataset.py:6680 -- Data sink Parquet finished. 4096385 rows and 911.9MiB data written.

[16/35] Processing 2024-05
Input: data/raw/yellow/yellow_tripdata_2024-05.parquet
============================================================
Completed 2024-05: 3,673,950 rows, 56.32 seconds

============================================================
[17/35] Processing 2024-06
Input: data/raw/yellow/yellow_tripdata_2024-06.parquet
============================================================
Completed 2024-06: 3,486,179 rows, 46.41 seconds

============================================================
[18/35] Processing 2024-07
Input: data/raw/yellow/yellow_tripdata_2024-07.parquet
============================================================
Completed 2024-07: 3,028,800 rows, 46.07 seconds

============================================================
[19/35] Processing 2024-08
Input: data/raw/yellow/yellow_tripdata_2024-08.parquet
============================================================
Completed 2024-08: 2,921,720 rows, 37.39 seconds

============================================================
[20/35] Processing 2024-09
Input: data/raw/yellow/yellow_tripdata_2024-09.parquet
============================================================
Completed 2024-09: 3,551,821 rows, 49.49 seconds

============================================================
[21/35] Processing 2024-10
Input: data/raw/yellow/yellow_tripdata_2024-10.parquet
============================================================
Completed 2024-10: 3,752,055 rows, 50.85 seconds

============================================================
[22/35] Processing 2024-11
Input: data/raw/yellow/yellow_tripdata_2024-11.parquet
============================================================
Completed 2024-11: 3,576,933 rows, 48.36 seconds

============================================================
[23/35] Processing 2024-12
Input: data/raw/yellow/yellow_tripdata_2024-12.parquet
============================================================
Completed 2024-12: 3,592,555 rows, 51.45 seconds

============================================================
[24/35] Processing 2025-01
Input: data/raw/yellow/yellow_tripdata_2025-01.parquet
============================================================
Completed 2025-01: 3,382,974 rows, 50.18 seconds

============================================================
[25/35] Processing 2025-02
Input: data/raw/yellow/yellow_tripdata_2025-02.parquet
============================================================
Completed 2025-02: 3,473,274 rows, 52.66 seconds

============================================================
[26/35] Processing 2025-03
Input: data/raw/yellow/yellow_tripdata_2025-03.parquet
============================================================
Completed 2025-03: 4,020,017 rows, 66.63 seconds

============================================================
[27/35] Processing 2025-04
Input: data/raw/yellow/yellow_tripdata_2025-04.parquet
============================================================
Completed 2025-04: 3,845,182 rows, 69.69 seconds

============================================================
[28/35] Processing 2025-05
Input: data/raw/yellow/yellow_tripdata_2025-05.parquet
============================================================
Completed 2025-05: 4,387,975 rows, 75.37 seconds

============================================================
[29/35] Processing 2025-06
Input: data/raw/yellow/yellow_tripdata_2025-06.parquet
============================================================
Completed 2025-06: 4,121,495 rows, 69.18 seconds

============================================================
[30/35] Processing 2025-07
Input: data/raw/yellow/yellow_tripdata_2025-07.parquet
============================================================
Completed 2025-07: 3,720,634 rows, 62.19 seconds

============================================================
[31/35] Processing 2025-08
Input: data/raw/yellow/yellow_tripdata_2025-08.parquet
============================================================
Completed 2025-08: 3,422,739 rows, 69.28 seconds

============================================================
[32/35] Processing 2025-09
Input: data/raw/yellow/yellow_tripdata_2025-09.parquet
============================================================
Completed 2025-09: 4,070,556 rows, 79.29 seconds

============================================================
[33/35] Processing 2025-10
Input: data/raw/yellow/yellow_tripdata_2025-10.parquet
============================================================
Completed 2025-10: 4,236,467 rows, 76.10 seconds

============================================================
[34/35] Processing 2025-11
Input: data/raw/yellow/yellow_tripdata_2025-11.parquet
============================================================
Completed 2025-11: 4,011,193 rows, 74.08 seconds

============================================================
[35/35] Processing 2025-12
Input: data/raw/yellow/yellow_tripdata_2025-12.parquet
============================================================
Completed 2025-12: 4,096,385 rows, 77.08 seconds

============================================================
RAY PIPELINE COMPLETE
============================================================
Months processed: 35
Total rows: 121,692,576
Total runtime: 1554.14 seconds
Total output: 3.52 GiB
Output: output/ray/cleaned_taxi
Monthly metrics: results/ray_monthly_results.csv
[33m(raylet)[0m Raylet is terminated. Termination is unexpected. Possible reasons include: (1) SIGKILL by the user or system OOM killer, (2) Invalid memory access from Raylet causing SIGSEGV or SIGBUS, (3) Other termination signals. Last 20 lines of the Raylet logs:
    [state-dump] 	ray::rpc::NodeInfoGcsService.grpc_client.GetAllNodeAddressAndLiveness - 1 total (0 active), Execution time: mean = 4.70ms, total = 4.70ms, Queueing time: mean = 0.00ms, max = -0.00ms, min = 9223372036854.78ms, total = 0.00ms
    [state-dump] 	NodeManager.GCTaskFailureReason - 1 total (1 active), Execution time: mean = 0.00ms, total = 0.00ms, Queueing time: mean = 0.00ms, max = -0.00ms, min = 9223372036854.78ms, total = 0.00ms
    [state-dump] 	NodeManager.GCCancelledLeaseTombstones - 1 total (1 active), Execution time: mean = 0.00ms, total = 0.00ms, Queueing time: mean = 0.00ms, max = -0.00ms, min = 9223372036854.78ms, total = 0.00ms
    [state-dump] 	ray::rpc::InternalKVGcsService.grpc_client.GetInternalConfig.OnReplyReceived - 1 total (0 active), Execution time: mean = 1678.81ms, total = 1678.81ms, Queueing time: mean = 0.03ms, max = 0.03ms, min = 0.03ms, total = 0.03ms
    [state-dump] 	ray::rpc::NodeInfoGcsService.grpc_client.RegisterNode - 1 total (0 active), Execution time: mean = 2.06ms, total = 2.06ms, Queueing time: mean = 0.00ms, max = -0.00ms, min = 9223372036854.78ms, total = 0.00ms
    [state-dump] 	ray::rpc::JobInfoGcsService.grpc_client.GetAllJobInfo - 1 total (0 active), Execution time: mean = 0.97ms, total = 0.97ms, Queueing time: mean = 0.00ms, max = -0.00ms, min = 9223372036854.78ms, total = 0.00ms
    [state-dump] 	ReporterService.grpc_client.HealthCheck.OnReplyReceived - 1 total (0 active), Execution time: mean = 0.16ms, total = 0.16ms, Queueing time: mean = 0.28ms, max = 0.28ms, min = 0.28ms, total = 0.28ms
    [state-dump] 	ReporterService.grpc_client.HealthCheck - 1 total (0 active), Execution time: mean = 2.74ms, total = 2.74ms, Queueing time: mean = 0.00ms, max = -0.00ms, min = 9223372036854.78ms, total = 0.00ms
    [state-dump] 	ray::rpc::NodeInfoGcsService.grpc_client.RegisterNode.OnReplyReceived - 1 total (0 active), Execution time: mean = 0.86ms, total = 0.86ms, Queueing time: mean = 0.19ms, max = 0.19ms, min = 0.19ms, total = 0.19ms
    [state-dump] 	ray::rpc::InternalKVGcsService.grpc_client.GetInternalConfig - 1 total (0 active), Execution time: mean = 1.90ms, total = 1.90ms, Queueing time: mean = 0.00ms, max = -0.00ms, min = 9223372036854.78ms, total = 0.00ms
    [state-dump] 	ray::rpc::JobInfoGcsService.grpc_client.GetAllJobInfo.OnReplyReceived - 1 total (0 active), Execution time: mean = 0.03ms, total = 0.03ms, Queueing time: mean = 0.06ms, max = 0.06ms, min = 0.06ms, total = 0.06ms
    [state-dump] 	ray::rpc::NodeInfoGcsService.grpc_client.GetAllNodeAddressAndLiveness.OnReplyReceived - 1 total (0 active), Execution time: mean = 0.21ms, total = 0.21ms, Queueing time: mean = 0.27ms, max = 0.27ms, min = 0.27ms, total = 0.27ms
    [state-dump] DebugString() time ms: 10
    [state-dump] 
    [state-dump] 
    [2026-10-05 01:08:13,660 W 76186 76225] (raylet) memory_monitor_utils.cc:437: Got negative used memory for cgroup -1, setting it to zero
    [2026-10-05 01:08:16,133 I 76186 76186] (raylet) node_manager.cc:3001: Sending Python GC request to 4 local workers to clean up Python cyclic references.
    [2026-10-05 01:08:18,676 W 76186 76225] (raylet) memory_monitor_utils.cc:437: Got negative used memory for cgroup -1, setting it to zero
    [2026-10-05 01:08:23,687 W 76186 76225] (raylet) memory_monitor_utils.cc:437: Got negative used memory for cgroup -1, setting it to zero
    [2026-10-05 01:08:24,587 I 76186 76186] (raylet) accessor.cc:475: Received address and liveness notification for node, IsAlive = 0 node_id=ee95208395ea30473bd50f48211ff23653b557d7ae7e3d4cc2c9c9e1
[33m(raylet)[0m [2026-10-05 01:31:31,480 E 76186 76202] (raylet) file_system_monitor.cc:116: /home/sidhartha/raytmp/spill is over 95% full, available space: 1.89946 GB; capacity: 38.0393 GB. Object creation will fail if spilling is required.

